usuario_id,nombre_completo,email,telefono,edad,genero,pais,ciudad_envio,estado_cuenta,fecha_registro,n_pedidos,gasto_total,ticket_medio,pedidos_tarde,rating_medio,origen_dato
1,Amador Guevara,maitecalatayud@example.net,+34 949 001 338,19.0,Otro,Perú,Arequipa,Activo,2025-01-15,0.0,0.0,,0.0,,regex
2,Estefanía Villalpando,crespoluisa@example.com,351-161-5594,75.0,Otro,Perú,Cusco,Activo,2025-07-18,1.0,1537.12,1537.12,0.0,,regex
3,Ágata Berríos,reynaldo31@example.org,+34 888 13 16 47,,,México,Guadalajara,Activo,2023-11-05,1.0,3205.9,3205.9,0.0,,regex
4,Enrique Becerra,fernandosevilla@example.com,835-030-5641x39537,46.0,Otro,Colombia,Medellín,Activo,2026-01-04,0.0,0.0,,0.0,,regex
5,Claudio Chávez,margarita96@example.net.,328.710.1226,62.0,F,España,Sevilla,Activo,2024-07-05,2.0,8719.11,4359.555,0.0,5.0,regex
6,Óliver Uribe,lasamaria-jose@example.net,04627048281,23.0,F,Argentina,Rosario,Activo,2025-11-18,1.0,302.42,302.42,0.0,,regex
7,Ezequiel Cuellar,amaya01@example.com,039.117.1822,,,Venezuela,Valencia,Suspendido,2026-03-13,3.0,6559.9,2186.633333333333,1.0,2.0,regex
8,Juan Manuel Galarza,sabas57@example.net.,03315098393,63.0,M,Chile,Concepción,Activo,2023-07-27,3.0,5233.19,1744.3966666666665,1.0,4.5,regex
9,Jenaro Angulo,serranoeva@example.com,1-829-973-7631,47.0,,Colombia,Barranquilla,Activo,2025-05-02,4.0,14925.84,3731.46,0.0,4.0,regex
10,Luisa Robles,barrerasamuel@example.net,03338726247,61.0,,Argentina,Rosario,Activo,2025-12-24,5.0,12238.16,2447.632,0.0,5.0,regex
11,Venceslás Ayuso,guzmanflavio@example.com,360.260.6474x687,47.0,F,México,Mérida,Activo,2023-12-05,0.0,0.0,,0.0,,regex
12,Bautista Mir,tapiaani@example.net,+34807812191,53.0,M,Perú,Trujillo,Activo,2024-07-26,3.0,1507.4799999999998,502.4933333333333,0.0,4.5,regex
13,Cristina Bilbao,francisca35@example.org,247-510-7991x183,,M,Venezuela,Maturín,Activo,2023-10-03,1.0,10510.89,10510.89,0.0,5.0,regex
14,Ángela Peiró,marcelatorrez@example.net,808.412.4118,31.0,,Perú,Arequipa,Inactivo,2025-07-05,1.0,2348.25,2348.25,0.0,,regex
15,Jacinta Santiago,amelia16@example.com,+34652 427 868,,Otro,México,Monterrey,Activo,2023-09-10,4.0,3821.31,955.3275,0.0,5.0,regex
16,Caridad Peiró,ccastell@example.com,+53(3)1586923226,26.0,Otro,Argentina,Rosario,Inactivo,2023-11-23,3.0,9635.77,3211.9233333333336,1.0,1.0,regex
17,Lilia Lasa,pineirosalud@example.org,375.433.0365,,Otro,México,Ciudad de México,Inactivo,2025-12-13,1.0,675.12,675.12,0.0,,regex
18,Jerónimo Terán,carrillofrancisca@example.org,+19(6)5569816934,,Otro,Colombia,Cartagena,Activo,2025-06-25,3.0,4843.33,1614.4433333333334,0.0,,regex
19,Aurora Pascual,menendezsofia@example.com,+34 901846564,67.0,Otro,Venezuela,Valencia,Activo,2023-12-07,4.0,5088.05,1272.0125,0.0,4.0,regex
20,Zoé Mascaró,maestasgonzalo@example.org,1-957-773-8721x4895,34.0,,Perú,Cusco,Activo,2025-10-23,0.0,0.0,,0.0,,regex
21,Hortensia Garza,amadorarteaga@example.org.,176.936.7632x0163,,Otro,Argentina,Córdoba,Activo,2025-10-08,1.0,785.55,785.55,0.0,,regex
22,Amador Carrión,marisoltamez@example.net,1-986-872-7743x487,49.0,M,Chile,Temuco,Activo,2024-03-06,0.0,0.0,,0.0,,regex
23,Leyre Gollum,indira81@example.org,+34 878 62 31 66,33.0,M,Venezuela,Caracas,Activo,2024-12-25,1.0,6744.5,6744.5,0.0,,regex
24,Anel Rivera,velasquezjuan@example.com,+34 926 466 889,64.0,F,España,Sevilla,Activo,2024-10-27,1.0,179.46,179.46,0.0,,regex
25,Marco Antonio Anaya,yolanda62@example.com,+34 987 069 901,26.0,Otro,Chile,Santiago,Inactivo,2023-10-06,3.0,3832.2999999999997,1277.4333333333332,0.0,,regex
26,Dulce Juan,eric75@example.com,641-708-0531,51.0,Otro,México,Tijuana,Inactivo,2025-08-14,3.0,11954.52,3984.84,0.0,5.0,regex
27,Heraclio Corominas,ainaracarbo@example.net,+34 975 45 29 91,62.0,M,Chile,La Serena,Activo,2026-04-02,2.0,6809.27,3404.635,0.0,,regex
28,Cristina Mesa,efarias@example.net,+34 826 49 19 05,,M,Chile,Concepción,Activo,2025-05-05,5.0,12611.74,2522.348,1.0,3.0,regex
29,Antonia Alcala,bcaraballo@example.com,1-262-849-8776x94531,32.0,M,México,Guadalajara,Activo,2026-01-01,1.0,2369.73,2369.73,0.0,4.0,regex
30,Maricela Vargas,alicia75@example.org,1-545-494-8083,,Otro,España,Valencia,Activo,2024-01-30,1.0,1124.94,1124.94,0.0,,regex
31,Minerva Tamayo,falfaro@example.com,+34 946 349 578,54.0,F,Perú,Chiclayo,Activo,2024-08-19,3.0,1278.99,426.33,2.0,1.0,regex
32,Jesús Juárez,esther13@example.com,+34 987 23 37 49,30.0,M,Venezuela,Barcelona,Activo,2026-04-19,3.0,4202.41,1400.8033333333333,1.0,,regex
33,Manu Paniagua,alberto82@example.com.,+34 807842710,21.0,Otro,Colombia,Bucaramanga,Activo,2024-10-06,2.0,358.69,179.345,0.0,3.0,regex
34,Jacinto Aznar,ecarrera@example.com,09022941318,30.0,Otro,México,Guadalajara,Inactivo,2025-03-05,0.0,0.0,,0.0,,regex
35,Maura Raya,rolando64@example.net.,+34825 33 41 23,46.0,,México,Monterrey,Activo,2025-01-04,2.0,12829.269999999999,6414.634999999999,0.0,,regex
36,Abilio Raya,alonso34@example.net,1-713-493-6183x24210,49.0,F,México,Puebla,Activo,2025-09-25,4.0,5983.78,1495.945,0.0,,regex
37,Marcela Solís,gjurado@example.net.,1-190-659-4013,42.0,M,España,Valencia,Inactivo,2025-01-31,2.0,2987.5699999999997,1493.7849999999999,0.0,,regex
38,Adoración Ledesma,ftellez@example.com,(551)256-7468x071,68.0,Otro,Perú,Lima,Inactivo,2024-02-11,2.0,5025.01,2512.505,0.0,,regex
39,María Teresa Serrano,dreyes@example.org.,770.348.2477x1093,,M,Chile,Temuco,Activo,2024-04-15,1.0,48.68,48.68,0.0,,regex
40,Carmina Cabán,serranodesiderio@example.net.,+34 981 484 677,50.0,M,México,Monterrey,Activo,2024-09-22,2.0,798.03,399.015,0.0,5.0,regex
41,Rodolfo Verdejo,llorentemaria-teresa@example.com,404-499-7278x7558,25.0,Otro,México,Puebla,Activo,2024-09-21,1.0,1125.39,1125.39,0.0,,regex
42,Elena Piñol,uarranz@example.net,1-662-702-8951x71870,55.0,,Colombia,Cartagena,Suspendido,2024-08-02,4.0,6740.6,1685.15,2.0,3.5,regex
43,Carlito Jaimes,vblanco@example.net,1-780-913-4316,33.0,F,Perú,Trujillo,Inactivo,2025-08-21,7.0,9552.55,1364.6499999999999,0.0,4.0,regex
44,Vicente Marí,moratanatividad@example.org,562.386.9222,18.0,F,Venezuela,Barquisimeto,Suspendido,2025-03-09,4.0,9646.43,2411.6075,0.0,3.5,regex
45,Silvano Valenciano,inigoizquierdo@example.com,074)821-7594,,M,España,Barcelona,Suspendido,2025-12-01,1.0,992.98,992.98,0.0,3.0,regex
46,Jordi Vázquez,gustavo06@example.com,+34 806 97 43 95,,,México,Monterrey,Activo,2025-04-07,2.0,1779.88,889.94,0.0,4.0,regex
47,Victoria Caballero,modesta70@example.net,214.562.3285x88424,,M,Perú,Lima,Activo,2026-04-05,2.0,6945.16,3472.58,1.0,3.0,regex
48,Ivonne Solís,mariselagonzalez@example.net,(516)048-1754x9651,36.0,,México,Mérida,Activo,2024-10-08,2.0,930.1700000000001,465.08500000000004,0.0,3.0,regex
49,Santiago Barroso,violeta61@example.org,+34 800 47 11 38,50.0,F,Venezuela,Barquisimeto,Activo,2024-07-09,0.0,0.0,,0.0,,regex
50,Yuridia Villagómez,fcabeza@example.net,053-773-5158,23.0,Otro,Venezuela,Barcelona,Inactivo,2023-07-16,2.0,732.27,366.135,0.0,5.0,regex
51,Elias Sanz,felisaalmazan@example.org,293.183.9335,39.0,,España,Bilbao,Activo,2025-09-21,2.0,2288.88,1144.44,0.0,5.0,regex
52,Leonel Castillo,blancaalvarez@example.org.,+34 927 395 024,,M,Chile,Concepción,Activo,2023-09-26,0.0,0.0,,0.0,,regex
53,Olivia Bartolomé,gnajera@example.net,+34 973 839 084,20.0,F,Colombia,Cartagena,Activo,2025-04-15,5.0,15010.769999999999,3002.1539999999995,0.0,,regex
54,Benjamín Padilla,salasmaria@example.org,+34920 92 12 49,,F,Venezuela,Maracaibo,Activo,2024-07-01,3.0,24918.129999999997,8306.043333333333,1.0,3.0,regex
55,María Elena Camacho,titosanmiguel@example.org,1-766-156-5452,57.0,Otro,Venezuela,Barquisimeto,Activo,2023-07-23,4.0,12370.83,3092.7075,0.0,4.666666666666667,regex
56,Ciro Caldera,pilarbalderas@example.net,165)604-9451,69.0,M,México,Ciudad de México,Inactivo,2025-11-24,3.0,787.23,262.41,1.0,3.0,regex
57,Pilar Carrero,luis-miguelvalentin@example.net.,+34884 024 455,73.0,Otro,Venezuela,Caracas,Activo,2023-11-25,1.0,12805.6,12805.6,1.0,,regex
58,Clarisa Barrios,bravomargarita@example.net.,+34 941675254,32.0,,Venezuela,Valencia,Inactivo,2025-09-08,3.0,1146.75,382.25,0.0,5.0,regex
59,Sol Cortés,bilbaolalo@example.com.,976.438.1561x497,30.0,F,España,Barcelona,Activo,2023-06-29,3.0,518.88,172.96,0.0,,regex
60,Rufino Aguilera,hector24@example.com,00762268388,59.0,,Argentina,Mendoza,Inactivo,2023-07-28,6.0,16142.86,2690.476666666667,2.0,3.0,regex
61,Tristán Segura,coral69@example.com,160)529-7516,55.0,,Argentina,Córdoba,Activo,2024-02-01,3.0,1344.1,448.0333333333333,1.0,1.0,regex
62,Ofelia Priego,estela52@example.org,+34986 835 523,50.0,M,Colombia,Cartagena,Inactivo,2023-10-18,3.0,4282.28,1427.4266666666665,0.0,4.5,regex
63,Fulgencio Benet,wsimo@example.net,995)527-1774,,,México,Guadalajara,Inactivo,2024-04-15,1.0,130.76,130.76,0.0,,regex
64,Alfonso Peinado,bustamantesessa@example.net,1-980-793-5978,,,Colombia,Bogotá,Suspendido,2025-10-15,1.0,267.22,267.22,0.0,,regex
65,Arturo Ariza,hsaavedra@example.net,+34 928 546 659,44.0,F,Argentina,Córdoba,Inactivo,2025-09-21,0.0,0.0,,0.0,,regex
66,Andrés Cabrera,flavio92@example.com,+34 844 546 291,,Otro,Perú,Trujillo,Activo,2025-01-12,0.0,0.0,,0.0,,regex
67,Carolina Roda,naranjohoracio@example.org,+34 924733221,37.0,,Venezuela,Caracas,Activo,2025-11-21,2.0,4669.26,2334.63,1.0,4.0,regex
68,Anunciación Navarro,kcorrea@example.org.,+34960653794,46.0,,Colombia,Bucaramanga,Activo,2024-01-22,3.0,5169.29,1723.0966666666666,0.0,3.0,regex
69,Martin Esquibel,xriojas@example.com.,862-392-4075,36.0,Otro,Perú,Chiclayo,Suspendido,2023-08-10,2.0,10273.289999999999,5136.6449999999995,1.0,2.0,regex
70,Leandro Serna,obravo@example.com.,+60(6)8536153051,27.0,M,México,Puebla,Activo,2025-09-24,2.0,1129.5900000000001,564.7950000000001,0.0,5.0,regex
71,Antonio Rodríquez,nsanabria@example.org.,+34 724328986,74.0,Otro,Colombia,Medellín,Suspendido,2025-09-07,0.0,0.0,,0.0,,regex
72,Marcial Asenjo,esebastian@example.org,808.932.4609x5396,59.0,Otro,México,Guadalajara,Activo,2025-05-08,0.0,0.0,,0.0,,regex
73,Azucena Barreto,csoriano@example.net,405.153.1952,,F,Venezuela,Caracas,Activo,2024-05-31,1.0,2041.54,2041.54,0.0,,regex
74,Trinidad Sobrino,celiabarajas@example.net.,+43(0)3054868740,,M,Venezuela,Maracaibo,Inactivo,2024-03-19,1.0,855.45,855.45,0.0,4.0,regex
75,Rosenda Laboy,ulises67@example.com.,775)841-6169,46.0,,Venezuela,Maracaibo,Inactivo,2024-12-28,0.0,0.0,,0.0,,regex
76,Benjamín Mosquera,marisela96@example.org,705.964.0165,49.0,Otro,Venezuela,Caracas,Activo,2026-03-20,1.0,4846.13,4846.13,0.0,4.0,regex
77,Reina Aragón,guzmanmelania@example.net,690.927.5571,39.0,F,México,Puebla,Suspendido,2024-12-11,2.0,804.52,402.26,1.0,,regex
78,Humberto Haro,estradaangelina@example.net,(144)739-4731x2172,63.0,M,Perú,Iquitos,Activo,2026-05-07,0.0,0.0,,0.0,,regex
79,Yeni Barragán,cristina25@example.net,+34833237058,31.0,F,Colombia,Bogotá,Inactivo,2024-10-04,1.0,1069.36,1069.36,0.0,3.0,regex
80,Emma Bastida,hroque@example.com,1-125-177-8528,19.0,,Chile,La Serena,Inactivo,2025-11-07,3.0,2706.76,902.2533333333334,1.0,1.0,regex
81,Marco Cáceres,javiersolano@example.com,+34881384249,35.0,,Colombia,Bogotá,Inactivo,2024-11-11,1.0,669.6,669.6,1.0,2.0,regex
82,Dora Donoso,anayaariadna@example.org,396-907-8447x36471,64.0,M,Venezuela,Barquisimeto,Inactivo,2023-10-31,3.0,2319.75,773.25,0.0,4.0,regex
83,Maximiliano Figueroa,humbertomatos@example.net,258-815-3714x732,19.0,,Chile,La Serena,Suspendido,2023-07-05,0.0,0.0,,0.0,,regex
84,Sergio Guzmán,crescencia53@example.org,774-701-6873x3950,73.0,F,Colombia,Bucaramanga,Activo,2024-03-14,3.0,6760.52,2253.5066666666667,0.0,3.0,regex
85,Gonzalo Campos,gabinonavarrete@example.com,+60(9)8358416878,39.0,F,Colombia,Barranquilla,Activo,2025-10-31,2.0,1135.85,567.925,0.0,,regex
86,Eduardo Prada,porfirio52@example.org,000-257-8729,34.0,M,Venezuela,Maracaibo,Inactivo,2023-11-05,0.0,0.0,,0.0,,regex
87,Rosalia Sarabia,martin05@example.com,+34 948 940 974,67.0,Otro,Perú,Chiclayo,Activo,2025-07-09,2.0,1772.5900000000001,886.2950000000001,0.0,4.0,regex
88,David Cordero,canetgraciano@example.org,1-626-368-9702,71.0,,México,Guadalajara,Suspendido,2025-01-14,3.0,3161.46,1053.82,1.0,3.6666666666666665,regex
89,Olivia Martínez,inoriega@example.com,733.484.3443x7575,31.0,F,España,Málaga,Activo,2024-03-21,3.0,7038.37,2346.1233333333334,1.0,4.0,regex
90,Leonardo Concepción,loeraarcelia@example.com,473-384-8421x99330,56.0,Otro,México,Guadalajara,Activo,2025-04-09,1.0,857.23,857.23,0.0,,regex
91,Cornelio Menéndez,chapaabigail@example.net,+34 946 77 34 54,24.0,Otro,México,Ciudad de México,Activo,2026-01-30,1.0,8230.4,8230.4,0.0,,regex
92,Florinda Arcos,cecheverria@example.com,(400)499-1547,42.0,,Chile,La Serena,Activo,2026-01-09,1.0,331.7,331.7,0.0,,regex
93,Renata Laboy,murofermin@example.net,420-549-3296x68516,67.0,F,España,Valencia,Suspendido,2023-11-29,1.0,197.47,197.47,0.0,,regex
94,Albina Guzmán,rodolfo37@example.com,(990)453-0174,,M,Venezuela,Barcelona,Activo,2024-07-28,5.0,13298.2,2659.6400000000003,0.0,,regex
95,Caridad Nazario,eliseotejera@example.org.,956.878.3391x87851,18.0,,Perú,Arequipa,Inactivo,2023-07-17,1.0,89.25,89.25,1.0,3.0,regex
96,Constanza Córdoba,rcarrion@example.org.,08707286790,,,México,Guadalajara,Activo,2025-05-17,4.0,3472.98,868.245,0.0,3.5,regex
97,Agustín Hernández,cristinabeltran@example.org,180.170.4622,55.0,F,Venezuela,Caracas,Activo,2024-06-24,2.0,1371.0700000000002,685.5350000000001,0.0,3.0,regex
98,Marisol Núñez,franciscaoliveras@example.org,+34987682300,35.0,F,Venezuela,Caracas,Activo,2024-09-29,2.0,2180.0,1090.0,0.0,,regex
99,Óscar Godínez,joliva@example.com.,+34 828069033,60.0,F,Chile,La Serena,Activo,2023-08-29,0.0,0.0,,0.0,,regex
100,Victoriano Hierro,orodenas@example.net,+34807 284 395,39.0,F,Argentina,La Plata,Suspendido,2024-01-25,2.0,3061.4,1530.7,0.0,,regex
101,Gertrudis Reyes,anel89@example.net.,+34949 87 05 68,23.0,,Chile,Antofagasta,Inactivo,2025-06-12,2.0,818.88,409.44,0.0,,regex
102,Conchita Ocampo,ohernando@example.com,+34 975 086 688,23.0,,Colombia,Cali,Activo,2024-07-09,0.0,0.0,,0.0,,regex
103,Emilia Berríos,aurelio83@example.org,990-139-8373,,,Chile,Temuco,Suspendido,2026-03-03,3.0,3834.85,1278.2833333333333,2.0,2.0,regex
104,Margarita Guerra,jheras@example.com,785-445-8771x753,34.0,,Argentina,La Plata,Activo,2024-04-17,3.0,6872.41,2290.8033333333333,0.0,,regex
105,Chus Coello,carolina99@example.net,(235)369-3785,,M,Chile,Valparaíso,Activo,2025-08-24,3.0,8510.1,2836.7000000000003,0.0,5.0,regex
106,Tomás Rincón,fortunato28@example.com,+34988 080 100,56.0,F,Venezuela,Caracas,Activo,2023-10-08,2.0,1169.58,584.79,1.0,3.0,regex
107,Borja Agullo,dperea@example.net,700)886-0084,41.0,M,Argentina,Córdoba,Activo,2023-09-05,4.0,6148.8099999999995,1537.2024999999999,0.0,,regex
108,Azucena Hernando,ofelia54@example.com.,+34936793341,,Otro,España,Sevilla,Activo,2023-08-21,1.0,179.35,179.35,0.0,4.0,regex
109,José María Badillo,celestinovalero@example.com.,1-180-339-7401x4890,48.0,F,Argentina,Córdoba,Activo,2026-02-21,3.0,3255.25,1085.0833333333333,0.0,4.0,regex
110,Adriana Cobos,lunadalia@example.net,+34 943 85 62 18,70.0,,Colombia,Cali,Inactivo,2023-07-08,3.0,14495.91,4831.97,0.0,,regex
111,Esther Niño,alta-gracia47@example.com,+34926866296,,Otro,México,Guadalajara,Activo,2025-09-03,0.0,0.0,,0.0,,regex
112,Fernando Blanca,juancorrales@example.net.,1-511-047-5412,56.0,Otro,Venezuela,Valencia,Suspendido,2023-12-02,0.0,0.0,,0.0,,regex
113,Porfirio Candelaria,oterocasandra@example.org,046-618-3982x622,45.0,,Argentina,La Plata,Suspendido,2024-04-05,1.0,4466.94,4466.94,0.0,5.0,regex
114,Clemente Diego,lucia47@example.org,379-937-1240,58.0,M,Venezuela,Maracaibo,Activo,2024-05-09,2.0,678.8299999999999,339.41499999999996,1.0,2.0,regex
115,Isaac Mesa,helenamayorga@example.net,+34977526547,28.0,M,Chile,Valparaíso,Inactivo,2024-05-02,3.0,3365.35,1121.7833333333333,0.0,,regex
116,Laura Carrera,isabelamores@example.net,1-374-167-2434,63.0,F,México,Monterrey,Inactivo,2025-02-07,3.0,22227.36,7409.12,2.0,2.0,regex
117,Pamela Palomares,hurtadogema@example.net,(909)656-1014,55.0,,Venezuela,Valencia,Activo,2024-11-20,1.0,4868.94,4868.94,0.0,,regex
118,Victor Manuel Ornelas,jaimealvarado@example.com,+34 900 61 12 54,22.0,M,Argentina,Mendoza,Activo,2024-09-21,1.0,50.52,50.52,0.0,,regex
119,Azahar Montero,quezadamaria-cristina@example.com,+34 901010512,70.0,,Chile,Concepción,Activo,2024-11-26,2.0,3799.6099999999997,1899.8049999999998,0.0,,regex
120,Natalio Ríos,lespinosa@example.net,093-796-6033x419,50.0,,Colombia,Bogotá,Inactivo,2025-10-03,4.0,2415.45,603.8625,1.0,,regex
121,Pío Estrada,iglesiasyuridia@example.com.,696.915.5792x4991,,M,Argentina,Rosario,Activo,2024-04-18,2.0,1390.98,695.49,0.0,4.0,regex
122,Marcos España,nayelioquendo@example.com,+34 942 62 78 28,,Otro,Chile,La Serena,Activo,2024-10-28,1.0,1001.92,1001.92,0.0,,regex
123,Glauco Raya,agapito72@example.org,876)767-7219,35.0,M,Perú,Trujillo,Suspendido,2024-01-12,3.0,9684.01,3228.0033333333336,0.0,5.0,regex
124,Darío Valles,vegacamila@example.com,(078)361-3407x4517,38.0,Otro,Colombia,Barranquilla,Activo,2025-09-07,0.0,0.0,,0.0,,regex
125,Hugo Porras,milagrosgabaldon@example.org.,+34925 84 98 25,,F,Argentina,Tucumán,Activo,2024-03-23,2.0,1448.26,724.13,0.0,4.0,regex
126,Noelia Cerdá,lebronvanesa@example.org.,+34881 253 672,,F,España,Sevilla,Activo,2025-03-29,0.0,0.0,,0.0,,regex
127,María Cristina Buendía,jose-carlos77@example.com,+34824 75 18 63,30.0,Otro,Colombia,Bucaramanga,Activo,2025-10-31,4.0,6413.88,1603.47,0.0,5.0,regex
128,Gabriel Limón,raulrubio@example.com.,+34803 17 01 27,53.0,M,México,Puebla,Activo,2023-05-11,4.0,9336.689999999999,2334.1724999999997,0.0,3.0,regex
129,Eloy Matas,ciro54@example.org,(206)436-1103x71293,69.0,M,Perú,Arequipa,Activo,2023-05-21,1.0,519.26,519.26,0.0,,regex
130,Carla Centeno,gironjuan-carlos@example.org,+34826 554 262,71.0,M,España,Barcelona,Inactivo,2023-07-24,1.0,203.2,203.2,0.0,,regex
131,Emilia Sacristán,soledadcoronado@example.com.,1-112-196-5652,49.0,Otro,Perú,Arequipa,Activo,2024-03-09,0.0,0.0,,0.0,,regex
132,Jose Ramón Amador,normazepeda@example.net,+34943 40 37 61,,F,Colombia,Bogotá,Suspendido,2024-11-08,2.0,3797.9300000000003,1898.9650000000001,0.0,,regex
133,Belén Paniagua,juliavarela@example.com,271)091-0430,,M,Chile,Valparaíso,Activo,2024-08-17,2.0,7413.389999999999,3706.6949999999997,1.0,4.0,regex
134,Armando Lobato,cayetano83@example.org,914-630-3161x799,36.0,Otro,Argentina,Buenos Aires,Activo,2024-04-13,1.0,989.6,989.6,1.0,4.0,regex
135,Dimas Cervantes,anabeloliver@example.net,(524)105-6481,,M,Chile,Valparaíso,Inactivo,2025-06-29,0.0,0.0,,0.0,,regex
136,Anabel Segura,sanabriaraquel@example.org,(419)138-0003,42.0,F,Venezuela,Valencia,Activo,2024-10-09,3.0,6446.6900000000005,2148.896666666667,1.0,,regex
137,Conchita Aranda,inesguzman@example.com,195-180-2380,54.0,F,Perú,Iquitos,Activo,2023-07-25,2.0,3172.8900000000003,1586.4450000000002,0.0,2.0,regex
138,Guillermina Menchaca,xaguilo@example.org,1-493-759-7383x2060,38.0,,Colombia,Barranquilla,Inactivo,2024-12-24,2.0,6908.18,3454.09,0.0,2.0,regex
139,Nico Peñalver,florezolga@example.org.,024.103.8657x191,26.0,Otro,Colombia,Bucaramanga,Suspendido,2025-04-08,1.0,523.53,523.53,0.0,,regex
140,Antonio Royo,lupejulian@example.com,1-557-431-3291x21277,51.0,,Colombia,Barranquilla,Activo,2024-07-29,1.0,1539.38,1539.38,1.0,2.0,regex
141,Emilio Manzanares,carla12@example.net,1-903-521-3568x04420,68.0,F,España,Barcelona,Activo,2025-12-02,1.0,684.9,684.9,0.0,,regex
142,Ciríaco Canales,alberobernabe@example.org,+34872651994,72.0,,Venezuela,Barcelona,Suspendido,2023-06-03,3.0,2556.94,852.3133333333334,1.0,1.0,regex
143,Hector Cazares,donato07@example.org,+34956 70 66 25,73.0,,Venezuela,Caracas,Activo,2026-01-30,1.0,135.4,135.4,0.0,,regex
144,Gilberto Córdova,flormarquez@example.com,(701)462-6383x8065,65.0,M,Argentina,Rosario,Inactivo,2024-12-27,2.0,365.19,182.595,0.0,5.0,regex
145,Jaime Oquendo,aldonzamatos@example.net,+34 744 078 593,63.0,M,Venezuela,Maracaibo,Inactivo,2023-08-28,5.0,5709.16,1141.8319999999999,1.0,2.5,regex
146,Juan Pablo Gimenez,debora23@example.net,590.599.2937x84270,,M,España,Madrid,Activo,2023-07-11,2.0,17684.78,8842.39,0.0,4.0,regex
147,Alex Abrego,catalinamolina@example.net,+34 921002921,,M,Colombia,Bucaramanga,Activo,2026-03-28,2.0,1297.08,648.54,1.0,2.0,regex
148,Wilfrido Villa,marciano52@example.org,752-895-3926,49.0,Otro,Perú,Iquitos,Activo,2025-11-28,1.0,335.45,335.45,0.0,,regex
149,Germán García,vchico@example.net,+34879 552 157,75.0,F,Perú,Arequipa,Activo,2024-02-25,3.0,7806.39,2602.13,0.0,5.0,regex
150,Jimena Ordóñez,abreuamanda@example.com,626.765.8617,37.0,Otro,Argentina,Tucumán,Inactivo,2024-03-29,1.0,3774.03,3774.03,0.0,,regex
151,Francisca Benavent,jose-manuelcruz@example.net,+34824 59 97 06,24.0,,Colombia,Barranquilla,Inactivo,2025-03-06,5.0,6729.9,1345.98,0.0,2.5,regex
152,Cristina Cadenas,eliasparra@example.net,(443)106-9872x05061,43.0,,España,Sevilla,Activo,2025-10-29,1.0,1366.62,1366.62,0.0,5.0,regex
153,Elvira Amigó,feliciamanzanares@example.org,04677418625,49.0,,Chile,Santiago,Activo,2024-06-18,2.0,4380.49,2190.245,0.0,2.0,regex
154,Alvaro Quiñónez,espartaco49@example.org,+34825 158 693,34.0,,México,Tijuana,Activo,2025-11-17,4.0,2733.62,683.405,1.0,4.0,regex
155,Omar Vega,fmartinez@example.com,+34981989921,41.0,,España,Valencia,Activo,2023-11-16,3.0,3099.94,1033.3133333333333,0.0,5.0,regex
156,Héctor Cases,rbermudez@example.com,+34 845945116,30.0,M,Colombia,Bogotá,Suspendido,2025-01-05,4.0,16017.42,4004.355,0.0,4.0,regex
157,Nicolás Alcala,pedrozaconchita@example.org,+34 827 914 856,50.0,,Argentina,Mendoza,Activo,2024-07-03,1.0,577.21,577.21,0.0,,regex
158,Reina Archuleta,samuel29@example.net,+65(3)0745054447,47.0,M,Venezuela,Barquisimeto,Activo,2026-04-10,1.0,3075.37,3075.37,0.0,,regex
159,Eloy Quintero,lorena91@example.org,1-678-508-2148,64.0,Otro,México,Tijuana,Inactivo,2023-10-06,3.0,5325.34,1775.1133333333335,0.0,,regex
160,Fulgencio Font,anacletosastre@example.org,1-345-786-1035,41.0,M,Venezuela,Barquisimeto,Inactivo,2024-05-22,1.0,160.68,160.68,0.0,,regex
161,Aurora Amaya,curielreina@example.org,+34 877 34 68 00,61.0,F,Perú,Chiclayo,Suspendido,2026-02-03,1.0,2020.86,2020.86,0.0,3.0,regex
162,Eliana Goicoechea,trinidad46@example.com,1-437-489-6910x858,48.0,M,Perú,Cusco,Suspendido,2024-04-02,3.0,4297.59,1432.53,1.0,1.0,regex
163,Alma Navarrete,geronimo44@example.org,+34 984309652,57.0,,Chile,La Serena,Activo,2025-04-28,1.0,1168.52,1168.52,0.0,4.0,regex
164,Francisco Javier Palacios,vergarareina@example.org,387.584.2824x17248,25.0,M,Perú,Arequipa,Activo,2026-03-13,0.0,0.0,,0.0,,regex
165,Vanesa Girón,homeroperes@example.com,947-170-9991,25.0,M,Argentina,Córdoba,Activo,2026-01-09,3.0,4352.41,1450.8033333333333,1.0,5.0,regex
166,Rufina Tamayo,jayala@example.org,+34 924 69 72 52,47.0,F,México,Monterrey,Suspendido,2024-10-26,4.0,12629.26,3157.315,2.0,2.5,regex
167,Matías Acuña,enrique29@example.org,02966667600,71.0,,Perú,Trujillo,Suspendido,2025-07-19,1.0,155.07,155.07,1.0,4.0,regex
168,Tecla Tamez,acostaeugenia@example.net,+34877 542 168,33.0,F,Colombia,Bogotá,Activo,2023-11-10,2.0,4013.1,2006.55,0.0,,regex
169,Marc Reséndez,vcervantes@example.com,1-260-332-3098,75.0,Otro,Argentina,La Plata,Activo,2023-09-22,2.0,2120.98,1060.49,0.0,,regex
170,Remigio Téllez,campoyfrancisca@example.org.,+34828676184,23.0,Otro,Venezuela,Barcelona,Activo,2025-06-18,0.0,0.0,,0.0,,regex
171,Jordana Mascaró,solisgenaro@example.net.,+34 948 18 91 41,,M,Venezuela,Maturín,Suspendido,2024-11-06,2.0,1103.32,551.66,0.0,,regex
172,Mayte Solorzano,juliana64@example.org.,+34980375300,,M,México,Monterrey,Suspendido,2026-01-28,2.0,13324.85,6662.425,0.0,,regex
173,Conchita Vidal,jaenfidela@example.org.,(470)120-4556,25.0,Otro,Argentina,Córdoba,Activo,2023-08-23,0.0,0.0,,0.0,,regex
174,Agapito Donaire,marcela94@example.net,+34935 216 674,38.0,M,México,Ciudad de México,Activo,2025-06-05,1.0,258.29,258.29,0.0,,regex
175,Lucía Carbajo,cuervocristobal@example.com,1-729-659-0277x1670,,M,Chile,Santiago,Inactivo,2024-02-21,1.0,229.73,229.73,0.0,5.0,regex
176,Adán Neira,eibarra@example.com.,890-028-7721,,,España,Málaga,Suspendido,2024-04-26,1.0,284.81,284.81,0.0,1.0,regex
177,Germán Vendrell,pquintana@example.org,1-971-775-1701x660,59.0,M,Argentina,Tucumán,Activo,2025-11-01,1.0,930.59,930.59,0.0,,regex
178,Nancy Sastre,ana37@example.com.,1-571-130-5548,45.0,Otro,Venezuela,Barcelona,Activo,2023-10-11,4.0,8692.79,2173.1975,1.0,3.0,regex
179,Bernabé Estévez,pozoildefonso@example.com,+34923160917,,Otro,España,Barcelona,Suspendido,2025-05-01,2.0,4060.12,2030.06,0.0,4.0,regex
180,Andrea Atienza,xsauceda@example.org,+34841 16 99 58,,,Chile,Santiago,Suspendido,2024-08-11,1.0,156.63,156.63,0.0,,regex
181,Leocadio Montalvo,icepeda@example.com.,1-858-333-9452x28851,45.0,F,Perú,Lima,Activo,2025-01-16,1.0,283.83,283.83,1.0,,regex
182,Zeferino Pichardo,amayarico@example.org,+34807 342 442,38.0,Otro,Argentina,Rosario,Activo,2025-06-05,1.0,1208.38,1208.38,0.0,,regex
183,Emilia Palmer,valenzuelaesparta@example.net,840.666.5800,71.0,M,España,Barcelona,Activo,2023-12-19,3.0,18121.24,6040.413333333334,0.0,4.0,regex
184,Espartaco Villalobos,macariosanchez@example.org,+34862 81 60 64,55.0,Otro,Chile,Concepción,Suspendido,2023-09-30,1.0,2218.51,2218.51,0.0,,regex
185,Abigail Robledo,corralingrid@example.com,+34 901 79 85 15,66.0,F,Venezuela,Barquisimeto,Activo,2026-03-24,1.0,315.73,315.73,0.0,,regex
186,Miriam Ricart,montesestela@example.org,1-543-987-8015,40.0,M,Chile,Valparaíso,Suspendido,2024-01-29,0.0,0.0,,0.0,,regex
187,Aníbal Olivárez,ijerez@example.net,+85(8)8770435811,40.0,Otro,México,Ciudad de México,Activo,2026-04-09,4.0,8401.57,2100.3925,0.0,4.0,regex
188,Eugenia Galvez,ncalleja@example.net,120-750-1102x48193,,Otro,Venezuela,Maracaibo,Suspendido,2024-07-30,2.0,9308.29,4654.145,0.0,,regex
189,Sonia Prieto,ordonezzacarias@example.org.,+34819015814,35.0,M,Perú,Arequipa,Activo,2025-03-05,2.0,1451.39,725.695,0.0,4.0,regex
190,Marcela Ortega,icrespi@example.org.,+34943842450,54.0,Otro,México,Tijuana,Inactivo,2023-09-23,1.0,2321.64,2321.64,0.0,,regex
191,Constanza Terrazas,humberto53@example.com,+34 847 23 94 31,31.0,F,Perú,Arequipa,Inactivo,2025-05-15,3.0,3784.87,1261.6233333333332,0.0,3.0,regex
192,Renata Ulloa,hilda14@example.org,+34 979 552 314,67.0,Otro,Perú,Cusco,Suspendido,2026-01-21,2.0,1471.1899999999998,735.5949999999999,0.0,,regex
193,Mercedes Méndez,raulvalverde@example.com,(205)336-4525x777,,Otro,Venezuela,Maracaibo,Activo,2025-09-06,0.0,0.0,,0.0,,regex
194,Pedro Echevarría,rosa-maria28@example.org,110.809.9693,35.0,,Colombia,Bogotá,Suspendido,2025-04-26,3.0,3300.88,1100.2933333333333,1.0,,regex
195,Pío Garica,marisolsanchez@example.net,+34944580392,,Otro,Perú,Arequipa,Activo,2024-09-11,1.0,814.45,814.45,1.0,2.0,regex
196,Clarisa Tomás,gaonamicaela@example.org,+34 884 530 385,31.0,F,España,Barcelona,Activo,2024-10-06,1.0,602.93,602.93,0.0,,regex
197,Amalia Morante,perlita49@example.net.,+34 941659184,36.0,F,Venezuela,Barcelona,Activo,2026-04-11,2.0,1769.17,884.585,0.0,1.0,regex
198,Ascensión Morales,mrosario@example.org,+34 971 231 843,63.0,M,Colombia,Bucaramanga,Suspendido,2023-12-01,0.0,0.0,,0.0,,regex
199,Salvador Grau,camila77@example.com,+34847 603 029,20.0,F,Colombia,Cali,Activo,2023-10-05,0.0,0.0,,0.0,,regex
200,Tatiana Barba,agata28@example.com,+34 887 13 79 77,54.0,F,Chile,Santiago,Inactivo,2024-01-06,3.0,712.9000000000001,237.63333333333335,1.0,1.0,regex
201,Ruby Espada,jacoborendon@example.net,+34 878662103,,Otro,Venezuela,Barcelona,Activo,2025-11-01,3.0,2529.54,843.18,0.0,5.0,regex
202,Galo Zapata,buendiaalma@example.net.,+34 988 068 650,23.0,F,Colombia,Barranquilla,Activo,2024-01-17,0.0,0.0,,0.0,,regex
203,Juana Villalpando,qcanete@example.com.,+34 823498643,50.0,Otro,México,Ciudad de México,Activo,2025-06-26,2.0,2218.06,1109.03,1.0,3.0,regex
204,Crescencia Vizcaíno,sfuertes@example.com,126.944.8695,64.0,Otro,Argentina,Tucumán,Activo,2026-05-02,2.0,441.59999999999997,220.79999999999998,0.0,,regex
205,Emilia Urías,jose-eduardovaldivia@example.net.,495-621-3721,,Otro,México,Guadalajara,Activo,2024-11-18,3.0,15292.72,5097.573333333333,0.0,,regex
206,Paulina Cuevas,bustosclemente@example.com.,01435190669,46.0,,Venezuela,Maturín,Suspendido,2025-06-28,1.0,57.37,57.37,0.0,,regex
207,María Ángeles Urrutia,ferrervictor@example.net,1-098-839-2053,48.0,F,Colombia,Cali,Activo,2026-04-14,4.0,8272.1,2068.025,0.0,,regex
208,Leoncio Morales,mvilla@example.net,+34820184895,40.0,Otro,Chile,Temuco,Activo,2026-03-31,2.0,3825.45,1912.725,0.0,,regex
209,Espartaco Sanz,ibarradelia@example.com,+34 821 84 51 84,,Otro,Venezuela,Barquisimeto,Activo,2025-06-09,3.0,4744.17,1581.39,0.0,,regex
210,Ramón Guerrero,lrincon@example.org,04163356588,75.0,M,Chile,Antofagasta,Inactivo,2025-06-17,1.0,299.3,299.3,0.0,5.0,regex
211,Felix Cabán,antonio82@example.com,394.237.3334,30.0,F,Chile,Temuco,Suspendido,2024-01-17,1.0,60.01,60.01,0.0,4.0,regex
212,Piedad Cortés,bermudezinmaculada@example.net,080.759.5794x7284,69.0,F,Colombia,Bucaramanga,Activo,2024-01-09,5.0,3471.57,694.3140000000001,0.0,4.0,regex
213,Baltasar Romo,rufino27@example.org,1-003-691-5594,46.0,Otro,Perú,Iquitos,Suspendido,2025-01-01,2.0,6261.610000000001,3130.8050000000003,1.0,4.0,regex
214,Julio César Montalvo,modestopineda@example.org,1-556-472-9293,67.0,F,Colombia,Cali,Suspendido,2023-12-11,2.0,2447.23,1223.615,0.0,,regex
215,Ainara Egea,ocervantes@example.net,448.906.1203x471,,,Argentina,La Plata,Inactivo,2025-08-04,2.0,740.44,370.22,0.0,,regex
216,Jorge Luis Valencia,alejandra61@example.com,+34987 24 55 87,39.0,,Venezuela,Caracas,Suspendido,2026-01-10,2.0,1520.25,760.125,0.0,,regex
217,Sessa Rivas,felicidadnavas@example.com.,01253554496,,F,Chile,Temuco,Suspendido,2026-01-07,2.0,685.5600000000001,342.78000000000003,0.0,5.0,regex
218,Rodrigo Pedraza,ricardaalvarado@example.org,+34881 13 26 11,60.0,F,España,Barcelona,Suspendido,2026-03-02,2.0,4997.27,2498.635,0.0,,regex
219,Pascual Amo,canofrida@example.net,+34 823 64 33 47,67.0,F,México,Tijuana,Activo,2023-10-01,1.0,15892.66,15892.66,0.0,,regex
220,Ambrosio Palacios,irobles@example.com.,829-979-6884,50.0,Otro,Argentina,Tucumán,Suspendido,2024-10-19,1.0,191.53,191.53,0.0,4.0,regex
221,Noa Sala,liliana42@example.com.,+34 682 547 807,,F,Chile,La Serena,Activo,2024-04-03,2.0,3182.43,1591.215,0.0,3.0,regex
222,Guillermo Aguilar,liliavalentin@example.com,266.341.6389,20.0,F,Perú,Lima,Activo,2024-03-18,1.0,900.42,900.42,0.0,5.0,regex
223,Liliana Bayona,luis-miguelcano@example.net.,749.735.0208x0214,66.0,Otro,Chile,Antofagasta,Inactivo,2023-09-25,2.0,8586.050000000001,4293.025000000001,0.0,4.0,regex
224,Abril Bosch,uriarteisaac@example.com.,(757)051-2046,75.0,M,Venezuela,Barquisimeto,Activo,2024-12-26,2.0,9035.17,4517.585,0.0,,regex
225,Gregorio Olivárez,ibarrarogelio@example.com.,+34743718376,,,Venezuela,Caracas,Suspendido,2026-03-02,3.0,1402.67,467.5566666666667,0.0,,regex
226,Eva Viñas,alicia43@example.com,+34 876136502,21.0,Otro,Venezuela,Maturín,Inactivo,2025-02-09,1.0,283.99,283.99,0.0,4.0,regex
227,Federico Arnal,jose-emilioburgos@example.org,+34 981195005,,Otro,Chile,Temuco,Activo,2025-06-17,2.0,984.4,492.2,0.0,3.0,regex
228,Edgardo Gonzales,marcela30@example.net,240.778.4873,23.0,M,México,Monterrey,Inactivo,2024-12-26,1.0,114.66,114.66,0.0,,regex
229,Mayte Zamudio,cortinavinicio@example.com,(570)862-0959x3518,21.0,F,España,Valencia,Suspendido,2023-12-05,3.0,2166.37,722.1233333333333,0.0,3.0,regex
230,Pedro Luna,hmedina@example.org,+34 803 22 03 17,19.0,F,Argentina,Rosario,Activo,2023-08-27,2.0,248.20000000000002,124.10000000000001,0.0,3.5,regex
231,Víctor Sotelo,navarroestela@example.net.,+34 713717058,68.0,,Perú,Arequipa,Activo,2025-10-27,1.0,86.64,86.64,0.0,3.0,regex
232,Palmira Tafoya,mateucasemiro@example.org.,+34 826386338,,,Colombia,Cali,Activo,2025-01-24,4.0,8634.19,2158.5475,1.0,,regex
233,Celestina Caraballo,gponce@example.org,+34945 852 897,25.0,F,Chile,Antofagasta,Activo,2026-01-24,1.0,1264.61,1264.61,0.0,,regex
234,José Emilio Posada,ramontrejo@example.org,(457)760-0490x8240,47.0,M,Perú,Trujillo,Activo,2026-04-23,1.0,3650.29,3650.29,0.0,5.0,regex
235,Roberta Alonzo,barbaraarchuleta@example.com,245-933-4419,52.0,M,Colombia,Cartagena,Suspendido,2025-01-23,2.0,2191.98,1095.99,0.0,,regex
236,Macarena Morata,micaelavelazquez@example.org,+96(1)0556613906,,M,España,Madrid,Suspendido,2024-04-09,3.0,10615.840000000002,3538.613333333334,1.0,5.0,regex
237,Melchor Morillo,aurelianopozo@example.com,+34876 64 62 25,51.0,Otro,Argentina,La Plata,Suspendido,2024-10-13,5.0,4324.7300000000005,864.9460000000001,1.0,,regex
238,Carlota Iglesias,bvalls@example.net,+34 843 783 769,19.0,F,Chile,Valparaíso,Inactivo,2025-01-15,1.0,112.95,112.95,0.0,5.0,regex
239,Jose Carlos Larrea,rene11@example.net,(553)559-0425x979,19.0,,Argentina,Mendoza,Activo,2024-09-04,0.0,0.0,,0.0,,regex
240,Heraclio Cortés,ballesterjose-carlos@example.net.,+34 888 051 477,65.0,,Venezuela,Caracas,Activo,2024-05-08,3.0,1473.4299999999998,491.14333333333326,0.0,,regex
241,Herminio Ulibarri,yolandaalmanza@example.com,+34882 204 394,47.0,,México,Monterrey,Inactivo,2024-10-01,3.0,3255.17,1085.0566666666666,0.0,4.0,regex
242,Bonifacio Juárez,almarazguillermo@example.net,681.579.8123,30.0,M,España,Madrid,Activo,2025-01-14,2.0,444.35,222.175,0.0,,regex
243,Aníbal Ávila,minerva62@example.org,(554)384-0460x84325,50.0,,Argentina,Rosario,Suspendido,2025-04-29,4.0,1927.6100000000001,481.90250000000003,1.0,,regex
244,Luna Soliz,khernandez@example.org.,(957)823-2983,40.0,,México,Guadalajara,Activo,2024-04-13,3.0,3147.9799999999996,1049.3266666666666,0.0,,regex
245,Tito Cruz,valdesoscar@example.net,+34 865 20 56 64,29.0,F,Colombia,Cartagena,Inactivo,2025-08-05,1.0,986.66,986.66,0.0,,regex
246,Cornelio Campillo,amanciolasa@example.net,+34878 305 172,56.0,M,España,Madrid,Suspendido,2025-06-29,2.0,6587.92,3293.96,0.0,,regex
247,Dulce María Salazar,daliaespinoza@example.org,+34946046333,37.0,F,Perú,Iquitos,Suspendido,2023-11-21,0.0,0.0,,0.0,,regex
248,Sergio Meléndez,luispalacios@example.org,569.998.8081x77038,20.0,,Argentina,Córdoba,Activo,2026-04-23,5.0,12087.400000000001,2417.4800000000005,1.0,3.0,regex
249,Celestina Sevilla,lupesabater@example.com,(726)490-8277,58.0,F,España,Málaga,Activo,2025-07-11,3.0,1193.1,397.7,1.0,,regex
250,Geraldo Pozuelo,maria-del-carmen02@example.com,+34973 145 211,61.0,,México,Ciudad de México,Activo,2025-06-23,0.0,0.0,,0.0,,regex
251,Arturo Segura,cpintor@example.org.,1-222-206-4474,42.0,Otro,Argentina,Rosario,Activo,2025-03-23,2.0,4685.57,2342.785,0.0,,regex
252,Adán Salinas,zunigamiguel@example.org,+34 977767199,54.0,M,Colombia,Bogotá,Suspendido,2024-02-03,1.0,2275.45,2275.45,0.0,,regex
253,Silvano Avilés,bartolomeoller@example.org,+34749 945 101,,Otro,México,Puebla,Activo,2026-05-04,3.0,9117.52,3039.1733333333336,1.0,3.5,regex
254,Hortensia Yáñez,cpalomino@example.org,1-561-681-4721,67.0,,España,Valencia,Inactivo,2024-05-05,2.0,7311.32,3655.66,0.0,,regex
255,Ofelia Gallart,angelchucho@example.com,(954)899-5299x787,26.0,,México,Puebla,Inactivo,2025-10-12,2.0,4246.7,2123.35,0.0,4.0,regex
256,Leandra Esquibel,amadoradela@example.net,+34 874 96 60 55,60.0,F,Venezuela,Valencia,Activo,2023-05-23,3.0,1426.02,475.34,0.0,,regex
257,Jenny Hernández,marcelo88@example.com,+34 828 55 69 90,63.0,Otro,Venezuela,Barquisimeto,Activo,2023-12-09,1.0,723.16,723.16,0.0,,regex
258,Zacarías Rojo,almacortes@example.net,576)084-9588,,M,Chile,Antofagasta,Activo,2023-07-22,2.0,3356.2,1678.1,0.0,,regex
259,Lisandro Nicolau,reinazelaya@example.com,+34828 45 04 61,47.0,Otro,Chile,La Serena,Activo,2025-12-27,1.0,348.07,348.07,0.0,,regex
260,María Cristina Gálvez,brunonoriega@example.org,+34824780782,,F,Colombia,Bogotá,Suspendido,2024-05-17,5.0,7641.54,1528.308,1.0,,regex
261,Ofelia Menchaca,villalongainmaculada@example.org,+34 800768104,,M,México,Ciudad de México,Inactivo,2025-06-02,7.0,11806.27,1686.6100000000001,3.0,3.6666666666666665,regex
262,Nazario Arredondo,alonso94@example.net.,+34920334485,,M,Perú,Trujillo,Inactivo,2025-05-15,5.0,8073.13,1614.626,0.0,5.0,regex
263,Conchita Llanos,vilaplanacristian@example.org,(542)493-2149x5870,28.0,M,México,Monterrey,Activo,2023-06-11,4.0,12971.880000000001,3242.9700000000003,0.0,5.0,regex
264,Curro Ayala,lpou@example.net,545.381.7921,,F,México,Guadalajara,Activo,2024-10-07,4.0,3426.17,856.5425,0.0,4.0,regex
265,Ernesto Narváez,wendolinmenendez@example.com.,017.157.7245x992,,Otro,México,Puebla,Suspendido,2024-07-28,1.0,269.12,269.12,0.0,2.0,regex
266,Máximo Matas,avillanueva@example.org.,+34 847 761 539,,,México,Tijuana,Suspendido,2025-09-16,2.0,338.56,169.28,0.0,,regex
267,Raquel Tovar,gloriabermejo@example.net,09975817246,34.0,Otro,Perú,Chiclayo,Activo,2025-02-24,2.0,307.84,153.92,0.0,,regex
268,Itzel Ballesteros,olgachamorro@example.net,+34 845 278 469,58.0,M,Colombia,Bogotá,Inactivo,2023-12-11,1.0,3239.03,3239.03,0.0,,regex
269,Helena Puga,verduzcoabril@example.net.,405-800-8514,59.0,F,Chile,Temuco,Inactivo,2024-01-23,4.0,2772.96,693.24,0.0,4.0,regex
270,Socorro Olivas,ipuga@example.org,+34 977 238 656,,M,España,Barcelona,Inactivo,2024-03-22,2.0,1229.65,614.825,0.0,5.0,regex
271,Eloy Bellido,lorenatorrecilla@example.net,126-796-9278,73.0,Otro,México,Guadalajara,Activo,2025-01-05,2.0,12713.21,6356.605,0.0,5.0,regex
272,Juan Carlos Gastélum,kaguilera@example.com,+34981 468 950,24.0,F,Chile,Santiago,Activo,2025-01-22,2.0,440.78999999999996,220.39499999999998,0.0,5.0,regex
273,Bruno Bétancourt,adela81@example.net,+34880 71 89 49,21.0,F,México,Guadalajara,Inactivo,2026-01-25,2.0,9439.28,4719.64,0.0,,regex
274,Adora Sepúlveda,lucia54@example.com,+34 800 949 407,73.0,M,Colombia,Barranquilla,Activo,2025-01-27,4.0,6138.210000000001,1534.5525000000002,1.0,3.5,regex
275,Sofía Madrid,castronatalia@example.org,294-440-1929,30.0,M,Perú,Chiclayo,Inactivo,2025-05-02,5.0,4110.26,822.052,0.0,,regex
276,Delia Gracia,oliverapodaca@example.com.,+34844927663,,F,Colombia,Bucaramanga,Inactivo,2025-07-14,0.0,0.0,,0.0,,regex
277,Humberto Ayala,aviladaniela@example.com.,478.366.7428x604,21.0,,Chile,Temuco,Activo,2024-07-02,1.0,1903.1,1903.1,0.0,,regex
278,Olga Cabanillas,vlaboy@example.com,04967393852,18.0,M,Argentina,Buenos Aires,Inactivo,2024-12-31,3.0,13658.98,4552.993333333333,2.0,4.5,regex
279,Paz Albero,sosabernardo@example.net,344.300.9109,,M,Venezuela,Maturín,Inactivo,2026-03-17,4.0,1367.85,341.9625,0.0,,regex
280,Leandra Boix,hesteban@example.net,+34 882471746,42.0,Otro,Argentina,Córdoba,Inactivo,2024-02-17,1.0,7243.68,7243.68,0.0,,regex
281,Leonel Piñeiro,ana-maria44@example.org,07396271286,61.0,Otro,Argentina,Rosario,Activo,2025-03-13,2.0,2865.2999999999997,1432.6499999999999,0.0,,regex
282,Ximena Huerta,beltrancalisto@example.net,1-072-006-4256x908,,F,Venezuela,Barcelona,Activo,2024-10-16,1.0,3829.11,3829.11,0.0,,regex
283,Ángela Acero,kcasas@example.net,1-460-158-5174,26.0,Otro,España,Madrid,Activo,2023-11-20,1.0,68.89,68.89,0.0,,regex
284,Rodrigo Martínez,munozmicaela@example.org.,320.309.3761,27.0,Otro,Chile,La Serena,Suspendido,2023-06-20,1.0,200.38,200.38,0.0,,regex
285,Nicolás Ramirez,noemizabala@example.com,+34878102707,50.0,Otro,Chile,Santiago,Suspendido,2024-01-31,3.0,1006.3299999999999,335.4433333333333,1.0,4.666666666666667,regex
286,Alberto Ayllón,reyessantiago@example.org.,+34 827 179 931,61.0,,Argentina,Córdoba,Inactivo,2024-08-20,4.0,2656.08,664.02,1.0,2.0,regex
287,Irma Cervantes,amaliavillasenor@example.org,01426258273,,Otro,Chile,Concepción,Suspendido,2023-10-04,4.0,2927.2400000000002,731.8100000000001,1.0,4.0,regex
288,Cristina Torrens,aguilargaston@example.org,(723)248-7632x909,58.0,Otro,México,Mérida,Suspendido,2025-07-05,1.0,109.14,109.14,0.0,,regex
289,Eulalia Montero,valdezeugenio@example.org.,+34 986 19 58 83,70.0,Otro,Colombia,Cartagena,Activo,2025-09-01,1.0,184.71,184.71,0.0,,regex
290,Leonel Ferrer,isidorasanchez@example.com,+34 847005436,27.0,,Argentina,Rosario,Activo,2024-05-11,5.0,2766.24,553.2479999999999,2.0,3.6666666666666665,regex
291,Alvaro Badía,mireiaandres@example.com,+34 821 379 956,,M,Perú,Arequipa,Suspendido,2025-08-06,5.0,4464.530000000001,892.9060000000002,0.0,,regex
292,Estela Moreno,galvezmalena@example.com.,+34 941 317 970,47.0,,Argentina,Córdoba,Activo,2023-10-16,1.0,247.85,247.85,0.0,3.0,regex
293,Diego Niño,oferrera@example.com,1-520-904-2177,69.0,Otro,Perú,Arequipa,Activo,2023-11-14,1.0,374.94,374.94,0.0,3.0,regex
294,Estefanía Zayas,crescenciagras@example.org,739-774-0633x5693,37.0,M,Argentina,La Plata,Activo,2026-02-05,1.0,1348.69,1348.69,0.0,,regex
295,Silvestre Arjona,pizarroolga@example.com.,1-177-318-0632x54310,62.0,Otro,Perú,Cusco,Inactivo,2025-05-13,5.0,10261.41,2052.282,0.0,,regex
296,Juliana Vásquez,xsilva@example.org,(570)165-8046,36.0,M,Perú,Lima,Suspendido,2025-06-14,1.0,9448.62,9448.62,0.0,,regex
297,Mirta Narváez,susanita01@example.com,1-905-528-1832,67.0,,Venezuela,Maturín,Activo,2025-04-21,1.0,609.03,609.03,0.0,5.0,regex
298,Marisa Montes,nadia64@example.org,+34935 778 817,31.0,M,Perú,Trujillo,Suspendido,2024-09-17,1.0,129.07,129.07,0.0,,regex
299,Zacarías Fabra,blancojulio-cesar@example.org,01241272380,,Otro,España,Sevilla,Activo,2024-08-09,5.0,12632.56,2526.5119999999997,1.0,2.5,regex
300,Ainoa Peres,lovatoelena@example.org,+34878 856 955,21.0,,Perú,Arequipa,Inactivo,2025-02-19,2.0,3020.05,1510.025,0.0,,regex
301,María José Valverde,francisco-javier43@example.com,025)472-9284,28.0,F,España,Barcelona,Inactivo,2026-04-11,3.0,7130.65,2376.883333333333,0.0,4.0,regex
302,Felix Caro,consuelo27@example.com,(380)552-5782,59.0,,Argentina,Tucumán,Activo,2023-09-21,5.0,2245.62,449.12399999999997,0.0,,regex
303,Sandalio Colunga,cristal08@example.net,474-929-7517x02814,29.0,F,Perú,Trujillo,Activo,2024-07-24,3.0,4113.53,1371.1766666666665,0.0,5.0,regex
304,Victor Manuel Caballero,zunigatomas@example.org,+34 886 30 18 71,68.0,F,España,Valencia,Activo,2023-12-10,3.0,427.36,142.45333333333335,0.0,,regex
305,Salvador Paniagua,luisnegron@example.com.,+45(5)4781376742,74.0,M,Venezuela,Barquisimeto,Activo,2025-07-17,4.0,11224.119999999999,2806.0299999999997,0.0,4.0,regex
306,Clara Cobo,aitana85@example.org,00646287923,52.0,Otro,Colombia,Medellín,Inactivo,2025-11-08,1.0,232.74,232.74,0.0,2.0,regex
307,Perla Arias,miguel87@example.org,+34 624 47 14 62,47.0,F,México,Puebla,Activo,2026-01-28,3.0,17228.56,5742.8533333333335,1.0,1.0,regex
308,Ambrosio Lluch,zamudiojos@example.net,1-647-158-9042,64.0,F,Argentina,Córdoba,Activo,2025-12-28,3.0,6706.299999999999,2235.433333333333,1.0,,regex
309,Pepe Baena,lourdes50@example.com.,183-219-2855x4451,,Otro,Venezuela,Maracaibo,Activo,2025-10-29,0.0,0.0,,0.0,,regex
310,Emigdio Nieves,kmolina@example.org,+34 846 83 38 98,43.0,Otro,Argentina,Tucumán,Activo,2024-08-10,0.0,0.0,,0.0,,regex
311,Demetrio Alemany,hugo52@example.com,401)322-3423,34.0,F,México,Tijuana,Activo,2026-04-20,1.0,127.27,127.27,0.0,,regex
312,Bruno Alfonso,marias@example.org,+34983 907 140,64.0,Otro,Argentina,Mendoza,Activo,2024-04-05,1.0,109.89,109.89,1.0,,regex
313,Marisela Casals,gilortega@example.org,+34844 49 55 28,25.0,,España,Bilbao,Activo,2024-11-14,2.0,801.3499999999999,400.67499999999995,0.0,1.0,regex
314,Conrado Ángel,lopeduarte@example.net,+34825 38 75 92,58.0,F,Perú,Chiclayo,Activo,2025-05-18,0.0,0.0,,0.0,,regex
315,Gerardo Ojeda,noeliagil@example.com,+34911 718 275,,Otro,Colombia,Bogotá,Suspendido,2025-01-10,2.0,11227.16,5613.58,0.0,,regex
316,Celestino Salcido,dluque@example.net.,(738)646-3175x20716,70.0,M,Venezuela,Barquisimeto,Activo,2024-12-03,3.0,9080.9,3026.9666666666667,0.0,,regex
317,Dimas Prat,de-la-garzaandres@example.com,+34923396136,,Otro,Chile,Santiago,Activo,2024-03-11,1.0,2356.44,2356.44,0.0,,regex
318,Trinidad Moya,grubio@example.com,+34973 114 773,54.0,Otro,Chile,Antofagasta,Activo,2023-06-12,1.0,290.62,290.62,0.0,,regex
319,Paulina Valentín,robertomorillo@example.org,911.877.3477x8485,49.0,M,Perú,Trujillo,Suspendido,2026-03-20,2.0,1147.8000000000002,573.9000000000001,0.0,,regex
320,Tito Pla,jose-manuel77@example.org,+34 858427624,47.0,,Chile,Valparaíso,Activo,2024-10-26,0.0,0.0,,0.0,,regex
321,Cloe Urrutia,kvalenzuela@example.net,+34943479695,34.0,M,España,Valencia,Activo,2024-04-26,0.0,0.0,,0.0,,regex
322,Dominga Castellanos,rodolfo05@example.com,+34 955 565 033,52.0,M,Perú,Arequipa,Activo,2025-04-20,4.0,3211.7400000000002,802.9350000000001,0.0,4.0,regex
323,Visitación Mayol,fortunato08@example.com,+34974 698 640,36.0,F,Colombia,Barranquilla,Activo,2025-02-13,3.0,1614.03,538.01,0.0,5.0,regex
324,José María Medrano,scabo@example.net.,+34 923 78 52 94,64.0,,Venezuela,Barquisimeto,Inactivo,2026-04-07,3.0,4149.49,1383.1633333333332,1.0,4.0,regex
325,Anabel Gargallo,amanda49@example.com,+34824919541,60.0,Otro,España,Bilbao,Activo,2024-08-21,1.0,498.54,498.54,0.0,,regex
326,Araceli Santana,utirado@example.org,498-782-0829x737,51.0,M,Chile,Valparaíso,Activo,2026-03-03,1.0,511.82,511.82,0.0,,regex
327,Raúl Yuste,oscar23@example.org,(651)364-4249x363,37.0,F,Venezuela,Barquisimeto,Suspendido,2023-10-22,1.0,1110.46,1110.46,0.0,,regex
328,Jose Luis Rivera,ppichardo@example.org.,+34 847420448,40.0,,México,Ciudad de México,Activo,2025-04-16,3.0,2036.3000000000002,678.7666666666668,0.0,,regex
329,Lorenza Almonte,mireligia@example.com,+34 946 51 62 31,,Otro,Venezuela,Maturín,Activo,2024-12-03,1.0,2057.74,2057.74,0.0,,regex
330,Miriam Gárate,narciso96@example.net,+34 949321234,56.0,Otro,España,Bilbao,Activo,2024-07-31,4.0,29137.65,7284.4125,0.0,4.0,regex
331,Amor Carreón,rroldan@example.org.,575-409-0034,31.0,M,México,Puebla,Activo,2024-04-13,4.0,4838.150000000001,1209.5375000000001,0.0,5.0,regex
332,Carlos Salas,orozcoflorencia@example.com,+34 879432756,38.0,Otro,Perú,Cusco,Suspendido,2024-03-06,2.0,3212.39,1606.195,0.0,,regex
333,Pacífica Rodríguez,luisa12@example.net,156-985-7002x7206,33.0,F,Venezuela,Barcelona,Activo,2025-03-29,3.0,1591.82,530.6066666666667,1.0,4.0,regex
334,René Cano,ascensioncastillo@example.net,1-772-429-5431,,,Chile,Antofagasta,Activo,2024-06-16,4.0,15147.17,3786.7925,0.0,,regex
335,José María Almansa,victoriaborrell@example.com,+34883206969,59.0,Otro,España,Valencia,Inactivo,2023-10-21,1.0,6458.26,6458.26,0.0,,regex
336,David Alcalá,hsaldana@example.org,+34871 447 626,,F,Argentina,Tucumán,Activo,2025-02-26,2.0,469.72,234.86,1.0,3.0,regex
337,Zoé Ripoll,bcoello@example.com,973.597.1072,72.0,M,Colombia,Cali,Activo,2026-04-12,1.0,209.92,209.92,0.0,,regex
338,Eric Piña,cadenaporfirio@example.org,+34922375990,21.0,Otro,México,Puebla,Inactivo,2024-02-13,3.0,3238.4,1079.4666666666667,0.0,5.0,regex
339,Hermelinda Nevárez,escobarjuan-bautista@example.org,1-721-586-2415,26.0,F,Chile,Antofagasta,Activo,2026-04-17,1.0,2523.61,2523.61,0.0,,regex
340,Gilberto Posada,sara48@example.com,(572)870-3203,,Otro,Colombia,Cartagena,Activo,2023-06-19,1.0,2058.08,2058.08,1.0,4.0,regex
341,Dalia Pulido,carmas@example.com,1-712-151-3422x849,73.0,M,Chile,Valparaíso,Activo,2025-02-08,1.0,369.52,369.52,0.0,,regex
342,Begoña Rico,maria-jesusvalentin@example.net.,+34 922 041 659,60.0,Otro,Chile,Santiago,Activo,2025-11-13,1.0,1479.39,1479.39,0.0,,regex
343,Ambrosio Seguí,mjimenez@example.net,+34 922097592,65.0,M,México,Tijuana,Inactivo,2025-12-12,2.0,1395.76,697.88,0.0,,regex
344,Irene Bejarano,ozunaflorencia@example.org,+34 945 103 266,63.0,M,Perú,Cusco,Inactivo,2025-04-19,4.0,2561.04,640.26,1.0,5.0,regex
345,Dionisio Salas,salvador25@example.net.,+34928837767,67.0,F,Chile,La Serena,Inactivo,2025-01-17,1.0,3238.46,3238.46,0.0,,regex
346,Aurora Negrete,frojas@example.org,1-327-881-4761,74.0,,Argentina,Córdoba,Inactivo,2025-05-30,0.0,0.0,,0.0,,regex
347,Felix Lucero,arrietaarmida@example.org,(179)454-9180x172,,Otro,Argentina,Buenos Aires,Activo,2025-11-19,3.0,3066.06,1022.02,0.0,2.0,regex
348,Celso Luevano,nrascon@example.com,(321)941-6800,64.0,F,Chile,Temuco,Activo,2023-09-15,3.0,2189.56,729.8533333333334,0.0,4.5,regex
349,Gabriela Rincón,nmadrigal@example.net.,1-641-220-3103x03723,49.0,,Chile,Antofagasta,Activo,2025-11-18,1.0,625.13,625.13,0.0,,regex
350,Chema Rivas,broca@example.org,+34 846 777 079,,F,Colombia,Cartagena,Activo,2023-12-17,1.0,5339.56,5339.56,1.0,3.0,regex
351,Amelia Aguilera,fricart@example.net,+76(7)8997308069,51.0,M,Perú,Iquitos,Activo,2025-01-06,2.0,547.87,273.935,0.0,3.0,regex
352,Vicente Rojas,coliver@example.net,+24(3)7573839597,66.0,,Perú,Arequipa,Inactivo,2026-01-02,2.0,762.4,381.2,0.0,4.0,regex
353,Lorena Rodríquez,lorenzoboix@example.net,232-971-6743,,,México,Puebla,Inactivo,2025-01-10,3.0,4341.99,1447.33,0.0,4.0,regex
354,Plinio Munguía,pastoravara@example.org,+34923 619 318,,M,Colombia,Bogotá,Activo,2024-10-25,2.0,3936.76,1968.38,0.0,,regex
355,Joaquín Lastra,ayusoangeles@example.com,01991808121,52.0,F,Perú,Cusco,Activo,2026-02-02,1.0,2683.38,2683.38,0.0,,regex
356,Luisa Quintanilla,corralesvicente@example.com.,137-603-7548,51.0,M,España,Bilbao,Activo,2023-08-12,2.0,626.66,313.33,1.0,1.0,regex
357,Linda Guillen,igracia@example.com,(785)072-0811x556,23.0,,Argentina,La Plata,Inactivo,2024-08-28,4.0,6278.17,1569.5425,0.0,5.0,regex
358,Alejandro Barco,rpadilla@example.net,550.489.2673x89975,,M,México,Puebla,Activo,2025-09-06,2.0,12245.19,6122.595,1.0,4.0,regex
359,Arturo Nadal,nicolastoledo@example.com,+34824 88 48 52,,,Colombia,Cartagena,Activo,2023-06-10,1.0,1583.63,1583.63,0.0,,regex
360,Fabiola Pichardo,peraltajuan-antonio@example.net,00174907539,,,Venezuela,Maturín,Activo,2024-05-28,3.0,5130.71,1710.2366666666667,0.0,,regex
361,Yeni Pina,mosqueraascension@example.net.,+34927 712 661,61.0,F,España,Madrid,Suspendido,2023-07-18,3.0,2059.01,686.3366666666667,1.0,,regex
362,Alba Salmerón,ines86@example.net,976-776-2282,31.0,Otro,Argentina,La Plata,Activo,2025-06-28,4.0,3542.51,885.6275,0.0,3.0,regex
363,Julie Garcia,vapodaca@example.org.,09611594082,22.0,F,Perú,Chiclayo,Activo,2024-06-21,0.0,0.0,,0.0,,regex
364,Hernán Ruelas,erasmorobles@example.org,(327)018-5106,39.0,F,Perú,Trujillo,Activo,2025-01-28,5.0,21355.35,4271.07,0.0,4.333333333333333,regex
365,Iván Roldán,annaserna@example.com.,519-966-3658,23.0,Otro,Perú,Iquitos,Activo,2026-03-26,2.0,4981.95,2490.975,0.0,4.0,regex
366,Germán Daza,chelo18@example.org,+34 988 90 98 37,67.0,,Argentina,La Plata,Suspendido,2023-09-19,2.0,3011.5,1505.75,0.0,,regex
367,Alejo Flórez,zblazquez@example.net,907-056-2608x564,49.0,M,Venezuela,Maturín,Activo,2023-09-13,1.0,7081.76,7081.76,0.0,,regex
368,Camila Machado,jose-mariborras@example.org,(209)520-0461x526,60.0,F,Perú,Chiclayo,Activo,2024-02-17,1.0,1131.96,1131.96,0.0,,regex
369,Baldomero Heras,wverdugo@example.net.,04057861706,63.0,M,Argentina,Rosario,Activo,2026-02-05,2.0,2003.95,1001.975,0.0,5.0,regex
370,Julio César Hoz,clementina67@example.org,+34 844582386,65.0,F,Perú,Iquitos,Activo,2023-06-25,3.0,5045.02,1681.6733333333334,0.0,4.0,regex
371,Silvano de la Fuente,toledoleandro@example.net,(653)984-0289x14161,66.0,F,Colombia,Bogotá,Activo,2025-07-13,3.0,1302.81,434.27,0.0,4.0,ner
372,Magdalena Vargas,teresa47@example.com,+34920 53 79 50,50.0,F,Chile,Temuco,Activo,2025-04-18,3.0,4473.63,1491.21,0.0,5.0,regex
373,Emelina Acuña,severianotorrijos@example.com.,+34 822807156,68.0,F,Chile,Concepción,Inactivo,2024-07-07,3.0,2316.2000000000003,772.0666666666667,0.0,2.0,regex
374,Edelmiro Nevárez,oagusti@example.net.,+34886 53 19 43,75.0,M,Perú,Arequipa,Suspendido,2026-04-19,3.0,5440.47,1813.49,0.0,4.0,regex
375,Alejandro Salcedo,ferrandezotilia@example.net,04987283999,35.0,F,Argentina,Rosario,Activo,2023-07-21,2.0,434.32,217.16,0.0,1.0,regex
376,Marcia Castejón,octaviolara@example.org,+34986 94 87 06,,F,Colombia,Barranquilla,Activo,2025-12-01,1.0,1869.98,1869.98,0.0,,regex
377,Magdalena Lara,xvalbuena@example.net,+34 877046875,26.0,F,Colombia,Medellín,Activo,2024-07-13,3.0,5826.46,1942.1533333333334,0.0,5.0,regex
378,Ariadna Gonzalez,haroelsa@example.org.,(110)760-9543,,,Argentina,Córdoba,Inactivo,2024-10-11,1.0,528.65,528.65,0.0,,regex
379,Ana Solís,rodenasmaria-cristina@example.org,1-110-065-1207x0496,38.0,Otro,México,Tijuana,Activo,2023-08-30,0.0,0.0,,0.0,,regex
380,Celia Mariño,ncaldera@example.com,+34707676991,65.0,Otro,Argentina,Tucumán,Inactivo,2025-04-23,2.0,2361.65,1180.825,0.0,4.0,regex
381,Wilfredo Villagómez,calderonalbano@example.net,+34 872 928 456,38.0,F,Venezuela,Barquisimeto,Activo,2025-07-13,3.0,1358.0,452.6666666666667,0.0,2.0,regex
382,Eduardo Cervantes,castellmateo@example.net,549-822-7495x4508,,,Colombia,Cali,Activo,2023-07-12,1.0,36.32,36.32,0.0,,regex
383,Telmo Estévez,mireiabayona@example.com,+34 977795995,47.0,,España,Madrid,Activo,2024-08-11,2.0,3439.32,1719.66,1.0,5.0,regex
384,Cruz Arias,abelardogarica@example.net,+34975 933 756,61.0,,España,Sevilla,Activo,2024-07-22,3.0,4544.78,1514.9266666666665,0.0,3.0,regex
385,Primitivo Benavent,vacacamila@example.org,1-395-003-3423x425,,F,México,Monterrey,Activo,2023-11-22,2.0,405.33000000000004,202.66500000000002,0.0,5.0,regex
386,Gabriel Campos,reynaldocantero@example.com,+34 902 735 528,,,Chile,Santiago,Inactivo,2025-12-28,0.0,0.0,,0.0,,regex
387,Diego Castrillo,bertapineda@example.net,1-963-099-3842,23.0,,Chile,Antofagasta,Activo,2024-02-05,1.0,617.72,617.72,0.0,,regex
388,Carmen Fuentes,kbaron@example.net,857-872-5587x77496,54.0,Otro,Chile,Santiago,Inactivo,2023-12-24,2.0,1103.77,551.885,0.0,2.0,regex
389,Vito Priego,teodoro69@example.org.,812-147-8539,,M,Argentina,Mendoza,Activo,2024-10-01,0.0,0.0,,0.0,,regex
390,Luis Robles,znazario@example.com,602-734-1514,,,Chile,Temuco,Inactivo,2025-09-18,3.0,1922.82,640.9399999999999,1.0,4.0,regex
391,Clímaco Bellido,trevinoelvira@example.com,+34 922444392,27.0,F,Perú,Chiclayo,Activo,2023-05-20,2.0,2580.9700000000003,1290.4850000000001,0.0,,regex
392,Guillermina Páez,rodriquezursula@example.net,+34944 33 37 38,,F,España,Barcelona,Activo,2025-07-10,3.0,8698.779999999999,2899.593333333333,0.0,5.0,regex
393,Jacinto Millán,nrios@example.com.,(052)924-0755x3666,46.0,Otro,Colombia,Bogotá,Inactivo,2024-05-02,3.0,5264.56,1754.8533333333335,0.0,4.0,regex
394,Clementina Chamorro,clementina99@example.net,361-863-7159x741,19.0,,Perú,Trujillo,Activo,2023-09-02,2.0,420.75,210.375,0.0,,regex
395,Amílcar Amador,buenaventurapolo@example.com,+34878481705,29.0,Otro,México,Mérida,Activo,2023-11-15,0.0,0.0,,0.0,,regex
396,Julio César Cano,vtejera@example.org,1-234-672-9949,58.0,,Venezuela,Caracas,Activo,2024-11-11,0.0,0.0,,0.0,,regex
397,Gerónimo Aguilera,zbaro@example.net,+34985597779,46.0,Otro,Chile,Antofagasta,Inactivo,2025-07-27,2.0,704.41,352.205,0.0,,regex
398,Verónica Montenegro,adel-rio@example.org,+34957629160,69.0,,Venezuela,Maturín,Suspendido,2026-01-05,2.0,1054.79,527.395,0.0,5.0,regex
399,Leocadio Barrera,wreina@example.net,+34928 11 85 67,,F,México,Ciudad de México,Inactivo,2024-02-12,3.0,1345.55,448.51666666666665,1.0,3.0,regex
400,Óscar Beltran,vmontalvo@example.com,+34944004125,55.0,,Chile,Santiago,Activo,2024-10-23,2.0,2991.87,1495.935,0.0,,regex
401,Celestino Río,klorenzo@example.org,+34 826 241 862,57.0,Otro,Perú,Arequipa,Activo,2025-05-15,2.0,15064.58,7532.29,0.0,,regex
402,Inés Corrales,diego30@example.net,+34 971 08 16 47,,F,Argentina,Mendoza,Activo,2025-02-24,2.0,5037.5,2518.75,1.0,,regex
403,María Pilar Ferrer,violeta33@example.org,+34948 00 53 13,,F,Colombia,Medellín,Suspendido,2025-09-30,1.0,185.73,185.73,0.0,,regex
404,Lourdes Arregui,menairene@example.net,+34 874 86 61 33,36.0,M,México,Ciudad de México,Activo,2024-06-04,2.0,4619.68,2309.84,0.0,3.0,regex
405,Albino Mata,dgarcia@example.org,+34886 950 136,26.0,M,España,Bilbao,Inactivo,2025-08-29,2.0,3622.4,1811.2,1.0,4.0,regex
406,Benjamín Infante,evangelina62@example.com,+34 920715099,49.0,F,Chile,Temuco,Inactivo,2024-07-03,2.0,3338.82,1669.41,0.0,4.0,regex
407,Anita Guerrero,mendizabaljordi@example.net,910.257.4326,68.0,M,Chile,Antofagasta,Activo,2025-04-13,5.0,4443.42,888.684,0.0,,regex
408,Águeda Méndez,maximino08@example.com,+35(5)3380339685,54.0,Otro,México,Mérida,Inactivo,2024-09-06,1.0,3060.87,3060.87,0.0,,regex
409,Berto Barrios,cidhernando@example.org,+34849 983 381,70.0,F,Argentina,Tucumán,Suspendido,2025-07-13,2.0,13240.599999999999,6620.299999999999,0.0,5.0,regex
410,Daniel Hierro,samuelguzman@example.com,1-734-715-6627x7689,46.0,Otro,España,Bilbao,Activo,2025-08-21,1.0,5467.51,5467.51,0.0,,regex
411,Alejandra Ponce,dulce82@example.net,+34882 67 47 46,71.0,,España,Bilbao,Activo,2023-07-28,3.0,5784.71,1928.2366666666667,1.0,4.0,regex
412,Ligia Estévez,adalbertoalberto@example.net,666.567.4916x016,67.0,M,Colombia,Cali,Activo,2023-12-09,1.0,341.78,341.78,0.0,4.0,regex
413,Florencia Saucedo,ana-luisa66@example.net,+34 880 70 50 24,40.0,Otro,Chile,Temuco,Suspendido,2026-03-10,3.0,1745.99,581.9966666666667,0.0,,regex
414,José Manuel Cuéllar,brufidela@example.net.,918-362-6448x869,,M,Venezuela,Maracaibo,Activo,2025-07-23,1.0,149.65,149.65,0.0,,regex
415,César Collazo,leonelmanzanares@example.org,+34979 01 16 86,,,México,Ciudad de México,Activo,2025-07-22,1.0,5414.62,5414.62,1.0,3.0,regex
416,Gabriel Escamilla,amandaespada@example.net,+34972 93 23 02,21.0,F,Venezuela,Maturín,Activo,2024-02-19,4.0,1391.15,347.7875,0.0,,regex
417,Marcos Delgado,che61@example.com,+34 924 09 37 71,71.0,,Perú,Trujillo,Inactivo,2023-07-16,0.0,0.0,,0.0,,regex
418,Graciela Caballero,penaelisa@example.net,759.655.5535,46.0,,Colombia,Cartagena,Activo,2026-04-13,2.0,395.2,197.6,0.0,3.0,regex
419,Benito Saura,aldonzazarate@example.org,1-357-978-6305x05057,38.0,Otro,Colombia,Bogotá,Activo,2025-03-06,0.0,0.0,,0.0,,regex
420,Sara Olivé,ucamarillo@example.com.,328.980.2714x8727,23.0,Otro,Venezuela,Maturín,Inactivo,2024-10-20,0.0,0.0,,0.0,,regex
421,Jose Francisco Donaire,royoligia@example.org,+34921643471,43.0,M,Venezuela,Barcelona,Inactivo,2026-02-15,2.0,5364.55,2682.275,0.0,,regex
422,Aurora Garrido,rene68@example.com.,+34 877 414 111,38.0,F,Colombia,Medellín,Activo,2025-07-30,3.0,5123.16,1707.72,0.0,,regex
423,Marcela Pedro,ricardo90@example.com.,+34 987 36 65 52,75.0,Otro,Colombia,Barranquilla,Activo,2023-09-04,2.0,10521.789999999999,5260.8949999999995,0.0,,regex
424,Bárbara Mata,pilar37@example.net,942-095-4814,72.0,,España,Madrid,Inactivo,2025-04-01,5.0,4108.47,821.6940000000001,1.0,3.0,regex
425,Ana Belén Ocampo,ezequiel33@example.net,+34857 642 086,23.0,,México,Tijuana,Activo,2024-08-15,2.0,1320.6399999999999,660.3199999999999,0.0,,regex
426,Jaqueline Ornelas,lorenzo38@example.com,+34 842 59 04 72,43.0,,México,Monterrey,Activo,2024-09-06,0.0,0.0,,0.0,,regex
427,Guillermo Gallego,macariaagullo@example.com,+34 845662015,,,Perú,Chiclayo,Inactivo,2023-11-23,2.0,530.01,265.005,0.0,,regex
428,Desiderio Villaseñor,soledadpaez@example.org,+34 833674926,18.0,Otro,Colombia,Cartagena,Activo,2025-09-09,1.0,5441.27,5441.27,0.0,,regex
429,Gerardo Nazario,carnerocelestino@example.org,830-999-7419x26764,62.0,,Venezuela,Caracas,Inactivo,2023-08-27,2.0,11600.83,5800.415,0.0,,regex
430,Leyre Ramirez,etorres@example.net,+34 874 12 92 08,24.0,F,Venezuela,Barcelona,Activo,2025-10-04,0.0,0.0,,0.0,,regex
431,Aníbal Fábregas,jerezrenata@example.org,+34 841845826,,,México,Monterrey,Activo,2024-02-07,3.0,5141.17,1713.7233333333334,0.0,,regex
432,Aurelia Tejeda,reynaldosalas@example.net,598-831-0303x2432,40.0,Otro,México,Ciudad de México,Activo,2025-02-17,1.0,2474.85,2474.85,1.0,1.0,regex
433,Carolina Benavídez,juana26@example.com,+34 882 62 83 14,46.0,M,Chile,Santiago,Activo,2025-07-02,0.0,0.0,,0.0,,regex
434,Simón Molina,malvarez@example.org.,+34 885 181 861,55.0,Otro,México,Mérida,Inactivo,2025-04-11,2.0,1049.59,524.795,1.0,2.0,regex
435,Isabela Concepción,agustin16@example.org,01284971859,,M,México,Mérida,Activo,2025-01-04,1.0,690.7,690.7,0.0,,regex
436,Teófila Donaire,wduran@example.net,924.082.2269x405,19.0,,Venezuela,Maracaibo,Activo,2025-05-23,3.0,3372.75,1124.25,1.0,3.0,regex
437,María José Ródenas,ssandoval@example.com,341-465-1113x1290,59.0,M,Colombia,Medellín,Activo,2025-08-02,2.0,6454.26,3227.13,0.0,5.0,regex
438,Adalberto Sauceda,gvalenciano@example.net,+34 946093068,22.0,Otro,Perú,Lima,Activo,2024-02-02,2.0,5737.6,2868.8,0.0,4.0,regex
439,Elvira de la Garza,carlitopedraza@example.org.,+67(6)2515381447,42.0,Otro,Argentina,Rosario,Inactivo,2024-02-25,2.0,846.79,423.395,0.0,,ner
440,Malena Gamboa,rivasserafin@example.com,+34926097545,19.0,Otro,Venezuela,Maracaibo,Activo,2023-05-16,1.0,8080.29,8080.29,0.0,5.0,regex
441,Samu Aguirre,mtellez@example.org,+34 947 170 243,50.0,F,Venezuela,Maturín,Suspendido,2024-07-17,1.0,112.6,112.6,1.0,3.0,regex
442,José Echeverría,quinonesvictor@example.com,+34843 56 05 31,43.0,M,Colombia,Cartagena,Suspendido,2024-03-18,1.0,434.71,434.71,0.0,,regex
443,Ruperto Meraz,griseldaflor@example.com,06787256862,50.0,,Argentina,Rosario,Activo,2026-03-25,1.0,2048.88,2048.88,0.0,,regex
444,Edmundo Núñez,baldomeronogues@example.com.,+34 967 447 163,61.0,Otro,Venezuela,Barquisimeto,Activo,2025-07-18,0.0,0.0,,0.0,,regex
445,Josep Carrero,yeniportillo@example.org,1-189-239-2312,23.0,,España,Sevilla,Activo,2023-05-30,1.0,508.45,508.45,0.0,,regex
446,Ciriaco Pinto,tania33@example.com,086.041.4545x635,65.0,M,Perú,Arequipa,Activo,2023-11-26,3.0,8942.52,2980.84,0.0,2.3333333333333335,regex
447,Baldomero Galindo,mlemus@example.org,(475)541-1082,40.0,Otro,México,Mérida,Suspendido,2024-06-09,2.0,2456.86,1228.43,1.0,3.0,regex
448,Rolando Granados,rocioolivo@example.org.,+34 842910933,28.0,,Perú,Chiclayo,Activo,2026-02-18,2.0,3642.25,1821.125,0.0,3.0,regex
449,Carina Madera,oswaldocorrales@example.org,+34871684855,,,Argentina,Buenos Aires,Activo,2025-03-31,2.0,4793.450000000001,2396.7250000000004,0.0,,regex
450,Visitación Barreto,gsoria@example.org.,+34885240903,21.0,F,Chile,Antofagasta,Suspendido,2024-11-03,2.0,10069.61,5034.805,0.0,,regex
451,Fito Saucedo,mpacheco@example.com.,+34 860 29 39 08,61.0,Otro,España,Málaga,Activo,2024-11-13,1.0,8286.54,8286.54,0.0,,regex
452,Hernán Marti,de-la-torreesparta@example.org,+34888024240,48.0,F,México,Puebla,Inactivo,2026-04-29,2.0,2105.63,1052.815,0.0,,regex
453,Bienvenida Abella,irma18@example.com,+34946945005,53.0,,México,Puebla,Inactivo,2025-07-19,1.0,1081.01,1081.01,0.0,,regex
454,Diana Alemán,ojimenez@example.net,+34 971 35 43 96,70.0,M,Argentina,Córdoba,Suspendido,2024-09-10,4.0,9057.65,2264.4125,1.0,4.5,regex
455,José Carlos Tello,descudero@example.org,+34 871972404,20.0,F,México,Ciudad de México,Activo,2026-01-05,3.0,8639.029999999999,2879.6766666666663,0.0,3.0,regex
456,Sandra Baños,roldanjose-luis@example.com,08209166010,67.0,F,Venezuela,Maracaibo,Activo,2023-10-02,3.0,11991.17,3997.056666666667,0.0,,regex
457,Julio Alcalde,nevadoreyna@example.net,+34873 279 724,68.0,F,Argentina,Tucumán,Suspendido,2024-10-16,1.0,1781.18,1781.18,0.0,,regex
458,Basilio Tórrez,arribascristian@example.net,08620303662,,Otro,Venezuela,Valencia,Activo,2025-04-28,3.0,9569.76,3189.92,1.0,,regex
459,África Carreón,blancagarrido@example.org.,195.151.0922,74.0,,Perú,Cusco,Activo,2024-12-12,2.0,10133.33,5066.665,1.0,3.0,regex
460,Iris Cornejo,jaqueline14@example.com,102-252-6771,24.0,M,Perú,Chiclayo,Suspendido,2025-02-02,2.0,7999.5,3999.75,0.0,5.0,regex
461,Clemente Moraleda,maria-fernandaplaza@example.com.,676.952.3668,,M,Colombia,Bogotá,Activo,2024-12-14,5.0,11567.990000000002,2313.5980000000004,0.0,2.0,regex
462,Rodrigo Robles,gutierrezporfirio@example.org,+34715 87 21 05,23.0,Otro,Colombia,Medellín,Activo,2025-11-26,4.0,24218.190000000002,6054.547500000001,0.0,4.0,regex
463,Macario Colón,enriquegarrido@example.org,+34 832 606 501,21.0,F,Chile,Santiago,Activo,2024-10-14,1.0,1084.37,1084.37,0.0,,regex
464,Amor Pavón,hierrocarmelo@example.org,272-847-6570,62.0,Otro,Venezuela,Maracaibo,Activo,2023-09-09,0.0,0.0,,0.0,,regex
465,Socorro Durán,prietopepita@example.com,(498)436-2418x6236,67.0,Otro,México,Guadalajara,Activo,2024-01-05,4.0,1208.3700000000001,302.09250000000003,0.0,4.0,regex
466,Pacífica Solís,ursula66@example.org,+34 936 34 11 15,25.0,Otro,Argentina,Buenos Aires,Activo,2023-06-10,2.0,17324.629999999997,8662.314999999999,0.0,,regex
467,Dalia Bas,mendozagodofredo@example.net,+34743 419 909,37.0,F,México,Puebla,Activo,2023-06-30,2.0,1730.82,865.41,0.0,5.0,regex
468,Aurelio Aguilera,leonel83@example.com,521.568.1820x96790,69.0,Otro,España,Bilbao,Activo,2023-11-03,1.0,159.9,159.9,0.0,,regex
469,Arcelia Guardiola,maria-josecuevas@example.net,1-254-596-0633,20.0,M,Perú,Iquitos,Activo,2025-01-21,2.0,1096.2,548.1,0.0,,regex
470,Beatriz Clavero,samaniegobarbara@example.com,(421)495-5112,61.0,F,Chile,Valparaíso,Activo,2024-02-17,4.0,2970.22,742.555,0.0,,regex
471,Francisco Cintrón,xarino@example.com,(927)589-5516x874,43.0,F,México,Monterrey,Suspendido,2025-03-21,3.0,8392.24,2797.4133333333334,0.0,1.0,regex
472,Manu Aguiló,mansoremigio@example.org,03671577871,25.0,M,España,Valencia,Activo,2023-11-24,2.0,1409.65,704.825,0.0,3.0,regex
473,Yéssica Prieto,emulet@example.com,737.147.0827,,,México,Ciudad de México,Activo,2026-04-27,4.0,7584.39,1896.0975,0.0,2.0,regex
474,Anel Posada,anagalarza@example.org,421-214-6147,19.0,M,Venezuela,Barquisimeto,Activo,2024-12-06,0.0,0.0,,0.0,,regex
475,Dulce María Bru,hector23@example.com,782.659.6089x319,,F,Colombia,Cali,Activo,2024-04-29,0.0,0.0,,0.0,,regex
476,Adela Segarra,hmoliner@example.net,807-279-1033,43.0,F,Colombia,Medellín,Activo,2025-06-12,2.0,356.52,178.26,0.0,4.0,regex
477,Eliana Gálvez,eliasvelazquez@example.org,044.817.7665,35.0,,México,Guadalajara,Activo,2025-11-03,2.0,1292.3400000000001,646.1700000000001,0.0,5.0,regex
478,Octavio Carrera,xromero@example.org,+34988 664 649,44.0,Otro,Argentina,Mendoza,Inactivo,2026-05-05,4.0,3124.91,781.2275,1.0,2.0,regex
479,Chuy Reina,ocabo@example.com.,+34 888 63 37 86,59.0,Otro,Colombia,Medellín,Activo,2023-12-11,3.0,10640.75,3546.9166666666665,0.0,,regex
480,Carlota Rivera,xaguilar@example.org,446-306-0002,40.0,F,Venezuela,Valencia,Suspendido,2025-11-17,3.0,2433.17,811.0566666666667,1.0,1.0,regex
481,Israel Ropero,nfernandez@example.net,+96(2)6265826312,,F,Argentina,Tucumán,Inactivo,2025-04-02,2.0,24765.49,12382.745,0.0,,regex
482,Soledad Uribe,herminio11@example.org,+92(0)9819602752,75.0,F,México,Monterrey,Activo,2025-04-25,3.0,4473.21,1491.07,0.0,,regex
483,Manuel Higueras,victoria04@example.org,+34729 11 79 11,40.0,Otro,Colombia,Barranquilla,Activo,2024-03-15,2.0,1467.8,733.9,0.0,5.0,regex
484,Ciro Urrutia,julio-cesarcampos@example.com,+34947 171 366,60.0,,España,Málaga,Activo,2025-04-04,0.0,0.0,,0.0,,regex
485,Cynthia Martín,georginaangulo@example.org,799.802.8413,40.0,,Chile,Concepción,Activo,2024-12-18,1.0,294.35,294.35,0.0,4.0,regex
486,Inocencio Carrero,moranemiliano@example.org,+34841 447 315,55.0,M,Perú,Chiclayo,Activo,2024-10-03,1.0,332.18,332.18,0.0,,regex
487,Marco Antonio Espinoza,elvialeon@example.com,+34 912376769,54.0,M,Chile,Temuco,Inactivo,2025-10-21,3.0,3273.96,1091.32,0.0,4.0,regex
488,Elvira Portillo,raul17@example.org,+34 983496498,,Otro,España,Málaga,Activo,2024-07-20,3.0,2937.52,979.1733333333333,0.0,,regex
489,Geraldo Portillo,jose-luis13@example.net,251.050.5379,39.0,Otro,México,Monterrey,Activo,2026-01-20,1.0,670.18,670.18,0.0,,regex
490,Rogelio Zarate,cristianlobo@example.net.,+34948 65 53 30,,M,Venezuela,Maracaibo,Activo,2024-11-07,2.0,651.6500000000001,325.82500000000005,1.0,4.0,regex
491,Lucía Casanova,rubymena@example.net,904.090.7426,63.0,Otro,España,Málaga,Inactivo,2026-01-16,4.0,7724.36,1931.09,1.0,,regex
492,Nicolás Baños,pelayohermelinda@example.com,618.579.0647,,F,México,Tijuana,Inactivo,2025-11-26,3.0,4296.33,1432.11,1.0,4.0,regex
493,Pía Candelaria,asdrubalalarcon@example.org,+34 921 632 135,68.0,,Perú,Arequipa,Activo,2026-02-27,0.0,0.0,,0.0,,regex
494,Juan Antonio Cano,carlito45@example.net,229-712-5296,,M,México,Tijuana,Suspendido,2025-05-12,4.0,7830.73,1957.6825,0.0,4.0,regex
495,Crescencia Saiz,maximiliano31@example.com,1-158-331-1703,32.0,,Venezuela,Barquisimeto,Suspendido,2023-09-02,0.0,0.0,,0.0,,regex
496,Odalys Marrero,nataliacaraballo@example.org.,+34 928 679 836,40.0,,España,Málaga,Activo,2023-07-25,3.0,1477.69,492.56333333333333,0.0,3.0,regex
497,Daniel Vélez,inigocampo@example.net.,+34 880 072 407,31.0,,España,Madrid,Activo,2024-05-30,1.0,247.75,247.75,0.0,,regex
498,Áurea Pablo,cornelioosorio@example.net,507-451-0663x4362,64.0,F,Colombia,Cartagena,Activo,2024-12-11,4.0,1850.6399999999999,462.65999999999997,1.0,3.5,regex
499,Norma Cardona,dangimenez@example.org.,+34 800 943 181,,Otro,Colombia,Medellín,Inactivo,2024-01-14,4.0,24496.82,6124.205,1.0,,regex
500,Julio César Campos,ana-sofia32@example.org.,494-012-8974,32.0,M,Perú,Cusco,Inactivo,2024-05-09,0.0,0.0,,0.0,,regex
501,Claudia Sánchez,alejandra24@example.org,+34709 579 073,22.0,F,Argentina,Buenos Aires,Activo,2023-09-07,4.0,2735.57,683.8925,0.0,,regex
502,Claudia Gil,matildeburgos@example.org.,577.584.7457x05458,22.0,,México,Guadalajara,Activo,2023-09-11,1.0,7700.76,7700.76,0.0,4.0,regex
503,Eusebio Garay,anastasia03@example.net,313.614.8782,56.0,F,Perú,Chiclayo,Activo,2026-02-01,3.0,1418.1399999999999,472.7133333333333,1.0,,regex
504,Isabel Villalpando,horacio30@example.net,167.954.1072x7284,53.0,Otro,Colombia,Cartagena,Suspendido,2024-04-07,2.0,2823.25,1411.625,0.0,4.0,regex
505,Andrés Alejandro,gamboaguillermina@example.net,+34 807 740 650,43.0,Otro,España,Sevilla,Suspendido,2024-02-10,4.0,1556.51,389.1275,1.0,5.0,regex
506,Gloria Boix,elsapreciado@example.net,+34888 307 536,,,México,Guadalajara,Inactivo,2024-07-21,2.0,3584.8,1792.4,0.0,,regex
507,Teodora Madrid,ramonpulido@example.net.,1-234-268-3441,19.0,M,México,Monterrey,Activo,2024-06-26,2.0,482.43,241.215,0.0,,regex
508,Beatriz Zurita,nadia57@example.com,1-667-080-6129,75.0,Otro,Colombia,Cartagena,Activo,2023-09-27,1.0,298.91,298.91,0.0,,regex
509,Ana Castillo,riosnorma@example.com,+34 823 04 15 91,29.0,F,Colombia,Cartagena,Activo,2025-01-19,0.0,0.0,,0.0,,regex
510,Anel Vicente,ascensioncobos@example.net,324-407-9311,,Otro,Chile,Concepción,Activo,2023-10-25,2.0,1727.79,863.895,0.0,,regex
511,Aurora Huertas,saezamador@example.net,014-672-3849x791,32.0,Otro,Colombia,Medellín,Activo,2023-10-18,0.0,0.0,,0.0,,regex
512,Gil Hernandez,albatenorio@example.com,197)546-6176,44.0,Otro,Venezuela,Barquisimeto,Inactivo,2025-01-18,0.0,0.0,,0.0,,regex
513,Custodia Aponte,motaclara@example.com.,025-883-5868,,,España,Barcelona,Activo,2023-11-18,1.0,2129.19,2129.19,0.0,,regex
514,Pastor Rico,milagros46@example.org,792-988-4259x959,29.0,M,España,Barcelona,Activo,2023-07-24,2.0,2062.6400000000003,1031.3200000000002,1.0,5.0,regex
515,Reyes Guardiola,valerairis@example.com,312.661.0941,,M,México,Puebla,Inactivo,2025-11-24,4.0,5737.28,1434.32,0.0,4.0,regex
516,Vasco Zepeda,miguel-angelcampos@example.net,298-334-7743,69.0,M,Argentina,Tucumán,Activo,2023-08-13,0.0,0.0,,0.0,,regex
517,Eva Frutos,teodoraadadia@example.com,1-815-287-3397x8559,51.0,F,Venezuela,Barquisimeto,Activo,2025-10-05,5.0,5232.0,1046.4,0.0,5.0,regex
518,Luis Batista,micaelavillar@example.com,+34 837 309 850,,F,Chile,Santiago,Activo,2025-10-27,1.0,277.19,277.19,0.0,4.0,regex
519,Fidel Muñiz,luciobenavides@example.net,+34 984 98 46 90,24.0,Otro,Chile,Temuco,Activo,2025-02-07,1.0,139.47,139.47,0.0,4.0,regex
520,Úrsula Antúnez,mibarra@example.com.,+34843385037,,F,Venezuela,Valencia,Inactivo,2025-10-10,1.0,1486.06,1486.06,0.0,,regex
521,Osvaldo Rico,rcastilla@example.net,+34826078356,29.0,,Colombia,Barranquilla,Inactivo,2024-04-07,3.0,2247.51,749.1700000000001,0.0,,regex
522,Alfonso Amo,jalfaro@example.com.,+34 943 626 682,74.0,F,España,Málaga,Activo,2024-09-01,0.0,0.0,,0.0,,regex
523,Jesús Novoa,granadosesther@example.org.,+34877689003,70.0,,España,Barcelona,Activo,2023-08-02,3.0,5329.02,1776.3400000000001,0.0,,regex
524,Valentín Lumbreras,pancho93@example.com,+34944 71 11 48,26.0,F,España,Sevilla,Inactivo,2024-11-03,3.0,19799.87,6599.956666666666,0.0,2.0,regex
525,Estefanía Madrid,ursula38@example.com,1-881-056-9741x32834,64.0,F,Argentina,Tucumán,Suspendido,2023-09-22,3.0,11891.070000000002,3963.6900000000005,0.0,1.0,regex
526,Andrés Felipe Sacristán,alonsomodesto@example.org,964-104-9670,65.0,F,Venezuela,Barquisimeto,Suspendido,2024-07-05,2.0,1356.1100000000001,678.0550000000001,0.0,5.0,regex
527,Jacobo Pinilla,qbadia@example.com,+34 988 50 95 49,,M,Venezuela,Valencia,Activo,2025-08-17,1.0,1869.99,1869.99,0.0,5.0,regex
528,Silvia Ponce,ponslorena@example.net,(769)984-2673x2044,29.0,M,Chile,Antofagasta,Activo,2026-05-09,2.0,680.3299999999999,340.16499999999996,0.0,1.0,regex
529,Iván Arellano,gabriel49@example.org.,+34 902 95 42 77,47.0,M,México,Tijuana,Activo,2024-09-04,1.0,446.5,446.5,0.0,2.0,regex
530,Alejandro Rosado,lbarragan@example.org,851.724.4472x3229,43.0,Otro,Colombia,Cartagena,Activo,2024-01-21,2.0,8510.4,4255.2,0.0,,regex
531,Gerónimo Venegas,uribeesperanza@example.org.,058-093-5118,29.0,F,Chile,Santiago,Suspendido,2023-09-12,1.0,32.11,32.11,0.0,,regex
532,Jordi Moreno,pbecerra@example.com,059-556-5749,71.0,Otro,Argentina,Córdoba,Activo,2023-11-02,2.0,5938.62,2969.31,1.0,,regex
533,Luis Ángel Amigó,nuriamillan@example.net,1-690-261-1398,67.0,,Venezuela,Caracas,Activo,2024-12-21,1.0,698.25,698.25,0.0,,regex
534,Rebeca Sureda,gabriel39@example.com,+34 922 353 751,19.0,Otro,Colombia,Bucaramanga,Activo,2024-09-09,1.0,907.33,907.33,0.0,,regex
535,Jos Ortiz,francisca79@example.org,(392)836-9294x455,32.0,F,Chile,Valparaíso,Suspendido,2023-08-08,0.0,0.0,,0.0,,regex
536,Natalia Urrutia,saritasantiago@example.org,+34836 487 120,63.0,Otro,Argentina,Córdoba,Activo,2023-06-06,7.0,11996.560000000001,1713.794285714286,1.0,2.0,regex
537,Camilo Villa,imoreno@example.com,+34 900 155 999,,F,Colombia,Bogotá,Activo,2026-05-04,0.0,0.0,,0.0,,regex
538,Candelario Rangel,spulido@example.com,+34 869812099,60.0,,España,Valencia,Suspendido,2025-05-18,3.0,10283.380000000001,3427.7933333333335,1.0,,regex
539,Juan Quiñones,maria-teresa13@example.com.,1-098-898-6456,22.0,,España,Sevilla,Activo,2025-08-18,1.0,1732.09,1732.09,0.0,5.0,regex
540,Ariel Ros,berta54@example.org,+34 888 477 324,51.0,M,México,Tijuana,Activo,2026-04-28,4.0,1510.01,377.5025,0.0,2.0,regex
541,Ámbar Lopez,gabaldoncarmina@example.net,+34739088307,43.0,,Venezuela,Maturín,Activo,2024-06-19,0.0,0.0,,0.0,,regex
542,Reina Rael,hmarquez@example.net,+34971 67 41 24,,F,Argentina,Mendoza,Inactivo,2026-04-06,2.0,12779.9,6389.95,1.0,2.5,regex
543,Marcela Benavente,natividadmeza@example.com,815-061-8538,63.0,,Argentina,Buenos Aires,Suspendido,2025-12-21,3.0,3942.95,1314.3166666666666,0.0,,regex
544,Ignacia Lara,mercedesescobar@example.net,(231)830-6178,72.0,M,Chile,Concepción,Suspendido,2025-06-27,1.0,4157.82,4157.82,0.0,,regex
545,Silvio Olivares,alondra82@example.com,+34888 77 69 58,64.0,Otro,Perú,Lima,Activo,2024-03-29,4.0,3027.1000000000004,756.7750000000001,0.0,2.0,regex
546,Daniel Perea,fernando61@example.org,1-156-277-9630,23.0,,Argentina,Tucumán,Activo,2024-02-28,4.0,3300.85,825.2125,0.0,2.0,regex
547,Tania Ballesteros,zeferino56@example.com.,(640)473-5047x639,,,Argentina,Córdoba,Activo,2024-12-18,2.0,3113.05,1556.525,0.0,,regex
548,Encarna Ceballos,pinillacipriano@example.net,810.835.8328,,M,España,Sevilla,Suspendido,2025-12-08,1.0,862.16,862.16,0.0,3.0,regex
549,Luis Ángel Pereira,jgalvan@example.net,+34 710081867,73.0,M,Colombia,Barranquilla,Activo,2023-10-30,2.0,766.59,383.295,0.0,,regex
550,Alberto Huertas,maribel16@example.net.,411-186-0089,54.0,F,Argentina,Córdoba,Activo,2023-08-23,4.0,4815.87,1203.9675,0.0,4.0,regex
551,Eloisa Mejía,madridgerardo@example.com,+34 826 497 646,58.0,M,Colombia,Bucaramanga,Activo,2024-01-09,6.0,7103.69,1183.9483333333333,0.0,3.5,regex
552,Ramiro Rosas,juanaalfaro@example.com,817.390.6375,54.0,M,México,Monterrey,Inactivo,2025-01-17,5.0,2514.71,502.942,0.0,3.0,regex
553,Isabela Blanes,hipolitotrillo@example.net.,+34 823269789,26.0,Otro,Venezuela,Caracas,Inactivo,2023-07-14,3.0,794.14,264.7133333333333,0.0,,regex
554,Flavio Márquez,alejandromedina@example.net,+43(8)7875357788,52.0,M,España,Bilbao,Activo,2026-02-13,4.0,2209.66,552.415,0.0,4.5,regex
555,Araceli Cavazos,auroracarrion@example.org,+34961067287,30.0,,Argentina,Tucumán,Activo,2025-08-08,1.0,137.79,137.79,0.0,,regex
556,Leonor Martin,umariscal@example.net,595-922-4839x5894,26.0,M,Argentina,Tucumán,Inactivo,2024-09-29,2.0,2434.03,1217.015,1.0,,regex
557,Celia Zamora,matiaslorena@example.org,+34 976104331,37.0,F,Venezuela,Maturín,Inactivo,2024-05-07,2.0,2629.89,1314.945,0.0,4.0,regex
558,Etelvina Villegas,ordonezfanny@example.net,+34924 03 44 69,39.0,F,Perú,Lima,Activo,2024-06-16,2.0,516.16,258.08,0.0,5.0,regex
559,Florencia Berenguer,gasconlino@example.org,1-128-965-9994x9732,19.0,,México,Guadalajara,Activo,2025-09-15,2.0,2163.7,1081.85,0.0,,regex
560,Ciriaco Clemente,uabad@example.org,+34 843 87 67 54,50.0,M,España,Sevilla,Activo,2024-01-29,2.0,414.5,207.25,1.0,,regex
561,José María Rojo,octavio58@example.org.,+34 848 42 68 77,,,Perú,Arequipa,Suspendido,2025-05-31,3.0,5770.09,1923.3633333333335,1.0,2.0,regex
562,Uriel Domínguez,rita75@example.net,1-983-652-0375,44.0,,Perú,Arequipa,Inactivo,2023-05-17,3.0,3043.7799999999997,1014.5933333333332,0.0,4.0,regex
563,Isaac Peinado,zepedageorgina@example.org,760-440-9079x77278,,,México,Ciudad de México,Activo,2023-06-21,0.0,0.0,,0.0,,regex
564,Emperatriz Elorza,rivasperlita@example.org.,+34971051843,,,Argentina,Córdoba,Activo,2024-05-09,1.0,6105.38,6105.38,0.0,,regex
565,Darío Sevilla,qrico@example.net,+34 820 382 412,25.0,M,España,Sevilla,Inactivo,2023-06-28,2.0,6689.04,3344.52,1.0,,regex
566,Jennifer Delgadillo,leocadio85@example.org,1-919-711-1212x590,30.0,F,Venezuela,Maracaibo,Inactivo,2025-09-21,4.0,25976.25,6494.0625,0.0,,regex
567,Felicia Rincón,mariofeijoo@example.net,+34902 06 42 42,,F,México,Tijuana,Activo,2024-08-06,3.0,5220.06,1740.0200000000002,0.0,,regex
568,Leandro Elorza,marcos41@example.com,1-558-720-9628,27.0,,Perú,Chiclayo,Suspendido,2023-12-24,3.0,1460.1000000000001,486.70000000000005,0.0,5.0,regex
569,Aurora Jordá,cjulian@example.org.,+34 977 279 559,36.0,F,México,Guadalajara,Inactivo,2025-05-01,0.0,0.0,,0.0,,regex
570,Mohamed Palmer,tadeotalavera@example.com.,125-427-8207x97996,38.0,F,Argentina,Rosario,Activo,2024-10-11,5.0,12000.09,2400.018,0.0,,regex
571,José Antonio Zaragoza,tpacheco@example.org,+34982 166 496,28.0,F,Perú,Iquitos,Activo,2023-11-06,2.0,759.45,379.725,0.0,2.0,regex
572,Ágata Zambrano,eladiominguez@example.org,+34902257627,74.0,Otro,Chile,Concepción,Activo,2025-05-01,2.0,908.64,454.32,0.0,,regex
573,Sol Mata,escalanteeugenio@example.org,03285072517,47.0,,Colombia,Bogotá,Inactivo,2025-06-14,1.0,53.69,53.69,0.0,,regex
574,Yolanda Rivas,ponceeduardo@example.com,+34 945546968,25.0,M,Venezuela,Barcelona,Activo,2024-05-25,0.0,0.0,,0.0,,regex
575,Iván Gutierrez,jacinto80@example.net,03273034615,24.0,F,Venezuela,Barcelona,Suspendido,2025-04-26,1.0,424.59,424.59,0.0,4.0,regex
576,Cornelio Márquez,qaragon@example.com.,+34847 68 17 15,67.0,,Chile,Valparaíso,Suspendido,2025-04-28,2.0,984.2900000000001,492.14500000000004,0.0,,regex
577,Adán Montaña,asanz@example.com,(046)419-7857x585,49.0,,México,Puebla,Inactivo,2025-09-17,4.0,5800.47,1450.1175,0.0,4.0,regex
578,Óscar Bétancourt,navaslaura@example.net,1-897-607-4017,63.0,Otro,Argentina,Tucumán,Suspendido,2024-06-16,1.0,894.96,894.96,1.0,3.0,regex
579,Flavio Miranda,torresgabriela@example.org,607.540.9150,,M,Chile,Antofagasta,Activo,2024-02-07,5.0,3692.95,738.5899999999999,1.0,,regex
580,Bienvenida Cases,rrosa@example.com,1-938-970-1550x29168,64.0,M,Colombia,Cali,Inactivo,2024-05-15,3.0,5475.97,1825.3233333333335,0.0,,regex
581,Luisa Alonzo,lorena16@example.org,+34883 498 830,,,Venezuela,Valencia,Activo,2025-01-28,2.0,1054.24,527.12,0.0,,regex
582,Martirio Laureano,angelica09@example.com,+34887 406 306,38.0,M,España,Bilbao,Activo,2024-03-07,4.0,7382.9400000000005,1845.7350000000001,0.0,,regex
583,Rufino Calderón,alejandromorata@example.org,+34 888 979 695,32.0,Otro,España,Madrid,Inactivo,2024-10-13,4.0,10238.09,2559.5225,0.0,4.0,regex
584,Olegario Maya,dcoronado@example.net,1-826-460-9178,46.0,M,Colombia,Bogotá,Inactivo,2023-08-10,1.0,525.65,525.65,0.0,5.0,regex
585,Hernán Mascareñas,janguiano@example.net.,+34 926 966 048,19.0,M,Perú,Chiclayo,Inactivo,2026-04-29,4.0,6155.91,1538.9775,1.0,5.0,regex
586,Pablo Pinedo,priegoisaias@example.org,+34 888 22 68 65,57.0,Otro,Venezuela,Maturín,Activo,2024-08-11,3.0,454.29999999999995,151.4333333333333,0.0,,regex
587,Indira Caraballo,zgarza@example.com,(722)640-8572,59.0,Otro,Chile,Valparaíso,Inactivo,2024-07-04,2.0,519.22,259.61,0.0,,regex
588,Lourdes Esparza,emilianovaquero@example.org,+59(3)2971509688,,M,Argentina,Tucumán,Inactivo,2025-11-27,3.0,652.5999999999999,217.5333333333333,0.0,,regex
589,Zacarías Grijalva,ufolch@example.org,00397739732,25.0,,Perú,Chiclayo,Activo,2024-11-09,4.0,3048.05,762.0125,2.0,3.0,regex
590,Nieves Crespo,abecerra@example.net,+34 946 87 61 64,53.0,Otro,Venezuela,Maracaibo,Activo,2025-07-03,0.0,0.0,,0.0,,regex
591,Valentín Balderas,xarenas@example.com,(112)491-2565x237,70.0,Otro,Colombia,Barranquilla,Inactivo,2024-02-24,3.0,4330.65,1443.55,1.0,3.0,regex
592,Tomás Sedano,franciscamonroy@example.com,1-749-490-2284,31.0,F,Venezuela,Barcelona,Activo,2024-01-08,3.0,2265.33,755.11,0.0,,regex
593,Ramón Lovato,raquelmagana@example.com,(422)294-6430x39429,,,España,Barcelona,Suspendido,2024-02-19,1.0,927.97,927.97,0.0,5.0,regex
594,Mateo Núñez,azeneth56@example.com,+34985 727 601,,M,Chile,La Serena,Suspendido,2024-01-12,5.0,23253.550000000003,4650.710000000001,0.0,,regex
595,Jacobo Lobo,pepevalenzuela@example.com,+34 985 33 50 61,,M,Colombia,Bucaramanga,Suspendido,2024-11-17,4.0,2301.54,575.385,0.0,5.0,regex
596,Perla Barba,felipehidalgo@example.net,+34880372094,50.0,F,Chile,Temuco,Inactivo,2023-08-19,1.0,503.57,503.57,0.0,,regex
597,Luz Cazorla,francoesperanza@example.org,1-180-513-7171x731,35.0,F,Perú,Cusco,Activo,2025-02-24,1.0,32.4,32.4,0.0,,regex
598,Rebeca Ropero,lferreras@example.net,+46(9)4725878444,26.0,,Colombia,Medellín,Suspendido,2024-05-18,2.0,5871.17,2935.585,1.0,,regex
599,Socorro Carrasco,uagudo@example.net,221.641.7582x313,,Otro,Chile,La Serena,Suspendido,2024-04-11,4.0,5436.6,1359.15,0.0,,regex
600,Indira Candelaria,reinacorrea@example.com,+34871622925,61.0,F,Perú,Arequipa,Activo,2025-04-26,3.0,1164.95,388.31666666666666,1.0,,regex
601,Gabriel Jódar,jose-eduardo24@example.com.,574.696.6060x65274,,Otro,Perú,Trujillo,Activo,2025-10-24,3.0,3182.3900000000003,1060.7966666666669,0.0,5.0,regex
602,Horacio Lozano,medinaluis@example.com.,(833)987-4113x2579,,F,Chile,Valparaíso,Suspendido,2026-03-19,4.0,3381.12,845.28,0.0,,regex
603,Mercedes Ruiz,elvira96@example.org.,+34807 548 574,42.0,M,España,Bilbao,Activo,2024-10-09,6.0,7180.79,1196.7983333333334,0.0,4.666666666666667,regex
604,Moreno Coronado,consuela38@example.org.,598.488.4021,36.0,Otro,Venezuela,Caracas,Activo,2026-03-25,2.0,998.2199999999999,499.10999999999996,1.0,1.0,regex
605,Marisela Espinosa,dgil@example.com,1-449-021-6667,,,Argentina,Rosario,Activo,2025-11-07,3.0,4760.79,1586.93,0.0,4.0,regex
606,Ximena Alemán,santanaitzel@example.net.,(951)191-8182,73.0,,Perú,Lima,Suspendido,2025-01-29,4.0,12684.720000000001,3171.1800000000003,1.0,5.0,regex
607,Santiago Beltran,martha72@example.net,02957860694,,,Argentina,Rosario,Inactivo,2025-03-24,2.0,4101.9,2050.95,0.0,,regex
608,Aida Gomis,qcorona@example.org,(739)592-3234x2108,34.0,M,España,Valencia,Suspendido,2025-09-11,3.0,2257.64,752.5466666666666,0.0,,regex
609,Ángela Mascareñas,heribertomateo@example.org,335-027-1607,71.0,M,Venezuela,Maracaibo,Activo,2024-06-30,3.0,2776.54,925.5133333333333,0.0,,regex
610,Marcela Farías,fcasanovas@example.org,+34847317955,56.0,,Chile,Santiago,Activo,2023-12-06,0.0,0.0,,0.0,,regex
611,Nerea Romo,reyesadriana@example.org,615)541-6431,29.0,Otro,España,Valencia,Suspendido,2025-07-18,3.0,2400.6,800.1999999999999,1.0,5.0,regex
612,Amalia Ibarra,castellanosaurelia@example.org,+34 976009345,26.0,M,Chile,Santiago,Suspendido,2025-10-29,1.0,1778.46,1778.46,0.0,,regex
613,Débora Villena,panfilocanals@example.org.,+34980 34 65 49,,Otro,España,Bilbao,Activo,2023-06-11,2.0,4603.27,2301.635,0.0,3.0,regex
614,Natanael Sosa,xiomararamon@example.org,822.105.3161x1776,53.0,F,Colombia,Medellín,Activo,2023-10-05,1.0,7663.72,7663.72,1.0,,regex
615,María Rodarte,irenetirado@example.com,+34977 793 238,,M,Argentina,La Plata,Suspendido,2025-10-09,2.0,849.17,424.585,0.0,4.0,regex
616,Jafet Bustamante,sessa13@example.org,(457)988-9425,23.0,F,Chile,Santiago,Activo,2024-06-24,2.0,5486.099999999999,2743.0499999999997,0.0,1.0,regex
617,Cruz Plaza,germanalcaraz@example.org.,+34879 265 097,,F,Perú,Arequipa,Activo,2025-12-06,2.0,1323.48,661.74,0.0,,regex
618,Eusebia Razo,ijodar@example.com.,+34886855245,,M,Venezuela,Caracas,Activo,2025-09-03,2.0,1438.16,719.08,0.0,,regex
619,Wilfrido Noriega,navarreteluis@example.net,+34988213711,,M,Perú,Chiclayo,Inactivo,2023-09-26,2.0,1346.71,673.355,0.0,,regex
620,Homero Pulido,romulovicente@example.org,+34876 03 58 92,50.0,,Venezuela,Barquisimeto,Inactivo,2025-10-04,1.0,371.54,371.54,1.0,2.0,regex
621,Paola Diaz,benitode-jesus@example.net.,+34845 89 63 40,,,México,Ciudad de México,Activo,2024-03-30,2.0,969.6400000000001,484.82000000000005,1.0,2.0,regex
622,Martín Medina,aaron14@example.net,1-991-062-2723,58.0,M,México,Guadalajara,Inactivo,2025-09-18,4.0,6749.31,1687.3275,0.0,4.0,regex
623,Julio César Ibarra,gastelumgeronimo@example.org.,09237245018,71.0,,México,Mérida,Inactivo,2024-12-05,1.0,107.54,107.54,0.0,2.0,regex
624,Esther Lugo,ecorral@example.net,064-176-9274,39.0,M,Colombia,Cali,Activo,2024-12-04,1.0,2010.95,2010.95,1.0,,regex
625,Lupita Guardado,dperez@example.net.,+34886448564,54.0,M,Chile,Antofagasta,Activo,2023-08-10,2.0,7481.210000000001,3740.6050000000005,0.0,5.0,regex
626,Leyre Guerra,rosapuente@example.net,07899698609,,Otro,Argentina,Tucumán,Activo,2025-02-16,1.0,3752.86,3752.86,0.0,,regex
627,Coral Carpio,custodia96@example.com,+34 925779806,55.0,,Venezuela,Valencia,Activo,2025-05-13,3.0,11218.02,3739.34,1.0,2.5,regex
628,Inocencio Amador,loyaliliana@example.org,555-347-0574,23.0,F,Argentina,Córdoba,Inactivo,2023-12-26,0.0,0.0,,0.0,,regex
629,Karla de León,merinojesus@example.net,+34 920 411 659,26.0,Otro,Chile,Antofagasta,Inactivo,2025-04-10,1.0,638.89,638.89,0.0,,ner
630,Eloy Ruelas,marcela52@example.org.,+13(9)4884882691,36.0,,Venezuela,Maturín,Activo,2023-08-21,0.0,0.0,,0.0,,regex
631,Frida Nieto,ycepeda@example.org,915.370.3824x0733,,Otro,España,Barcelona,Activo,2025-12-25,1.0,391.95,391.95,0.0,5.0,regex
632,Vicente Codina,jose-francisco09@example.com,889)362-8969,53.0,,Colombia,Medellín,Activo,2024-08-25,1.0,959.15,959.15,0.0,,regex
633,Eugenio Toledo,cervantesines@example.net,+34987 92 18 78,,Otro,México,Puebla,Suspendido,2023-09-02,1.0,2051.8,2051.8,0.0,,regex
634,Lola Urrutia,kleon@example.org,779.612.0878x0572,,M,Venezuela,Barquisimeto,Activo,2025-05-27,1.0,263.42,263.42,0.0,,regex
635,Loida Vargas,zamoramitzy@example.com,+34944 374 845,53.0,M,Colombia,Medellín,Activo,2025-01-24,4.0,3650.38,912.595,1.0,5.0,regex
636,Claudio Aguayo,diana11@example.net,+34 986 62 33 92,49.0,F,Perú,Trujillo,Activo,2023-06-12,3.0,15149.109999999999,5049.703333333333,1.0,3.5,regex
637,Carla Burgos,zponce@example.com,1-725-214-5264x71246,75.0,,Chile,Valparaíso,Activo,2024-01-14,1.0,33.93,33.93,0.0,,regex
638,Norberto Cabrera,zelayaanel@example.net,+34931208005,55.0,M,Argentina,Mendoza,Suspendido,2024-04-10,1.0,288.66,288.66,0.0,,regex
639,Ángela Fabregat,omargamez@example.com,+34 846 95 92 72,68.0,,Argentina,Córdoba,Inactivo,2025-10-19,2.0,1008.53,504.265,0.0,,regex
640,Alta  Gracia Carreño,bianca52@example.net,+34 826 739 295,,F,Perú,Iquitos,Inactivo,2026-02-21,6.0,9063.98,1510.6633333333332,1.0,2.5,regex
641,Marisol Bastida,josefinacisneros@example.org,1-605-079-1815,56.0,M,México,Puebla,Activo,2025-08-17,4.0,11529.23,2882.3075,2.0,2.0,regex
642,Lorenzo Cervántez,guillermopolanco@example.com.,170-715-8796x474,,F,México,Ciudad de México,Activo,2024-12-09,1.0,1589.05,1589.05,0.0,,regex
643,Godofredo Melero,mamen08@example.org,+34901635806,55.0,F,Venezuela,Valencia,Suspendido,2024-11-18,1.0,240.2,240.2,0.0,3.0,regex
644,Visitación Cabeza,estelamaya@example.org.,+34980 399 006,48.0,Otro,Chile,Valparaíso,Activo,2026-01-21,2.0,2072.15,1036.075,0.0,,regex
645,Ámbar Acuña,galo63@example.com,+22(9)3946943460,72.0,F,Chile,Antofagasta,Activo,2025-10-29,1.0,73.5,73.5,1.0,4.0,regex
646,Germán Torrents,ortegaalma@example.net.,311-127-1285,60.0,M,Chile,Temuco,Suspendido,2026-03-10,1.0,349.41,349.41,0.0,3.0,regex
647,Leonel Terán,rebeca41@example.org,1-187-328-0771,54.0,Otro,México,Tijuana,Activo,2024-01-16,2.0,1007.6,503.8,0.0,4.0,regex
648,Dulce María Bauz,cpelaez@example.net,+34 971 90 83 35,32.0,M,México,Puebla,Activo,2025-01-23,0.0,0.0,,0.0,,regex
649,Néstor del Río,pfernandez@example.org,248-132-3570x713,42.0,F,Chile,La Serena,Inactivo,2025-01-10,3.0,798.1800000000001,266.06,0.0,,no_recuperado
650,Carla Báez,redondoaura@example.net,+34848 55 02 13,38.0,,España,Sevilla,Suspendido,2024-07-01,2.0,5009.94,2504.97,0.0,,regex
651,Odalys Valverde,maria-belenaranda@example.net,+34 727 96 49 67,,Otro,Argentina,Rosario,Activo,2025-05-28,2.0,3118.49,1559.245,0.0,4.0,regex
652,Jaime Roque,opalomino@example.org,264-250-6420x76836,51.0,F,Perú,Lima,Inactivo,2025-11-16,2.0,2935.16,1467.58,0.0,4.0,regex
653,Emilio Pérez,cregalado@example.com,556.283.3339,,F,México,Monterrey,Activo,2026-03-15,1.0,8663.73,8663.73,0.0,2.0,regex
654,Marisol Noriega,lauracisneros@example.com.,+34988 749 603,46.0,M,Chile,Santiago,Activo,2024-05-15,3.0,2163.52,721.1733333333333,1.0,4.5,regex
655,Georgina Sierra,margaritaalva@example.net,+34942 92 49 26,41.0,,México,Ciudad de México,Activo,2023-10-23,2.0,557.26,278.63,0.0,2.5,regex
656,Mayte Castrillo,santiago98@example.net.,+34825 110 005,61.0,F,España,Bilbao,Inactivo,2024-04-18,2.0,1688.38,844.19,0.0,,regex
657,Eloy Garcés,naranjosofia@example.com,524.418.2226x189,33.0,,Colombia,Bogotá,Activo,2023-10-31,3.0,1960.33,653.4433333333333,0.0,4.0,regex
658,Gilberto Carballo,wcaballero@example.org,+34 942 767 209,75.0,Otro,Chile,Valparaíso,Activo,2026-02-24,2.0,14611.210000000001,7305.6050000000005,1.0,4.5,regex
659,Victorino Téllez,arturo51@example.org,+34 901621354,56.0,Otro,Chile,Santiago,Activo,2024-06-02,4.0,3170.48,792.62,2.0,2.0,regex
660,Adriana de la O,elisa84@example.net.,+34979 520 344,70.0,F,Perú,Iquitos,Activo,2026-05-06,1.0,548.2,548.2,0.0,,no_recuperado
661,Alfredo Reynoso,carmen02@example.net.,+34 724637660,71.0,F,México,Ciudad de México,Suspendido,2025-06-12,0.0,0.0,,0.0,,regex
662,Josefina Palomo,javieribarra@example.net,+34 979 44 17 15,50.0,F,Chile,Santiago,Activo,2023-06-05,1.0,523.71,523.71,0.0,,regex
663,Noelia Herrero,raulbas@example.org,+34823 10 05 91,22.0,M,Chile,Santiago,Inactivo,2025-02-07,2.0,4780.27,2390.135,1.0,3.5,regex
664,Susana Caraballo,chamorroheraclio@example.net,+34861106330,,F,Chile,Concepción,Activo,2024-07-08,1.0,200.07,200.07,0.0,3.0,regex
665,Alba Valbuena,umaestre@example.net,+34971 280 123,74.0,Otro,Chile,Temuco,Suspendido,2023-10-15,2.0,1780.22,890.11,0.0,,regex
666,Juana Benitez,reginamontoya@example.org.,+34 944 94 96 84,60.0,M,España,Barcelona,Suspendido,2024-08-20,1.0,43.58,43.58,0.0,,regex
667,Fabiola Infante,andresbanuelos@example.org,096.170.1595,,Otro,Perú,Trujillo,Inactivo,2025-01-23,1.0,1757.44,1757.44,0.0,,regex
668,María del Carmen Rosado,wmacias@example.com.,(339)205-6775x6777,,,Colombia,Bogotá,Inactivo,2023-10-13,2.0,996.11,498.055,0.0,4.0,ner
669,Lourdes Chaparro,zcordova@example.com,+34 962 292 310,26.0,F,España,Madrid,Inactivo,2024-10-09,3.0,2480.2200000000003,826.7400000000001,0.0,4.0,regex
670,Iván Almeida,tcovarrubias@example.net,379.766.2705,36.0,,Venezuela,Barquisimeto,Suspendido,2023-07-23,1.0,191.79,191.79,0.0,,regex
671,Mateo Cisneros,agascon@example.com,+34902 254 969,54.0,Otro,Perú,Chiclayo,Activo,2025-02-25,3.0,5103.650000000001,1701.216666666667,0.0,5.0,regex
672,Jacinto Cazares,bbarajas@example.com.,335)357-4859,44.0,F,Perú,Trujillo,Activo,2025-09-13,1.0,940.7,940.7,0.0,,regex
673,Leandra Ibañez,ualmaraz@example.net.,+34942 295 187,,Otro,Venezuela,Barcelona,Activo,2025-03-01,3.0,4499.53,1499.8433333333332,0.0,3.5,regex
674,Ángel Ordóñez,leonor25@example.org,305.597.8245,53.0,Otro,México,Guadalajara,Inactivo,2026-04-24,0.0,0.0,,0.0,,regex
675,Palmira Carreño,esquivelofelia@example.net,660.443.2400,43.0,Otro,Venezuela,Valencia,Activo,2023-08-05,3.0,6502.1900000000005,2167.396666666667,1.0,,regex
676,Concepción Olivas,gmiralles@example.com,397-429-2501,65.0,M,Perú,Chiclayo,Inactivo,2025-12-17,1.0,1880.2,1880.2,0.0,,regex
677,José Carlos Miró,puenteveronica@example.com,(590)459-9080,31.0,Otro,México,Monterrey,Inactivo,2024-11-05,1.0,82.3,82.3,1.0,4.0,regex
678,Enrique Calatayud,cirinopalomino@example.com.,06517680866,57.0,Otro,Venezuela,Barcelona,Activo,2024-12-31,3.0,2089.0299999999997,696.3433333333332,0.0,3.0,regex
679,Odalys Sanabria,julianjavi@example.org,+34 730 370 033,23.0,M,Chile,Temuco,Activo,2026-03-22,3.0,4313.39,1437.7966666666669,0.0,5.0,regex
680,Angelita Medrano,galmaraz@example.com,+68(1)0390339705,,Otro,Perú,Iquitos,Suspendido,2025-02-06,2.0,2892.32,1446.16,0.0,,regex
681,Nancy Puerta,brunildaaguilera@example.net,858-623-9453,,Otro,España,Valencia,Suspendido,2026-01-19,0.0,0.0,,0.0,,regex
682,Carla Razo,xvigil@example.com,+34861 061 339,62.0,M,Chile,La Serena,Suspendido,2025-11-08,2.0,5693.21,2846.605,0.0,,regex
683,Soraya Muro,godinezraquel@example.com,+34 983040325,28.0,M,Perú,Chiclayo,Activo,2024-11-08,0.0,0.0,,0.0,,regex
684,Itzel Ornelas,jtenorio@example.net,(319)100-9004x04769,43.0,,Argentina,Buenos Aires,Suspendido,2023-08-25,2.0,1687.83,843.915,0.0,,regex
685,Esmeralda Rocha,lemuslorena@example.net,+34900014247,53.0,F,España,Sevilla,Suspendido,2023-09-19,2.0,8933.49,4466.745,0.0,4.0,regex
686,Silvia Delgado,boixluciana@example.org,1-844-097-1231x6600,70.0,F,Argentina,Mendoza,Activo,2024-08-27,2.0,3039.88,1519.94,0.0,,regex
687,Liliana Alcalde,lucasleire@example.com,1-404-337-0096,,M,Chile,Concepción,Inactivo,2025-09-24,2.0,1607.3300000000002,803.6650000000001,0.0,5.0,regex
688,Luciano Bueno,irodriquez@example.org,(588)255-6296x57542,69.0,Otro,Argentina,La Plata,Activo,2025-05-20,3.0,15926.82,5308.94,1.0,4.0,regex
689,Jorge Luis Briseño,isabelamunoz@example.net,1-820-582-9582x923,34.0,Otro,Venezuela,Caracas,Inactivo,2023-08-08,3.0,1891.5800000000002,630.5266666666668,1.0,2.5,regex
690,Bruno Vizcaíno,iniguezcarmelita@example.net,+34877571558,67.0,M,Chile,Concepción,Activo,2024-12-04,1.0,139.1,139.1,0.0,,regex
691,Estefanía Pantoja,felicidadsantiago@example.org,+34 681 721 436,47.0,Otro,Colombia,Cartagena,Activo,2025-10-31,2.0,8622.380000000001,4311.1900000000005,0.0,5.0,regex
692,Ofelia Alvarez,marquesdionisio@example.org,+34 821147165,61.0,Otro,Perú,Chiclayo,Activo,2023-05-22,3.0,1724.3700000000001,574.7900000000001,1.0,4.0,regex
693,Jacobo Noriega,tiburcio99@example.com,+34979 07 55 04,51.0,Otro,Colombia,Cali,Activo,2025-12-09,3.0,3075.42,1025.14,2.0,2.0,regex
694,Pablo Rocamora,yamador@example.org,07481131765,61.0,,España,Málaga,Activo,2025-03-02,1.0,950.3,950.3,0.0,,regex
695,Aldo Marín,sessapartida@example.org,+34841 90 87 18,29.0,,Chile,Antofagasta,Activo,2024-09-29,1.0,271.46,271.46,0.0,,regex
696,Omar Isern,cdavila@example.com,+34800495612,31.0,M,México,Guadalajara,Activo,2023-12-15,2.0,1128.04,564.02,0.0,,regex
697,Felix Ponce,tarranz@example.org,+34 924 973 711,40.0,,Venezuela,Barcelona,Activo,2023-10-10,2.0,906.56,453.28,1.0,4.0,regex
698,Urbano Navarro,sosajose-carlos@example.net,+34 948 70 46 86,18.0,Otro,Colombia,Barranquilla,Activo,2023-07-21,1.0,2947.4,2947.4,0.0,,regex
699,Wendolin Roldán,citlalicasarez@example.org,+34823923785,38.0,F,Argentina,Rosario,Suspendido,2024-10-15,3.0,9262.82,3087.6066666666666,0.0,3.0,regex
700,Dafne Carrillo,hermenegildocolom@example.com,+34943050801,,Otro,Colombia,Barranquilla,Activo,2025-02-10,1.0,880.62,880.62,0.0,,regex
701,Marcio Montenegro,mgarcia@example.net,731.268.8122x821,48.0,,Venezuela,Barcelona,Activo,2024-11-23,4.0,1540.76,385.19,0.0,2.0,regex
702,Clarisa Huerta,espartaco46@example.org,+56(0)3567932798,47.0,,Venezuela,Caracas,Suspendido,2025-04-18,1.0,1863.54,1863.54,0.0,,regex
703,Jose Antonio Salinas,aanguita@example.org,+34844 05 46 47,,M,México,Guadalajara,Activo,2024-04-07,3.0,1183.99,394.66333333333336,1.0,4.0,regex
704,Homero Segura,svillalpando@example.net,+34 976 517 588,48.0,Otro,México,Puebla,Activo,2024-02-10,1.0,957.47,957.47,0.0,4.0,regex
705,Genaro Villegas,aurea53@example.net,+34 925 43 58 64,,,Perú,Arequipa,Activo,2025-02-24,2.0,890.43,445.215,0.0,,regex
706,María Jesús Marquez,leticia88@example.com.,+34974 98 21 43,64.0,,México,Puebla,Activo,2025-02-24,2.0,1094.71,547.355,0.0,,regex
707,Dulce Noriega,ttome@example.com.,(524)914-1686x0134,,,Colombia,Cartagena,Inactivo,2024-09-20,1.0,164.34,164.34,0.0,,regex
708,Nayeli Farías,poncesoledad@example.com.,+34 977665122,68.0,F,Perú,Lima,Activo,2024-06-10,3.0,3542.77,1180.9233333333334,0.0,,regex
709,Ariel Lobato,edu16@example.org,+34 810159446,21.0,,Perú,Chiclayo,Activo,2024-01-18,4.0,9334.37,2333.5925,1.0,4.5,regex
710,Pedro Granado,molinermaria-belen@example.org,+34 942 38 90 21,41.0,F,Argentina,Rosario,Suspendido,2025-10-14,1.0,350.21,350.21,0.0,,regex
711,Claudio Ramos,angeldaza@example.org,+34886103469,,,España,Madrid,Suspendido,2024-09-10,3.0,10393.060000000001,3464.353333333334,0.0,,regex
712,Cornelio Real,vcornejo@example.com,+84(3)7685507896,40.0,F,México,Guadalajara,Suspendido,2025-03-05,2.0,5415.610000000001,2707.8050000000003,0.0,,regex
713,Claudio Pina,ngalan@example.com,434-369-7093x170,47.0,Otro,Chile,Santiago,Activo,2025-01-26,4.0,2428.7799999999997,607.1949999999999,0.0,,regex
714,Juana Tudela,fpineda@example.com.,345.472.2398,44.0,Otro,Perú,Cusco,Suspendido,2025-11-23,1.0,474.47,474.47,0.0,,regex
715,José Granados,cirinoayllon@example.com,+34985 472 426,38.0,F,Argentina,Tucumán,Activo,2025-12-20,2.0,772.39,386.195,0.0,,regex
716,Jenaro Marrero,guardiolasalome@example.org,+34 854 876 230,65.0,Otro,Colombia,Barranquilla,Suspendido,2025-03-01,1.0,2559.63,2559.63,0.0,,regex
717,Bonifacio Leon,sevillanocarolina@example.com.,+34 846 823 052,29.0,,Colombia,Barranquilla,Activo,2024-11-23,4.0,935.17,233.7925,0.0,,regex
718,Angelita Prada,atiliosomoza@example.org,+34 880959473,31.0,M,Perú,Trujillo,Inactivo,2023-11-18,0.0,0.0,,0.0,,regex
719,Leyre Cáceres,pielias@example.org,1-876-886-8785x996,19.0,F,Chile,Santiago,Suspendido,2024-12-04,1.0,1173.78,1173.78,0.0,,regex
720,Daniela Castro,candelariopedrero@example.com,+34 947 66 45 05,,Otro,España,Barcelona,Activo,2023-12-14,0.0,0.0,,0.0,,regex
721,Ildefonso Contreras,violetamadrid@example.com.,+34 844037476,46.0,Otro,Perú,Trujillo,Activo,2025-06-30,1.0,927.37,927.37,0.0,,regex
722,Emilia Cedillo,guillenclemente@example.net,+34 900 50 57 66,73.0,F,Venezuela,Barcelona,Inactivo,2025-02-24,3.0,19677.53,6559.176666666666,0.0,,regex
723,Nelly Arevalo,moraisabel@example.org,201-284-0083x8507,53.0,F,Chile,La Serena,Activo,2024-05-11,4.0,17537.98,4384.495,0.0,5.0,regex
724,Javier Linares,sierrarocio@example.org,680.898.1265x742,,Otro,Perú,Arequipa,Suspendido,2025-08-23,0.0,0.0,,0.0,,regex
725,Ciro Leal,almaarmendariz@example.com,+34842369362,58.0,Otro,Chile,Antofagasta,Activo,2024-12-30,4.0,3917.9700000000003,979.4925000000001,0.0,,regex
726,Enrique Batalla,laralucia@example.com,+34 876 72 71 17,32.0,M,Colombia,Barranquilla,Inactivo,2025-03-17,3.0,768.0699999999999,256.0233333333333,0.0,,regex
727,Mariano Velázquez,olivia29@example.net,330.674.5847x6094,51.0,,España,Madrid,Activo,2023-09-04,2.0,1984.47,992.235,1.0,1.0,regex
728,Catalina Gilabert,gcoronado@example.net,(669)541-3297x150,37.0,M,Venezuela,Valencia,Inactivo,2024-07-28,1.0,875.52,875.52,0.0,,regex
729,Cristian Rojas,raimundo14@example.org,693.663.4392x529,,M,Chile,Concepción,Suspendido,2025-02-19,1.0,9669.85,9669.85,0.0,,regex
730,Cosme Blanca,calixtaromero@example.com,+34845 00 72 02,28.0,Otro,Colombia,Cartagena,Inactivo,2026-04-23,2.0,3054.35,1527.175,0.0,,regex
731,Jonás Arjona,natalio10@example.net,+34800903267,,,México,Guadalajara,Activo,2024-02-27,3.0,4307.8099999999995,1435.9366666666665,0.0,,regex
732,Sergio Luís,sevillaeloisa@example.com.,+34983 17 93 40,65.0,Otro,Argentina,Buenos Aires,Activo,2025-11-29,2.0,3200.5699999999997,1600.2849999999999,0.0,5.0,regex
733,Jordana Regalado,guadalupe66@example.org,533)722-0109,47.0,Otro,España,Madrid,Inactivo,2025-07-11,1.0,1313.64,1313.64,0.0,,regex
734,Isabela Venegas,arozas@example.org,1-370-526-3510,21.0,Otro,España,Barcelona,Activo,2025-05-01,2.0,478.64,239.32,0.0,,regex
735,Irene Cepeda,wmascarenas@example.net,+34 702461752,46.0,Otro,México,Tijuana,Activo,2026-01-04,0.0,0.0,,0.0,,regex
736,Armida Ledesma,silvestrearenas@example.org,1-595-501-7833x25848,44.0,F,México,Guadalajara,Inactivo,2026-01-09,4.0,18373.61,4593.4025,0.0,3.0,regex
737,Trinidad Sanz,sarmendariz@example.com,+34946 917 679,68.0,M,Colombia,Barranquilla,Activo,2026-02-15,3.0,4031.5599999999995,1343.8533333333332,0.0,2.0,regex
738,Vinicio Macías,guiomarizquierdo@example.com,+83(0)3736060148,22.0,Otro,Venezuela,Barquisimeto,Inactivo,2023-05-28,1.0,29.43,29.43,0.0,4.0,regex
739,Ruby Valdés,melisa13@example.com.,(830)615-3701,33.0,F,España,Sevilla,Inactivo,2026-02-24,1.0,32.2,32.2,0.0,,regex
740,Darío Hinojosa,luisfigueroa@example.net,+34927144881,,,Colombia,Cali,Activo,2026-04-22,4.0,5789.71,1447.4275,0.0,5.0,regex
741,Reyna Heras,gaston17@example.com.,+34 981 87 81 79,34.0,,Chile,Temuco,Activo,2025-09-17,1.0,294.36,294.36,0.0,,regex
742,Aurelio del Valle,patriciohenriquez@example.net,+34823122528,,F,España,Valencia,Activo,2024-10-16,2.0,292.46000000000004,146.23000000000002,0.0,,ner
743,Alta  Gracia Ordóñez,sepulvedakarina@example.org,+34 871 97 91 37,18.0,M,Venezuela,Barquisimeto,Suspendido,2024-07-08,0.0,0.0,,0.0,,regex
744,Elvia Arce,abelardovasquez@example.com,+34935 605 712,56.0,M,Colombia,Barranquilla,Activo,2025-02-20,0.0,0.0,,0.0,,regex
745,Dorita Sáenz,carla90@example.net.,486.401.0424,,,México,Tijuana,Suspendido,2026-05-10,1.0,2532.32,2532.32,0.0,,regex
746,Jacinto Benavídez,samaniegohomero@example.net,(004)521-2899x151,27.0,Otro,Argentina,La Plata,Suspendido,2026-04-13,2.0,5414.28,2707.14,1.0,,regex
747,Ilse España,guardiolaaugusto@example.com,(818)984-8416x0461,32.0,F,México,Monterrey,Suspendido,2024-02-29,3.0,3225.0499999999997,1075.0166666666667,0.0,,regex
748,Emigdio Busquets,tapiaaristides@example.com,814-298-3152x291,69.0,,Venezuela,Valencia,Activo,2024-10-07,3.0,4318.26,1439.42,0.0,4.0,regex
749,Fortunato Raya,corona37@example.net,+34 816 396 384,,,México,Tijuana,Inactivo,2023-10-07,5.0,5575.64,1115.1280000000002,0.0,4.0,regex
750,Ricardo Jiménez,riverajose-mari@example.net,+16(9)3429291320,,M,Colombia,Bucaramanga,Suspendido,2026-05-08,2.0,1303.49,651.745,0.0,4.0,regex
751,Lupe Prat,leonelcapdevila@example.net,+34874 10 61 53,28.0,M,Venezuela,Maracaibo,Suspendido,2023-10-16,2.0,812.6800000000001,406.34000000000003,0.0,,regex
752,Ruperta Meléndez,rsolano@example.com,(323)653-3774x60406,47.0,M,Chile,Valparaíso,Suspendido,2023-10-31,1.0,353.88,353.88,0.0,,regex
753,Marianela Soria,lilianacarranza@example.com,+34 887 42 60 78,,Otro,Chile,Valparaíso,Activo,2025-02-11,1.0,3183.47,3183.47,1.0,,regex
754,Hernán Sancho,primitiva76@example.com,+34977 37 20 37,30.0,Otro,Venezuela,Valencia,Inactivo,2024-01-05,4.0,3857.92,964.48,0.0,,regex
755,Damián Nevárez,juradovictoria@example.net,601.913.4438x99827,,F,México,Puebla,Inactivo,2023-10-21,1.0,2415.89,2415.89,1.0,2.0,regex
756,Nacio Vanegas,rosaleseloisa@example.org,+34 902644936,20.0,M,Perú,Iquitos,Activo,2023-08-24,2.0,1432.02,716.01,0.0,,regex
757,Sofía Hierro,miramontesjonas@example.com,+34986 57 36 80,49.0,,México,Puebla,Activo,2023-09-01,1.0,18.8,18.8,0.0,4.0,regex
758,Jerónimo Armas,irevilla@example.net,+34826 872 333,,Otro,Colombia,Bucaramanga,Suspendido,2023-08-25,1.0,30.01,30.01,0.0,,regex
759,Adalberto Casárez,ffuentes@example.com,+34 831498307,18.0,M,Perú,Chiclayo,Inactivo,2024-12-24,1.0,11675.59,11675.59,1.0,3.0,regex
760,Ángeles Gálvez,benito18@example.net,+34 886 06 55 78,47.0,Otro,Venezuela,Barquisimeto,Activo,2023-06-09,3.0,16635.11,5545.036666666667,0.0,3.0,regex
761,Eulalia Llopis,pacificacrespo@example.org.,+34853 332 470,21.0,Otro,Venezuela,Maturín,Activo,2024-01-13,3.0,10356.9,3452.2999999999997,0.0,1.0,regex
762,Amílcar Fuente,magdalena21@example.org.,025-082-6112x312,51.0,M,España,Málaga,Activo,2023-09-06,3.0,2885.69,961.8966666666666,1.0,3.0,regex
763,Juana Larrea,mcotto@example.net,+34972 629 745,33.0,,Chile,Valparaíso,Activo,2025-03-05,2.0,7947.68,3973.84,0.0,5.0,regex
764,Gustavo Lucero,lbustos@example.org,+34 807381876,54.0,F,Venezuela,Caracas,Inactivo,2023-07-07,5.0,7854.46,1570.892,1.0,2.0,regex
765,Bárbara Cases,verdugorosa@example.net,+34 880881588,,F,Venezuela,Maturín,Suspendido,2024-02-19,4.0,6008.139999999999,1502.0349999999999,1.0,,regex
766,Paulina Escalona,ntrujillo@example.org,+34 824829716,75.0,F,Colombia,Bogotá,Suspendido,2025-07-27,4.0,6944.72,1736.18,1.0,4.5,regex
767,María Luisa Llorente,apodacaadalberto@example.org,+34 741529113,44.0,Otro,Argentina,Córdoba,Inactivo,2026-03-20,0.0,0.0,,0.0,,regex
768,Valentín Báez,patriciomilla@example.com.,+34 982 444 218,33.0,,Argentina,La Plata,Suspendido,2025-02-26,2.0,2418.85,1209.425,0.0,5.0,regex
769,Graciela Solorio,gabinomalo@example.net,+34916 708 670,43.0,M,Colombia,Cali,Activo,2025-02-25,2.0,957.89,478.945,0.0,,regex
770,Gisela Guillen,teresa51@example.com,266-913-6248,51.0,,Chile,Valparaíso,Activo,2024-04-14,0.0,0.0,,0.0,,regex
771,Milagros Arguello,abaena@example.org,+34 947 998 795,53.0,Otro,Chile,Valparaíso,Suspendido,2025-09-03,0.0,0.0,,0.0,,regex
772,Edgardo Barrera,casillasjulio-cesar@example.com,+34 986044287,34.0,F,México,Monterrey,Suspendido,2025-12-30,1.0,892.07,892.07,0.0,,regex
773,Ascensión Pineda,pulidojulio@example.org.,+34 820269428,43.0,Otro,España,Barcelona,Activo,2024-07-30,3.0,8393.15,2797.7166666666667,0.0,,regex
774,Alfonso Rivas,lorenza86@example.org,+34902 41 70 64,70.0,Otro,México,Monterrey,Suspendido,2023-10-29,1.0,195.87,195.87,0.0,5.0,regex
775,Gregorio Estévez,zeferinonegrete@example.com.,+34 900 301 764,59.0,F,España,Bilbao,Activo,2025-09-25,2.0,2162.5,1081.25,0.0,,regex
776,Nelly Gonzalez,jose-antonio88@example.net,+34 886 527 905,40.0,F,Venezuela,Maturín,Inactivo,2024-03-23,1.0,2745.15,2745.15,0.0,,regex
777,Reyna Griego,horaciopadilla@example.org,1-516-321-1197x8718,65.0,Otro,España,Barcelona,Suspendido,2025-03-05,3.0,637.25,212.41666666666666,1.0,3.0,regex
778,Jose Angel Figuerola,ceciliapalacios@example.net,060.119.8756,,M,Perú,Arequipa,Activo,2024-09-28,1.0,14397.04,14397.04,0.0,,regex
779,Pedro Alarcón,otiliaamor@example.org.,+34 923 618 298,50.0,Otro,México,Ciudad de México,Activo,2024-02-02,2.0,8453.43,4226.715,0.0,,regex
780,Isabela Salinas,ruben16@example.org,+34943 59 52 01,54.0,Otro,Venezuela,Valencia,Activo,2025-03-02,4.0,3794.1000000000004,948.5250000000001,0.0,,regex
781,Sabina Cardona,estherosorio@example.net,1-092-632-2399,39.0,M,México,Guadalajara,Inactivo,2023-07-30,1.0,1526.19,1526.19,0.0,,regex
782,Gerardo Miranda,caballeroflorencia@example.org,886-050-5376,43.0,Otro,Argentina,Rosario,Inactivo,2024-08-30,2.0,10686.919999999998,5343.459999999999,0.0,4.0,regex
783,Aurelia Carnero,caleman@example.org,+34984356691,,Otro,México,Puebla,Activo,2024-07-07,1.0,1552.44,1552.44,0.0,,regex
784,Antonia Galindo,maria-jesusgil@example.com,068.826.9177,,,Chile,Temuco,Activo,2025-08-24,1.0,408.72,408.72,0.0,4.0,regex
785,Ester Zamorano,alfredo13@example.com,+34 986 735 437,60.0,F,España,Madrid,Inactivo,2024-07-30,2.0,14580.66,7290.33,0.0,,regex
786,Joaquín Castellanos,pellicervito@example.net,+34 806 859 914,19.0,F,Chile,Valparaíso,Activo,2025-01-29,4.0,3802.83,950.7075,1.0,2.0,regex
787,Lidia Herrera,xrivero@example.net,489)971-8428,57.0,,Chile,Valparaíso,Inactivo,2024-05-07,2.0,1000.85,500.425,0.0,,regex
788,Macario Vall,deliaespinal@example.org,+34 877 426 698,,M,México,Puebla,Activo,2024-07-30,0.0,0.0,,0.0,,regex
789,Celestina Correa,reynalorena@example.org,348)389-3595,18.0,F,México,Mérida,Activo,2026-01-19,3.0,2305.16,768.3866666666667,0.0,4.0,regex
790,Gema López,saturnino12@example.net,1-082-695-8264,31.0,M,Perú,Chiclayo,Suspendido,2025-09-15,2.0,262.77,131.385,1.0,2.0,regex
791,Renato Montañez,galvezadela@example.net,123)859-5143,,Otro,Chile,Temuco,Activo,2024-01-29,0.0,0.0,,0.0,,regex
792,Nancy Arevalo,alegoicoechea@example.org.,+34983696610,30.0,Otro,España,Sevilla,Suspendido,2025-11-09,1.0,1649.43,1649.43,0.0,5.0,regex
793,Nadia Benavides,odalysnadal@example.org,+34 820680941,35.0,Otro,Colombia,Bogotá,Activo,2025-03-31,1.0,345.38,345.38,0.0,,regex
794,Rosa Ayala,odiaz@example.net,+34971 620 534,73.0,,España,Málaga,Inactivo,2023-05-29,2.0,1015.3299999999999,507.66499999999996,0.0,5.0,regex
795,Marcos Zamudio,dcuriel@example.net,662-925-0817,49.0,Otro,España,Valencia,Suspendido,2026-02-15,3.0,2773.7,924.5666666666666,0.0,,regex
796,Felipe Lago,rzamora@example.net,03337312552,19.0,M,Chile,La Serena,Activo,2024-05-22,2.0,74.27,37.135,0.0,2.0,regex
797,Bianca Tovar,nalarcon@example.org,+34 822 92 06 13,49.0,,Argentina,Mendoza,Activo,2024-01-26,1.0,1431.81,1431.81,0.0,,regex
798,César Saldivar,mcasas@example.org.,08444902950,,F,Argentina,Tucumán,Activo,2025-12-13,1.0,784.38,784.38,0.0,4.0,regex
799,Nayeli Busquets,gloria03@example.com,+34881167812,27.0,F,Argentina,Mendoza,Inactivo,2025-07-31,1.0,1792.22,1792.22,0.0,,regex
800,Yeni Estévez,cuellarfeliciana@example.org,1-821-348-6298,57.0,Otro,Chile,Santiago,Activo,2025-08-18,3.0,6738.45,2246.15,1.0,,regex
801,Sandra Cardona,sebastian05@example.org,079.866.1770x67368,,Otro,Chile,Valparaíso,Activo,2025-12-08,3.0,12479.669999999998,4159.889999999999,0.0,,regex
802,Pánfilo Peñalver,donosogeraldo@example.org.,1-216-505-8714,73.0,M,Perú,Trujillo,Activo,2025-01-24,1.0,372.01,372.01,0.0,,regex
803,Azeneth Belmonte,clementina67@example.net,+34 987436998,28.0,,Perú,Arequipa,Activo,2025-09-15,1.0,1821.39,1821.39,0.0,1.0,regex
804,Federico Arellano,zedilloestela@example.net,948.424.9598x81145,66.0,F,Perú,Trujillo,Inactivo,2025-03-27,2.0,719.46,359.73,0.0,,regex
805,Alejandro Bustos,eugeniotovar@example.com,738-209-7461x917,65.0,Otro,Argentina,Buenos Aires,Activo,2025-03-10,2.0,425.0,212.5,0.0,,regex
806,Juan Carlos Rubio,catalinamaya@example.net,+34 980085806,,Otro,México,Guadalajara,Suspendido,2025-05-27,1.0,1100.11,1100.11,0.0,,regex
807,Rafa Leon,marisol66@example.net,(790)012-4825x54428,,,México,Ciudad de México,Activo,2024-09-26,1.0,671.89,671.89,0.0,,regex
808,Elsa Osorio,teodorogurule@example.net,+34986 94 63 38,59.0,F,Colombia,Bogotá,Activo,2024-05-17,3.0,5245.81,1748.6033333333335,0.0,5.0,regex
809,Juan Bautista Mosquera,lorenza72@example.com,926)933-5895,26.0,M,Colombia,Barranquilla,Activo,2024-01-11,2.0,7804.96,3902.48,0.0,4.0,regex
810,Charo Negrón,saiznorma@example.com,(509)574-4303x4918,65.0,Otro,Colombia,Bucaramanga,Activo,2026-02-19,1.0,234.29,234.29,0.0,,regex
811,Xiomara Zamudio,amandafarias@example.net,1-340-153-6415x4715,46.0,,España,Málaga,Inactivo,2023-12-18,1.0,1868.79,1868.79,0.0,4.0,regex
812,Luisina Paz,utamarit@example.net,+34879 675 009,56.0,,Venezuela,Maturín,Inactivo,2026-03-20,4.0,26955.09,6738.7725,2.0,3.3333333333333335,regex
813,Josefina Luque,oterogalo@example.com.,819.878.0927x0452,52.0,Otro,Chile,La Serena,Activo,2025-11-21,2.0,5368.77,2684.385,0.0,3.5,regex
814,Karla Cerro,dpena@example.com,1-874-422-7585x485,52.0,,México,Ciudad de México,Activo,2026-04-02,2.0,1290.3,645.15,0.0,,regex
815,Sessa Domínguez,encarnacion11@example.net,1-020-002-4539,46.0,F,México,Puebla,Activo,2023-07-29,1.0,1288.22,1288.22,0.0,,regex
816,Eleuterio Moreno,friasabigail@example.com,083.682.1444x889,,F,Argentina,Mendoza,Activo,2024-07-06,3.0,1093.19,364.3966666666667,1.0,,regex
817,Claudio Garibay,uquintana@example.com,025-825-4318,,Otro,México,Guadalajara,Inactivo,2025-10-09,1.0,951.53,951.53,0.0,,regex
818,Laura Cañellas,casesheraclio@example.net,+34 704910601,26.0,F,Perú,Cusco,Inactivo,2024-08-08,4.0,2202.37,550.5925,0.0,5.0,regex
819,Cristobal Sierra,tejadadaniel@example.com,172-257-7545x8472,75.0,,Chile,Temuco,Inactivo,2023-10-27,2.0,249.77,124.885,0.0,,regex
820,Máximo Bosch,purrutia@example.net,+34943 08 27 17,63.0,,Perú,Trujillo,Activo,2023-07-19,3.0,1790.0,596.6666666666666,0.0,,regex
821,Heliodoro Gamboa,morenogerman@example.org,+34875 621 659,,F,España,Valencia,Suspendido,2025-04-11,1.0,541.21,541.21,0.0,,regex
822,Carolina Guzmán,fortunata53@example.net.,+34920 844 617,67.0,M,Colombia,Cali,Activo,2025-07-26,1.0,143.0,143.0,0.0,,regex
823,Estefanía Pozuelo,alejandravasquez@example.com.,979-127-9970,29.0,Otro,Venezuela,Barcelona,Activo,2025-01-25,4.0,6671.69,1667.9225,0.0,4.0,regex
824,Ángela Baquero,yeniybarra@example.com,137.529.8832x20125,58.0,M,Colombia,Cartagena,Activo,2025-07-18,4.0,14495.77,3623.9425,0.0,,regex
825,Carlota Duran,laramaria@example.net.,788.897.5358x5238,,F,México,Mérida,Activo,2026-02-17,2.0,1776.46,888.23,0.0,,regex
826,Heriberto Lobo,juliabonilla@example.net.,07152391029,,Otro,Colombia,Medellín,Inactivo,2025-09-11,0.0,0.0,,0.0,,regex
827,Wilfrido Bru,mateolebron@example.net.,+34807930967,74.0,Otro,España,Madrid,Activo,2023-12-27,1.0,9004.79,9004.79,0.0,,regex
828,Aurelio Codina,coronacornelio@example.org.,+34846 17 67 20,,,España,Sevilla,Activo,2025-03-04,0.0,0.0,,0.0,,regex
829,David Piñeiro,ceballosdolores@example.org,+34 747 25 87 33,23.0,,Argentina,Rosario,Activo,2023-06-20,1.0,2171.04,2171.04,0.0,,regex
830,Tomás Miranda,escamillaxavier@example.net,124-211-4086x8250,60.0,,Argentina,Rosario,Suspendido,2026-04-21,3.0,653.04,217.67999999999998,0.0,,regex
831,Débora Núñez,ferrerjuanita@example.com.,610.399.5297x01371,20.0,M,Chile,Antofagasta,Activo,2024-03-07,2.0,8626.560000000001,4313.280000000001,0.0,,regex
832,Jorge Tirado,wmaldonado@example.org.,+34734 120 270,22.0,F,Venezuela,Maracaibo,Inactivo,2023-09-22,2.0,6073.15,3036.575,0.0,,regex
833,Alejandra Uría,de-la-cruzrufino@example.net,+34971 166 906,51.0,,Chile,Santiago,Activo,2023-09-30,0.0,0.0,,0.0,,regex
834,Olga Noriega,cristobal03@example.net,+30(1)0956797564,23.0,F,Perú,Arequipa,Suspendido,2024-06-20,1.0,105.1,105.1,0.0,5.0,regex
835,José Emilio Pizarro,josetena@example.org,+34881 76 01 08,,Otro,Perú,Chiclayo,Activo,2025-08-30,3.0,6182.83,2060.943333333333,1.0,4.0,regex
836,Antonio Amor,benitorascon@example.com.,07268080815,54.0,F,México,Puebla,Suspendido,2023-09-05,0.0,0.0,,0.0,,regex
837,Ruperta Noriega,mblasco@example.net,+34946713073,63.0,,Chile,Valparaíso,Activo,2023-08-06,1.0,173.04,173.04,0.0,4.0,regex
838,Odalis Muro,mmacias@example.com,+34 828 30 09 62,65.0,M,Venezuela,Maracaibo,Suspendido,2024-12-13,1.0,587.85,587.85,0.0,,regex
839,Marisela Portillo,nanguiano@example.org,+34922 33 96 27,39.0,F,Colombia,Cali,Suspendido,2025-11-14,1.0,1031.66,1031.66,0.0,,regex
840,Marco Antonio Bermúdez,sosafabiola@example.org,+00(4)6661459011,58.0,M,México,Tijuana,Activo,2024-09-11,3.0,4150.55,1383.5166666666667,0.0,5.0,regex
841,Yeni Castellanos,almontevanesa@example.com,+34988819490,38.0,,Chile,Antofagasta,Activo,2024-02-08,0.0,0.0,,0.0,,regex
842,Maximiliano Arnal,villalpandohector@example.net,987-313-7971x669,19.0,,Chile,Antofagasta,Activo,2023-08-30,1.0,14043.38,14043.38,0.0,,regex
843,Berta Garzón,amador77@example.net.,325.623.8994,,M,Colombia,Cali,Activo,2026-05-06,3.0,5978.1,1992.7,1.0,4.0,regex
844,Adela Laguna,bchaparro@example.org,+87(8)2116020418,68.0,F,Argentina,La Plata,Activo,2024-01-23,1.0,864.1,864.1,0.0,,regex
845,Concepción Blanes,terrazasnadia@example.net,(801)864-4822x17588,,Otro,Argentina,Mendoza,Activo,2025-01-25,3.0,2067.17,689.0566666666667,0.0,,regex
846,Natividad Quezada,bernabeamigo@example.com,+34 948 75 71 23,69.0,F,Perú,Lima,Activo,2025-01-17,1.0,3096.63,3096.63,0.0,4.0,regex
847,Rosario Bustos,ariadnavalero@example.net,(968)827-6970,39.0,F,Argentina,Buenos Aires,Suspendido,2023-06-27,1.0,844.59,844.59,0.0,,regex
848,Estela Jordán,wcapdevila@example.com.,+34 980 83 27 48,42.0,,Chile,Temuco,Suspendido,2024-05-10,3.0,13444.189999999999,4481.3966666666665,0.0,,regex
849,Joaquín Seguí,guillermoarmenta@example.net,1-496-683-4960x47842,35.0,F,Perú,Cusco,Activo,2024-09-08,2.0,1949.1100000000001,974.5550000000001,0.0,,regex
850,Chelo Canales,cristobalmoya@example.net,+34 946 48 82 08,31.0,Otro,Venezuela,Maracaibo,Activo,2024-02-26,0.0,0.0,,0.0,,regex
851,Óscar Armengol,francisco-javierortega@example.com,+34985 79 91 60,,F,Venezuela,Maracaibo,Suspendido,2023-08-16,4.0,12280.8,3070.2,0.0,,regex
852,Iker Hurtado,emiliapantoja@example.org.,+34 875 76 05 23,48.0,Otro,México,Mérida,Suspendido,2026-02-10,1.0,323.77,323.77,0.0,5.0,regex
853,Pilar Pérez,de-jesusjorge-luis@example.com,241.916.5034x409,70.0,Otro,Venezuela,Maturín,Activo,2024-07-24,1.0,47.02,47.02,0.0,,regex
854,Adoración Barragán,dorotea89@example.net,+34 988 06 78 21,25.0,M,Perú,Iquitos,Activo,2023-08-06,4.0,702.7099999999999,175.67749999999998,0.0,,regex
855,Liliana Gonzalo,lauraocampo@example.com,893.969.8748x6941,,M,Perú,Trujillo,Activo,2024-05-17,0.0,0.0,,0.0,,regex
856,Humberto Cano,lorenzaescribano@example.org,360.511.7160,65.0,F,Venezuela,Barcelona,Activo,2025-11-08,1.0,1664.64,1664.64,0.0,,regex
857,Emilio Martínez,gcasas@example.net,1-590-670-0099,30.0,,Argentina,Mendoza,Activo,2025-10-11,3.0,2828.47,942.8233333333333,0.0,,regex
858,Olga Duarte,zoraida66@example.net,896.676.0564x20456,35.0,M,México,Puebla,Activo,2024-10-29,1.0,1246.99,1246.99,0.0,,regex
859,Jacinto Sanjuan,estela38@example.net,+34949 235 466,24.0,M,Chile,Santiago,Suspendido,2025-12-02,1.0,266.87,266.87,1.0,2.0,regex
860,María Luisa Miramontes,cardonaleonel@example.net,953.006.2212,,M,Perú,Arequipa,Activo,2026-04-01,3.0,1251.33,417.10999999999996,1.0,3.0,regex
861,Víctor Márquez,ignaciobarrera@example.com,+34826124115,26.0,M,Colombia,Bogotá,Inactivo,2024-12-15,2.0,15188.84,7594.42,0.0,,regex
862,Ana María Alcolea,zvillalonga@example.com,(231)299-5704x7264,,M,España,Málaga,Activo,2025-04-09,0.0,0.0,,0.0,,regex
863,Antonio Cantero,friasbenigna@example.com.,+34977536596,71.0,Otro,Chile,La Serena,Inactivo,2024-09-27,1.0,4126.44,4126.44,0.0,,regex
864,Teresa Pedrosa,horaciocavazos@example.org.,+34981 54 54 00,,Otro,México,Puebla,Suspendido,2024-02-13,3.0,1667.6100000000001,555.87,1.0,5.0,regex
865,Gonzalo Mireles,ramonabenitez@example.org.,+34 872 274 897,47.0,M,España,Bilbao,Inactivo,2024-09-16,2.0,12042.99,6021.495,0.0,4.0,regex
866,Emiliano Marin,bdomenech@example.org,(217)508-0196x30453,32.0,M,Colombia,Bogotá,Suspendido,2024-07-07,0.0,0.0,,0.0,,regex
867,Moreno Lasa,regina34@example.org,+34826816778,39.0,F,Perú,Arequipa,Inactivo,2024-11-24,3.0,1395.92,465.3066666666667,0.0,,regex
868,Purificación Montaño,jose-manuel45@example.com,(083)851-7993x781,47.0,M,Argentina,Buenos Aires,Activo,2025-04-13,3.0,9322.24,3107.4133333333334,0.0,,regex
869,Fabiola Colom,pablo69@example.net,1-882-904-5792,26.0,Otro,Chile,Antofagasta,Activo,2024-02-13,3.0,12350.54,4116.846666666667,1.0,5.0,regex
870,Angelino Piquer,gabrielcenteno@example.org,+34972283391,,F,Chile,Concepción,Suspendido,2026-04-14,1.0,110.12,110.12,0.0,,regex
871,Alta  Gracia Cortez,asuncionvilla@example.org,+34848 210 102,28.0,,México,Puebla,Inactivo,2023-11-19,1.0,60.05,60.05,1.0,,regex
872,Alcides Yuste,ypuente@example.org,+34 748 987 610,68.0,F,Chile,Concepción,Suspendido,2025-10-23,3.0,4598.94,1532.9799999999998,1.0,3.3333333333333335,regex
873,Ramón Cabán,gollumperla@example.com.,319-807-4682x35469,33.0,M,Chile,Antofagasta,Activo,2025-11-07,2.0,2235.43,1117.715,0.0,,regex
874,Andrés Fiol,lquintero@example.org,596-715-0066,56.0,F,España,Sevilla,Activo,2024-08-15,4.0,3725.12,931.28,0.0,4.0,regex
875,Candelario Pozo,asuncion13@example.com,+34 972851699,24.0,Otro,España,Sevilla,Suspendido,2025-09-03,4.0,5130.15,1282.5375,0.0,,regex
876,Alma Pedrero,jrivas@example.org,(268)999-6269x7083,,,Colombia,Medellín,Activo,2025-01-11,1.0,1577.46,1577.46,0.0,,regex
877,Agustina Beltrán,nevarezrosa@example.com,+34927 71 97 60,,M,Venezuela,Maracaibo,Inactivo,2023-09-26,4.0,2802.12,700.53,0.0,4.0,regex
878,Eligio Muñoz,juanalejandro@example.com,+34695 21 75 58,31.0,,Colombia,Cali,Activo,2026-04-09,2.0,8279.94,4139.97,0.0,,regex
879,Édgar Reyes,chavarriamicaela@example.com.,211.882.4199x6264,23.0,Otro,Perú,Chiclayo,Activo,2023-11-05,4.0,2679.41,669.8525,1.0,4.0,regex
880,Israel Sancho,lorena54@example.org,+34 925 457 056,21.0,F,Venezuela,Valencia,Suspendido,2023-05-14,1.0,755.85,755.85,1.0,,regex
881,Edmundo Salgado,ayalabernardino@example.net,564.072.3247,53.0,F,España,Sevilla,Activo,2024-11-12,3.0,1610.37,536.79,1.0,3.3333333333333335,regex
882,Gilberto Barragán,pvina@example.net,+34 847 47 31 26,33.0,F,Venezuela,Maracaibo,Suspendido,2024-07-10,2.0,4588.57,2294.285,0.0,,regex
883,Abraham Barraza,chita01@example.org,+92(7)1152610537,,Otro,Colombia,Cartagena,Activo,2025-10-26,1.0,6109.53,6109.53,0.0,,regex
884,Heraclio Aparicio,posadarosalia@example.com.,+34674189485,71.0,F,Colombia,Barranquilla,Activo,2024-01-14,1.0,192.16,192.16,0.0,,regex
885,Nayara Pedraza,iocana@example.net.,716-198-2734,19.0,M,España,Sevilla,Inactivo,2023-12-30,2.0,10515.64,5257.82,0.0,,regex
886,Andrés Felipe Mercado,pastorquintana@example.org,+34820743574,75.0,Otro,Venezuela,Barquisimeto,Suspendido,2024-05-14,3.0,3930.46,1310.1533333333334,1.0,1.0,regex
887,Sosimo Ramirez,varellano@example.com,1-983-448-8384,47.0,Otro,Chile,Antofagasta,Inactivo,2024-04-23,1.0,2813.48,2813.48,0.0,,regex
888,Roberto Palomino,muronicanor@example.org,1-406-579-5515x623,,,México,Ciudad de México,Suspendido,2025-07-18,3.0,11526.19,3842.0633333333335,1.0,2.5,regex
889,Dorotea Mínguez,ariasmiguel@example.net,091.311.1786x19025,52.0,Otro,Argentina,La Plata,Activo,2025-06-20,1.0,1528.42,1528.42,1.0,,regex
890,Julio Elorza,ramisliliana@example.net,541.201.2275,25.0,Otro,Perú,Chiclayo,Inactivo,2025-12-21,1.0,225.21,225.21,0.0,,regex
891,Agustín Rios,montenegrodan@example.com,+34 865947950,64.0,Otro,España,Málaga,Suspendido,2024-03-15,5.0,16747.600000000002,3349.5200000000004,0.0,4.0,regex
892,Benito Espino,wayala@example.net,031-006-4934x03910,47.0,Otro,Venezuela,Maturín,Activo,2024-05-26,2.0,797.4000000000001,398.70000000000005,0.0,,regex
893,Selena Romero,bernardo18@example.com,+34876599285,,Otro,Perú,Cusco,Activo,2025-08-20,1.0,795.14,795.14,0.0,4.0,regex
894,Virginia Valverde,amalianajera@example.com,+34740679900,75.0,F,Chile,La Serena,Suspendido,2025-01-26,0.0,0.0,,0.0,,regex
895,Candelario Quiñones,alvaro37@example.net.,1-233-944-9530,50.0,F,Colombia,Barranquilla,Suspendido,2024-05-11,2.0,3661.83,1830.915,0.0,5.0,regex
896,Isaías Oliveras,uriarteiban@example.com,262-417-8429,,Otro,Argentina,Mendoza,Suspendido,2025-03-28,0.0,0.0,,0.0,,regex
897,Isidoro Mena,barriosadela@example.net,+34800605308,48.0,,España,Bilbao,Activo,2024-11-20,2.0,349.64,174.82,2.0,3.0,regex
898,Alberto Carnero,cpozo@example.org.,+34 704 575 988,36.0,F,Chile,Concepción,Activo,2024-04-29,3.0,1980.42,660.14,0.0,4.0,regex
899,Chucho Roda,leonardoarredondo@example.org,+34948 202 755,26.0,,Argentina,Buenos Aires,Activo,2023-08-04,2.0,984.33,492.165,0.0,5.0,regex
900,Marisol Cases,fcarbo@example.com,+34877 802 362,29.0,Otro,España,Málaga,Activo,2025-04-19,2.0,2467.92,1233.96,1.0,3.0,regex
901,Borja Sosa,racosta@example.com,+34 961 186 385,33.0,F,Argentina,Mendoza,Activo,2025-01-03,0.0,0.0,,0.0,,regex
902,Luna Varela,tde-la-fuente@example.net.,+34 942 880 053,39.0,,Venezuela,Maracaibo,Activo,2024-12-17,2.0,518.35,259.175,0.0,,regex
903,Bonifacio Correa,nancyleal@example.com,+18(2)2720028394,,Otro,Venezuela,Valencia,Inactivo,2025-03-26,2.0,1117.9,558.95,1.0,2.0,regex
904,Elpidio Barranco,ledesmagerman@example.com,328-116-5993x02020,21.0,Otro,Perú,Iquitos,Activo,2026-04-17,3.0,12569.24,4189.746666666667,0.0,5.0,regex
905,Conchita Castro,wvalenciano@example.org.,+34880 530 281,,F,España,Madrid,Inactivo,2024-05-12,0.0,0.0,,0.0,,regex
906,Santos Ortiz,barceloomar@example.net.,+34 971 775 691,61.0,Otro,México,Guadalajara,Inactivo,2023-10-02,4.0,1683.05,420.7625,0.0,,regex
907,Isaura Cáceres,ebenavent@example.com.,029.831.0438,36.0,,Colombia,Bogotá,Inactivo,2023-11-04,3.0,4879.31,1626.4366666666667,0.0,5.0,regex
908,Nicolasa Carrasco,galcaraz@example.org,856-670-6362x198,57.0,Otro,Venezuela,Valencia,Activo,2024-06-10,1.0,855.01,855.01,0.0,4.0,regex
909,Marcio Hernández,quintanaluis-manuel@example.com,+34 902933965,55.0,F,Argentina,Mendoza,Inactivo,2024-04-06,2.0,11525.41,5762.705,1.0,1.0,regex
910,Daniela Espinal,rogeliocanizares@example.com,+34 824 424 362,64.0,Otro,Perú,Trujillo,Suspendido,2026-03-07,0.0,0.0,,0.0,,regex
911,Gabriela Cadenas,vcabanas@example.net,341-996-4338,61.0,Otro,Chile,Santiago,Activo,2025-10-09,1.0,1071.53,1071.53,0.0,,regex
912,Lola Rincón,griselda05@example.net,+34 877 34 30 31,18.0,F,Venezuela,Maracaibo,Activo,2025-06-23,3.0,2090.02,696.6733333333333,0.0,,regex
913,Yolanda Palomino,loida45@example.com,1-947-576-9453x53659,,M,Perú,Trujillo,Activo,2026-05-01,2.0,584.48,292.24,0.0,5.0,regex
914,Laura Villegas,pradoemilio@example.com.,+34 822 25 45 08,56.0,Otro,Perú,Lima,Activo,2025-01-27,7.0,8780.65,1254.3785714285714,1.0,3.5,regex
915,Nancy Noguera,uclavero@example.com,472-130-7423x591,42.0,Otro,Chile,Antofagasta,Suspendido,2023-11-26,0.0,0.0,,0.0,,regex
916,Odalys Ávila,fernandocotto@example.com,+34 901 54 30 79,62.0,,México,Puebla,Activo,2024-01-07,3.0,2511.34,837.1133333333333,0.0,,regex
917,Espartaco Alfaro,valcarcelbernarda@example.com,+34 844115871,67.0,F,Colombia,Cartagena,Activo,2024-04-23,2.0,271.85,135.925,0.0,,regex
918,llegó,rhuerta@example.net,+17(3)2086523777,21.0,F,Colombia,Barranquilla,Activo,2025-02-01,2.0,1508.93,754.465,1.0,2.0,ner
919,Irene Escobedo,hacero@example.com,+34803 52 78 10,29.0,Otro,Chile,Temuco,Inactivo,2024-05-01,0.0,0.0,,0.0,,regex
920,Angelino Cornejo,carolinabarraza@example.com,+34920 731 609,,F,Chile,Temuco,Activo,2024-01-14,1.0,3414.37,3414.37,0.0,,regex
921,María José Puig,ccordoba@example.org,+34872695528,67.0,F,Perú,Cusco,Activo,2023-11-19,1.0,196.1,196.1,0.0,,regex
922,Eliana Tormo,edu59@example.com,+34 879 222 739,58.0,,México,Tijuana,Activo,2026-01-14,2.0,1132.48,566.24,0.0,,regex
923,Abel Narváez,joaquingarza@example.org.,+34 949618507,54.0,,Argentina,La Plata,Suspendido,2023-08-19,2.0,11820.82,5910.41,0.0,5.0,regex
924,Carmen Armenta,yvalenciano@example.org,+34 873 601 071,67.0,,Venezuela,Barcelona,Suspendido,2024-07-18,1.0,66.42,66.42,0.0,2.0,regex
925,Verónica España,troyo@example.com,735-742-2332x228,25.0,Otro,Venezuela,Maturín,Suspendido,2025-04-05,1.0,6884.06,6884.06,0.0,,regex
926,Flavio Oliva,gasparotero@example.com,+34 941 29 53 50,,,Argentina,Mendoza,Inactivo,2024-01-31,2.0,678.52,339.26,0.0,,regex
927,Felipe Carbó,regulo74@example.org,+34 707 538 418,66.0,F,España,Málaga,Activo,2023-10-20,2.0,611.76,305.88,0.0,5.0,regex
928,Isidro Delgado,saucedagonzalo@example.net,975.615.4705,37.0,Otro,Perú,Trujillo,Inactivo,2024-02-10,2.0,7636.76,3818.38,1.0,,regex
929,Nerea Bautista,porrasgabriel@example.org,+34 924 56 40 91,40.0,F,Perú,Iquitos,Activo,2025-02-18,1.0,1691.22,1691.22,0.0,,regex
930,Domitila Raya,dulce-maria07@example.org,+34 724 262 019,,M,Colombia,Bucaramanga,Activo,2023-08-24,4.0,4251.89,1062.9725,0.0,,regex
931,Eutimio Benavides,maricruzropero@example.net.,1-897-609-8731x267,,Otro,Colombia,Bucaramanga,Activo,2024-01-19,0.0,0.0,,0.0,,regex
932,Eligio Ordóñez,snicolau@example.net,865-339-4319x16543,39.0,,Argentina,Tucumán,Activo,2026-03-21,1.0,1147.72,1147.72,0.0,,regex
933,Dulce Casanovas,cuadradodionisio@example.net.,+34 926 057 644,47.0,Otro,Perú,Arequipa,Suspendido,2025-10-03,3.0,901.8,300.59999999999997,0.0,4.0,regex
934,Mauro Ayllón,sosimosimo@example.com.,(867)649-7974,49.0,,Perú,Chiclayo,Activo,2024-08-13,2.0,1126.4,563.2,0.0,3.0,regex
935,Rogelio Polanco,rosa50@example.org,553.730.9649,,F,México,Ciudad de México,Activo,2025-03-16,1.0,3799.34,3799.34,0.0,5.0,regex
936,Marcos Canet,rebecaolivares@example.org,1-059-702-5512,25.0,F,España,Bilbao,Suspendido,2024-09-29,2.0,11220.64,5610.32,0.0,,regex
937,Teodosio Gollum,encarna48@example.net.,654.663.4544x3441,69.0,,México,Tijuana,Inactivo,2025-03-11,0.0,0.0,,0.0,,regex
938,Rebeca Herrera,ricardo74@example.org.,(408)822-3095x862,61.0,Otro,Argentina,Buenos Aires,Suspendido,2025-07-12,1.0,304.67,304.67,0.0,,regex
939,Coral Camarillo,cristobalaguilo@example.net,021-707-5485,39.0,,Chile,Valparaíso,Activo,2024-03-20,3.0,6465.76,2155.2533333333336,0.0,2.0,regex
940,José Eduardo Rodríquez,anselmohidalgo@example.org.,+34901 496 461,46.0,M,Chile,La Serena,Suspendido,2025-07-11,4.0,5294.0599999999995,1323.5149999999999,0.0,2.0,regex
941,Claudia Amorós,custodio21@example.org,1-658-963-5957,42.0,M,Perú,Cusco,Activo,2025-01-08,0.0,0.0,,0.0,,regex
942,Arcelia Bayona,pedro43@example.com,631-138-8503,18.0,M,España,Valencia,Activo,2023-10-30,3.0,3168.04,1056.0133333333333,1.0,3.0,regex
943,Anastasio Ferrero,lloya@example.com,1-104-379-6868,62.0,M,Perú,Iquitos,Activo,2023-06-15,0.0,0.0,,0.0,,regex
944,Claudia Olivárez,sorayaborras@example.net,1-417-430-4350x238,,Otro,Colombia,Bucaramanga,Activo,2026-03-14,4.0,2339.99,584.9975,0.0,3.0,regex
945,Felix Pichardo,dolores75@example.net,+34872 32 82 93,,F,Perú,Iquitos,Activo,2023-10-07,6.0,4140.65,690.1083333333332,1.0,4.0,regex
946,Natalio Vela,hernandoagustin@example.org,+34 876 34 67 71,41.0,,España,Málaga,Suspendido,2025-05-14,2.0,8440.98,4220.49,1.0,4.0,regex
947,María Eugenia Alarcón,xcollado@example.com,1-302-453-0123,25.0,M,España,Sevilla,Inactivo,2025-10-21,2.0,1826.1399999999999,913.0699999999999,0.0,4.0,regex
948,Joel Gascón,amaliacavazos@example.net.,1-190-172-2240x507,41.0,F,España,Barcelona,Activo,2026-02-08,0.0,0.0,,0.0,,regex
949,Virginia Canales,qmayorga@example.com,+34 864065838,20.0,M,Venezuela,Valencia,Activo,2023-10-26,3.0,13236.79,4412.263333333333,1.0,,regex
950,Sonia Nicolás,fabriciomoliner@example.net,+34924 668 448,68.0,M,México,Tijuana,Inactivo,2026-03-14,2.0,9777.779999999999,4888.889999999999,0.0,,regex
951,Felix Sanmiguel,corneliocastillo@example.org,+34 806 187 803,55.0,Otro,Perú,Arequipa,Activo,2026-04-21,2.0,5224.07,2612.035,1.0,,regex
952,Sessa Benavent,rubioguillermo@example.net,+34 877 92 51 99,38.0,M,Venezuela,Barcelona,Activo,2025-06-10,2.0,945.09,472.545,1.0,4.0,regex
953,Elba Carmona,de-leondelia@example.org,433-872-2054x221,,Otro,México,Guadalajara,Inactivo,2023-11-20,6.0,2314.8,385.8,0.0,4.0,regex
954,Francisca Espinosa,ferranhermenegildo@example.com,704)887-8995,42.0,F,Colombia,Bucaramanga,Activo,2024-03-02,0.0,0.0,,0.0,,regex
955,Nilda Alarcón,rsarabia@example.com,+34 913 77 49 26,39.0,M,Argentina,Mendoza,Activo,2025-04-05,2.0,1429.8400000000001,714.9200000000001,1.0,,regex
956,Feliciano Pedroza,gil77@example.com,(259)206-1658,47.0,F,España,Bilbao,Activo,2023-10-13,1.0,3405.78,3405.78,0.0,,regex
957,Amaro Vega,doramacias@example.org,+34 921 630 295,56.0,M,México,Puebla,Suspendido,2025-08-18,2.0,6709.22,3354.61,1.0,2.0,regex
958,Eugenia Guevara,veronicaparedes@example.org.,(206)615-4980x85133,72.0,M,Chile,La Serena,Activo,2024-01-10,1.0,41.92,41.92,1.0,3.0,regex
959,Armando Vela,bernardoblanes@example.org.,+34 825 215 481,71.0,F,Chile,Temuco,Activo,2024-12-21,3.0,10957.18,3652.3933333333334,0.0,,regex
960,Pamela Tello,alugo@example.org,+34986 548 806,45.0,Otro,México,Tijuana,Activo,2026-04-28,1.0,262.78,262.78,0.0,,regex
961,Pilar Arnau,rebecasandoval@example.com,873-585-6646x41962,54.0,M,Chile,Valparaíso,Inactivo,2024-03-30,4.0,8043.860000000001,2010.9650000000001,0.0,4.666666666666667,regex
962,Dani Rubio,carlitoferrando@example.org.,+34 902 104 294,64.0,Otro,España,Madrid,Activo,2025-09-29,0.0,0.0,,0.0,,regex
963,Lope Segura,sotelorosalia@example.net.,699-994-9812,70.0,M,Venezuela,Maturín,Inactivo,2023-09-09,3.0,10654.08,3551.36,0.0,,regex
964,Baudelio Rosales,valonso@example.net,+34 600 53 28 53,64.0,,España,Málaga,Activo,2023-12-03,2.0,4842.94,2421.47,1.0,,regex
965,Abraham Arredondo,genaroguevara@example.net,+34 658269299,,,España,Málaga,Activo,2023-07-15,4.0,9089.23,2272.3075,1.0,,regex
966,Oswaldo Dávila,oguerrero@example.org,+34981 963 376,47.0,F,Chile,La Serena,Activo,2024-11-15,4.0,2659.91,664.9775,1.0,,regex
967,Sol Díaz,pcantu@example.com,00132823392,68.0,,Colombia,Barranquilla,Inactivo,2025-05-17,4.0,15773.55,3943.3875,0.0,,regex
968,Paco Serra,tmorell@example.net.,+34 946776106,75.0,Otro,España,Bilbao,Activo,2025-10-31,0.0,0.0,,0.0,,regex
969,Adolfo Larrea,castejonadelia@example.net,(178)159-6983x845,57.0,Otro,Argentina,Córdoba,Suspendido,2023-11-22,2.0,2377.9,1188.95,1.0,,regex
970,Lilia Portillo,leonor86@example.org,1-125-734-9899x2553,23.0,,Venezuela,Barcelona,Activo,2025-05-15,2.0,2648.4900000000002,1324.2450000000001,0.0,,regex
971,María Cristina Lugo,salgadojulio@example.net,966-941-7996,25.0,F,Argentina,Córdoba,Activo,2023-06-03,1.0,2137.47,2137.47,0.0,,regex
972,Carolina Maldonado,rafael59@example.net.,418-398-4167,53.0,Otro,México,Tijuana,Activo,2023-12-23,0.0,0.0,,0.0,,regex
973,Ricardo Viera,luis-miguel50@example.net,+34983 60 52 10,59.0,F,Chile,Concepción,Suspendido,2024-07-20,1.0,4120.29,4120.29,0.0,3.0,regex
974,Alfredo Pabón,almanzapamela@example.org,(458)130-8898x3057,,,Perú,Chiclayo,Activo,2025-05-10,3.0,6819.950000000001,2273.316666666667,0.0,4.0,regex
975,Esperanza Iglesias,severo30@example.org.,000.305.6619,22.0,F,Argentina,Buenos Aires,Activo,2025-04-16,0.0,0.0,,0.0,,regex
976,Viviana Ontiveros,valdezfrancisca@example.net,+34968467908,52.0,Otro,Colombia,Barranquilla,Suspendido,2026-02-05,3.0,322.29,107.43,0.0,4.5,regex
977,Francisca Suarez,barana@example.org.,+34949 51 03 44,41.0,Otro,Colombia,Cartagena,Activo,2026-03-16,2.0,12932.710000000001,6466.3550000000005,0.0,5.0,regex
978,César Pozuelo,wendolin56@example.net,240.622.1559,22.0,M,México,Ciudad de México,Activo,2025-12-21,3.0,1500.78,500.26,0.0,5.0,regex
979,Maxi Domínguez,edelmiroaguilo@example.com,+34875470474,,Otro,Venezuela,Barquisimeto,Activo,2026-01-22,6.0,21249.85,3541.6416666666664,2.0,2.0,regex
980,Patricia Melgar,rubyquesada@example.com.,+34 825 38 35 07,65.0,Otro,Colombia,Barranquilla,Activo,2026-04-07,3.0,7035.4800000000005,2345.1600000000003,2.0,4.0,regex
981,Isabela Gamez,judithbarbero@example.org,+34 944221173,71.0,,Venezuela,Valencia,Activo,2025-04-04,2.0,2061.36,1030.68,1.0,4.0,regex
982,Miguel Ángel Roig,serafinmontemayor@example.net,1-585-229-4252x51618,49.0,Otro,Venezuela,Maturín,Suspendido,2024-10-28,4.0,15377.77,3844.4425,0.0,,regex
983,Vidal Ballesteros,tafoyateodoro@example.org,(914)774-4735,37.0,Otro,Colombia,Medellín,Activo,2024-06-04,4.0,16876.44,4219.11,0.0,,regex
984,Manuel Tafoya,riojascaridad@example.com.,1-973-449-3053,68.0,F,Argentina,La Plata,Activo,2023-09-24,2.0,3415.2400000000002,1707.6200000000001,0.0,,regex
985,Tadeo Bayona,paolavazquez@example.net,+34949 08 78 82,28.0,Otro,Argentina,Córdoba,Activo,2024-05-31,1.0,2939.86,2939.86,0.0,,regex
986,Alexandra Estrada,pastora86@example.org,152)174-6535,62.0,Otro,Venezuela,Barcelona,Activo,2024-06-04,3.0,14956.83,4985.61,0.0,,regex
987,Elena Leiva,vbrito@example.com,629.691.4336x29994,46.0,,Chile,Valparaíso,Activo,2025-03-30,3.0,3236.2000000000003,1078.7333333333333,0.0,,regex
988,Frida Ávila,caparrosatilio@example.net,390.835.2118,27.0,F,Argentina,La Plata,Inactivo,2026-01-26,2.0,977.15,488.575,0.0,,regex
989,Florina Orellana,silvano97@example.net,1-285-759-5828x190,43.0,F,España,Barcelona,Activo,2023-10-15,1.0,355.84,355.84,1.0,,regex
990,Rodolfo Tijerina,marcelinoangel@example.net,+34 973 170 598,18.0,Otro,Argentina,Buenos Aires,Suspendido,2026-02-07,1.0,3069.22,3069.22,0.0,,regex
991,Isaac Larrañaga,wvalderrama@example.org,112-303-8856x8119,63.0,F,Argentina,La Plata,Inactivo,2025-03-09,2.0,2453.81,1226.905,0.0,1.0,regex
992,Pablo Llopis,altamiranoserafin@example.net,+34826 77 90 55,60.0,,Venezuela,Caracas,Suspendido,2025-01-14,4.0,5569.31,1392.3275,0.0,2.0,regex
993,Luisa Giner,marroquinnatalia@example.net.,+34 975053260,61.0,Otro,España,Málaga,Activo,2023-09-21,3.0,2446.14,815.38,0.0,,regex
994,Mirta Alarcón,reynasanchez@example.com,+34915136090,,F,Colombia,Medellín,Activo,2025-11-01,2.0,6628.860000000001,3314.4300000000003,0.0,,regex
995,Roberta Arnau,anel24@example.org,1-615-873-6627,30.0,,México,Mérida,Activo,2024-01-03,0.0,0.0,,0.0,,regex
996,Nancy Vanegas,patricioherranz@example.net,+34 705856154,30.0,,Chile,Concepción,Activo,2025-05-09,3.0,8346.16,2782.0533333333333,0.0,4.0,regex
997,Florina Olvera,rociosaavedra@example.net,+34926 51 16 43,27.0,Otro,Argentina,Rosario,Inactivo,2026-03-24,3.0,24945.89,8315.296666666667,0.0,,regex
998,Georgina Verdejo,ltorre@example.com,+34 847 896 660,37.0,,Argentina,Tucumán,Suspendido,2026-02-05,2.0,1502.65,751.325,0.0,3.0,regex
999,Diana Pina,angela61@example.org.,+34974535846,,M,Colombia,Cali,Inactivo,2023-06-26,1.0,231.02,231.02,0.0,,regex
1000,Carlota Fabregat,amorgargallo@example.org,763-628-1444,,M,Chile,La Serena,Activo,2023-09-15,1.0,139.77,139.77,0.0,,regex
1001,Dora Galarza,aarribas@example.com,909-228-8498,23.0,M,Venezuela,Valencia,Inactivo,2025-08-26,0.0,0.0,,0.0,,regex
1002,Jerónimo Gálvez,fchacon@example.org,306-881-1640,,Otro,Chile,La Serena,Activo,2024-04-09,2.0,7970.4800000000005,3985.2400000000002,0.0,,regex
1003,Dominga Vendrell,pascualrodrigez@example.com,333-647-7041x3090,71.0,Otro,España,Barcelona,Activo,2026-03-08,1.0,6073.49,6073.49,0.0,,regex
1004,Elisa Altamirano,ruycanas@example.com,(041)231-9057,27.0,F,Venezuela,Barcelona,Activo,2023-10-04,1.0,1721.5,1721.5,0.0,,regex
1005,Gilberto Aller,gllado@example.net.,+34 847453810,48.0,,Venezuela,Maracaibo,Activo,2025-07-02,3.0,8667.64,2889.213333333333,1.0,3.0,regex
1006,Berta Cobos,lamaya@example.net,649-632-2517,25.0,F,México,Puebla,Inactivo,2025-09-26,1.0,1449.62,1449.62,0.0,,regex
1007,Luis Miguel Landa,simoncabo@example.org,+34 800 346 861,65.0,,España,Bilbao,Suspendido,2024-01-01,1.0,913.78,913.78,0.0,,regex
1008,Adán Pujol,anabelcoronado@example.org.,+34 923366219,62.0,M,Perú,Trujillo,Activo,2023-12-12,3.0,4420.99,1473.6633333333332,0.0,4.0,regex
1009,Agustín Rivero,alta-gracia01@example.com,+34 843590073,21.0,M,México,Puebla,Activo,2023-08-17,2.0,1648.38,824.19,0.0,,regex
1010,Fátima de la Torre,canaleshernando@example.net,1-087-167-2210x4546,41.0,,España,Barcelona,Activo,2026-05-09,1.0,75.64,75.64,0.0,,no_recuperado
1011,Clotilde Bayona,renteriafrancisco@example.com,+34 946 02 34 42,30.0,Otro,España,Sevilla,Activo,2024-06-09,3.0,2853.08,951.0266666666666,0.0,,regex
1012,Flora Alejandro,gerardo39@example.com,+34 844094477,52.0,F,Chile,Temuco,Activo,2024-06-25,3.0,1858.75,619.5833333333334,0.0,2.0,regex
1013,Horacio Rivero,barbara32@example.com.,07948024559,35.0,Otro,Perú,Chiclayo,Activo,2023-09-10,3.0,1640.8899999999999,546.9633333333333,0.0,,regex
1014,Eleuterio Camino,brunilda91@example.org,(649)864-7868x6237,51.0,F,España,Bilbao,Activo,2026-05-10,3.0,7877.4400000000005,2625.8133333333335,0.0,4.0,regex
1015,Angelita Marrero,alberto83@example.com,+34827907499,28.0,M,Colombia,Medellín,Activo,2023-08-12,2.0,5755.540000000001,2877.7700000000004,0.0,5.0,regex
1016,Alvaro Quintanilla,mcastell@example.com,+34886 848 647,57.0,Otro,Venezuela,Maturín,Suspendido,2024-11-13,0.0,0.0,,0.0,,regex
1017,Jacobo Matos,jescobar@example.net.,+34848123720,62.0,M,Perú,Cusco,Inactivo,2026-01-24,0.0,0.0,,0.0,,regex
1018,Selena Gibert,almansaalejandro@example.net,467.391.9008,48.0,F,México,Tijuana,Activo,2023-09-20,2.0,2379.2799999999997,1189.6399999999999,0.0,,regex
1019,Santiago Alvarado,pcornejo@example.org.,1-798-979-0608,66.0,F,Chile,La Serena,Activo,2024-04-04,1.0,2884.1,2884.1,0.0,,regex
1020,Rita Rosado,cguevara@example.org,+34983 43 36 11,26.0,Otro,España,Bilbao,Activo,2026-03-20,2.0,5655.79,2827.895,0.0,4.0,regex
1021,Úrsula Zabala,cirino98@example.net.,1-458-294-2034x01535,45.0,Otro,México,Puebla,Activo,2024-03-10,0.0,0.0,,0.0,,regex
1022,Alta  Gracia Medina,gloria94@example.com,1-201-082-4028,20.0,Otro,México,Monterrey,Suspendido,2025-04-25,4.0,7183.75,1795.9375,0.0,4.5,regex
1023,Rubén Abreu,cchico@example.net,174-527-3536x4235,60.0,M,España,Madrid,Activo,2023-05-30,3.0,11471.95,3823.9833333333336,0.0,2.0,regex
1024,Asunción Busquets,custodio81@example.net,02559046100,55.0,M,Chile,Temuco,Activo,2025-02-28,0.0,0.0,,0.0,,regex
1025,Bartolomé Polanco,ayalaarturo@example.org.,+34 985 271 012,,,Venezuela,Maturín,Activo,2026-04-23,2.0,444.53000000000003,222.26500000000001,0.0,,regex
1026,Clementina Barrientos,castilloalta-gracia@example.net,(507)665-3446x0422,54.0,M,México,Guadalajara,Activo,2024-08-12,0.0,0.0,,0.0,,regex
1027,Reyes Olivera,borjanazaret@example.org,+34 928 73 47 24,51.0,M,Venezuela,Barquisimeto,Activo,2024-05-28,1.0,236.51,236.51,0.0,,regex
1028,Armando Parra,maximinocadenas@example.net,+34 974267086,18.0,Otro,México,Ciudad de México,Activo,2025-06-20,3.0,10801.880000000001,3600.626666666667,1.0,4.0,regex
1029,Jerónimo Corral,carmelo97@example.com,494-771-2903x5006,48.0,F,Chile,La Serena,Suspendido,2025-10-10,2.0,5347.15,2673.575,0.0,,regex
1030,Mónica Madera,joelmillan@example.com.,+34 902 04 66 82,42.0,F,Venezuela,Barquisimeto,Activo,2023-10-23,1.0,521.92,521.92,0.0,,regex
1031,Teodoro Hernádez,jonashidalgo@example.net,+34716 44 11 19,25.0,Otro,España,Valencia,Activo,2025-09-05,1.0,2391.9,2391.9,0.0,4.0,regex
1032,Bernarda Silva,romeujoaquin@example.com,+34923 948 821,20.0,M,Chile,Concepción,Activo,2025-02-12,5.0,14822.099999999999,2964.4199999999996,1.0,5.0,regex
1033,Omar Quirós,aida51@example.org.,+34 861 254 341,37.0,Otro,Chile,Santiago,Inactivo,2024-02-05,1.0,3751.18,3751.18,0.0,,regex
1034,Diego Ávalos,pacuna@example.com.,+34 826 860 032,75.0,,México,Tijuana,Activo,2026-05-10,1.0,823.16,823.16,0.0,5.0,regex
1035,Cruz Urbina,borrasnoemi@example.com,+34 713471317,60.0,,Colombia,Bucaramanga,Activo,2025-02-15,0.0,0.0,,0.0,,regex
1036,Uriel Armenta,wcortes@example.com,+34982 419 478,65.0,M,Chile,Valparaíso,Activo,2025-12-16,3.0,1261.29,420.43,1.0,4.0,regex
1037,Eusebia Benítez,onino@example.com,+34 830 72 88 78,25.0,,Chile,La Serena,Inactivo,2024-10-08,2.0,810.64,405.32,0.0,,regex
1038,Rufino González,pelayobernabe@example.com.,+34 983 19 72 23,55.0,F,Venezuela,Barcelona,Inactivo,2024-02-10,1.0,92.55,92.55,0.0,5.0,regex
1039,Carla Toro,alfredoramos@example.com,+34 702480855,27.0,,Chile,Valparaíso,Activo,2025-12-16,2.0,7568.13,3784.065,0.0,3.0,regex
1040,Albino Jimenez,celiagallardo@example.com,+34847169069,24.0,Otro,México,Mérida,Activo,2025-01-04,2.0,3958.06,1979.03,0.0,,regex
1041,Francisco Javier Rodríquez,rsalas@example.net,06913952150,19.0,M,Colombia,Medellín,Inactivo,2025-11-15,4.0,4707.18,1176.795,0.0,,regex
1042,Clemente Beltrán,nagusti@example.org,+84(2)4319839248,24.0,M,Chile,Santiago,Suspendido,2024-11-12,1.0,4245.85,4245.85,0.0,,regex
1043,Amado Mata,abenavente@example.com,+34803 21 51 67,30.0,F,Venezuela,Barquisimeto,Inactivo,2025-08-24,2.0,5566.379999999999,2783.1899999999996,0.0,,regex
1044,Gregorio Guevara,joan48@example.org,+34650 147 642,52.0,M,Venezuela,Maturín,Activo,2024-11-15,1.0,267.41,267.41,0.0,,regex
1045,Carlos Rodríquez,miguel-angel12@example.net,+34972 751 239,46.0,F,España,Bilbao,Inactivo,2025-08-26,2.0,2838.25,1419.125,0.0,,regex
1046,Natividad Noguera,cristal60@example.net,(360)244-6546,73.0,,Chile,La Serena,Activo,2024-10-05,3.0,5971.18,1990.3933333333334,0.0,,regex
1047,Pepito Sala,sernaherminio@example.org,05647837031,,,Colombia,Barranquilla,Suspendido,2024-04-23,5.0,2942.85,588.5699999999999,0.0,,regex
1048,Benita Estevez,antonia48@example.com,(260)292-5468x62728,48.0,Otro,Chile,Antofagasta,Activo,2026-05-07,3.0,7531.639999999999,2510.5466666666666,0.0,5.0,regex
1049,Lorena Henríquez,salinasfortunata@example.com,+34844 713 538,57.0,Otro,Chile,Santiago,Activo,2024-10-13,2.0,608.81,304.405,0.0,5.0,regex
1050,Pepito Gibert,dzepeda@example.com,+34883 88 69 32,,,Argentina,Córdoba,Suspendido,2025-06-09,2.0,468.95000000000005,234.47500000000002,0.0,,regex
1051,Eugenio Aguayo,sosasalma@example.org,1-961-597-6405,39.0,F,España,Málaga,Activo,2025-05-27,0.0,0.0,,0.0,,regex
1052,Lilia Baeza,tsanabria@example.com.,261-903-8422,59.0,F,México,Monterrey,Suspendido,2023-12-27,2.0,903.3499999999999,451.67499999999995,0.0,2.0,regex
1053,Catalina Fonseca,echeverriagabino@example.net.,+34 978111757,28.0,M,España,Málaga,Suspendido,2025-03-05,1.0,4325.95,4325.95,0.0,,regex
1054,Quería,fausto98@example.com,+34 888486983,75.0,F,Chile,Santiago,Activo,2024-06-24,1.0,2850.33,2850.33,1.0,,ner
1055,Petrona Véliz,danielaescamilla@example.org.,+34856980142,42.0,,Colombia,Bucaramanga,Suspendido,2024-02-29,2.0,2553.71,1276.855,0.0,4.0,regex
1056,Benjamín Treviño,sanjuanabril@example.org,+34822637050,49.0,Otro,México,Ciudad de México,Activo,2024-03-25,1.0,6403.01,6403.01,0.0,3.0,regex
1057,Horacio Reyes,flaviolemus@example.com,+34 828729476,58.0,M,México,Mérida,Suspendido,2026-02-07,2.0,14577.39,7288.695,0.0,,regex
1058,Calista Antúnez,francisca02@example.com.,09393272728,69.0,M,Chile,Concepción,Suspendido,2023-11-02,2.0,1097.3200000000002,548.6600000000001,0.0,,regex
1059,Paca Garibay,lugoramon@example.com.,+34 841 66 76 52,55.0,F,Chile,Santiago,Activo,2025-12-11,1.0,157.93,157.93,0.0,,regex
1060,Jonás Torrijos,agustin70@example.net,(067)560-2080,59.0,F,Argentina,Córdoba,Suspendido,2025-01-19,0.0,0.0,,0.0,,regex
1061,Dulce Daza,peramaxi@example.com,+34744 489 093,,F,Colombia,Bucaramanga,Activo,2026-01-20,2.0,9036.939999999999,4518.469999999999,0.0,,regex
1062,Elisa Fábregas,diezjose-ignacio@example.com,+34800 25 55 01,66.0,Otro,Colombia,Medellín,Activo,2026-04-29,3.0,1881.18,627.0600000000001,0.0,4.0,regex
1063,Isaac Gonzalez,emilio93@example.org.,+34847436296,51.0,,Perú,Lima,Suspendido,2023-05-18,1.0,74.05,74.05,0.0,,regex
1064,Ovidio Carvajal,marina41@example.org,+34971596599,58.0,Otro,Colombia,Medellín,Suspendido,2026-03-18,4.0,4545.18,1136.295,1.0,,regex
1065,Eric Valderrama,antoniorosales@example.com,1-542-106-2941x9375,64.0,Otro,Colombia,Cali,Activo,2025-02-11,1.0,1834.23,1834.23,0.0,,regex
1066,Ruy Benítez,tiradoramon@example.org,647-528-6461,65.0,Otro,México,Monterrey,Activo,2025-06-17,4.0,16147.919999999998,4036.9799999999996,1.0,1.0,regex
1067,Carla Girón,cuadradogeorgina@example.net,1-240-321-1535,73.0,M,Colombia,Barranquilla,Activo,2023-05-21,1.0,208.57,208.57,0.0,,regex
1068,Kike Chaparro,marijordan@example.net,+34 984779724,59.0,M,Argentina,Mendoza,Activo,2025-03-04,4.0,6546.81,1636.7025,0.0,5.0,regex
1069,Reinaldo Ceja,vallscaridad@example.org,581-920-4877x06769,30.0,M,España,Madrid,Activo,2026-03-29,1.0,2536.08,2536.08,0.0,2.0,regex
1070,Marita Ropero,munizserafin@example.org.,+34 924 784 640,49.0,,Argentina,Mendoza,Inactivo,2025-04-07,3.0,6436.92,2145.64,0.0,5.0,regex
1071,Olivia Duarte,iromo@example.com,+34 728 467 292,68.0,,España,Madrid,Suspendido,2024-04-09,3.0,1491.63,497.21000000000004,0.0,5.0,regex
1072,Rosalva Niño,jdomingo@example.org,+34 865018256,38.0,Otro,España,Bilbao,Activo,2025-08-17,4.0,2075.71,518.9275,0.0,5.0,regex
1073,Marisela Reina,silvia20@example.org.,+34847341499,60.0,,Colombia,Bogotá,Activo,2025-02-20,2.0,269.15,134.575,0.0,,regex
1074,Eloísa Orta,iarino@example.com.,+45(0)9563217400,,Otro,España,Barcelona,Activo,2025-03-14,1.0,492.84,492.84,0.0,,regex
1075,Malena Gimenez,maria-carmen38@example.net,+34842 24 71 19,33.0,Otro,Colombia,Cali,Activo,2024-07-03,0.0,0.0,,0.0,,regex
1076,Jordana Rivas,inigotorre@example.net,+34920646160,71.0,Otro,Argentina,Rosario,Inactivo,2026-04-14,0.0,0.0,,0.0,,regex
1077,Rosendo Gamez,alejandrorenato@example.com,+34 975 234 617,45.0,M,Perú,Cusco,Activo,2025-05-02,2.0,3578.2400000000002,1789.1200000000001,0.0,,regex
1078,Ignacia Fuster,acarbo@example.net,(164)231-6544,34.0,Otro,Colombia,Bogotá,Activo,2026-02-07,2.0,21222.55,10611.275,0.0,,regex
1079,Ángel Simó,xsolorzano@example.com,+63(4)9429046175,45.0,F,Argentina,Tucumán,Activo,2023-08-28,1.0,8114.58,8114.58,0.0,,regex
1080,Alejandra Urrutia,marcelinoespana@example.org,+34887 83 74 44,41.0,F,Venezuela,Valencia,Activo,2025-08-30,1.0,3764.53,3764.53,0.0,,regex
1081,Isidoro Montaño,elsa86@example.net,1-902-548-5362x689,75.0,Otro,España,Sevilla,Activo,2024-03-13,2.0,283.3,141.65,0.0,,regex
1082,Débora Villalobos,andrea00@example.net,855.742.1643,62.0,,Perú,Cusco,Activo,2025-09-12,2.0,635.29,317.645,0.0,5.0,regex
1083,Petrona Giménez,iglesiaszacarias@example.com,+34 902 761 437,75.0,Otro,Perú,Iquitos,Activo,2024-03-08,0.0,0.0,,0.0,,regex
1084,Amelia Núñez,aortega@example.com.,1-263-681-5418,43.0,F,Colombia,Medellín,Activo,2026-03-04,3.0,3596.8399999999997,1198.9466666666665,0.0,3.0,regex
1085,Víctor de la Crúz,villanuevamario@example.com,+34973 860 435,46.0,Otro,Venezuela,Barcelona,Activo,2025-08-13,5.0,15860.73,3172.1459999999997,0.0,5.0,no_recuperado
1086,Aldo Arce,vicentelasa@example.com,+34 875 067 730,44.0,M,Venezuela,Maturín,Activo,2024-10-08,0.0,0.0,,0.0,,regex
1087,Carlota España,ereguera@example.net,09087886538,48.0,Otro,Venezuela,Maturín,Inactivo,2025-05-21,2.0,5703.009999999999,2851.5049999999997,0.0,,regex
1088,Roldán Flórez,hernande-la-o@example.net,055-049-2217,45.0,M,Argentina,Buenos Aires,Activo,2025-08-26,3.0,4254.490000000001,1418.1633333333336,0.0,,regex
1089,Caridad Quintero,nportillo@example.org,+34820 62 90 73,70.0,Otro,Chile,Antofagasta,Activo,2025-08-28,1.0,2675.68,2675.68,0.0,,regex
1090,Ignacia Trujillo,silviomoraleda@example.org,+34 975 170 864,29.0,Otro,Perú,Iquitos,Inactivo,2023-11-15,1.0,4948.81,4948.81,0.0,2.0,regex
1091,Cristina Fábregas,gameznacho@example.com,+34 828459967,43.0,M,México,Tijuana,Activo,2026-05-04,1.0,2641.51,2641.51,0.0,,regex
1092,Bernardo Tijerina,abelardonazario@example.com,+34 885 38 84 30,63.0,Otro,México,Mérida,Activo,2025-09-14,1.0,1598.76,1598.76,0.0,,regex
1093,Adelaida Ribas,olveratania@example.com,315)890-1649,68.0,F,Perú,Lima,Inactivo,2026-03-05,0.0,0.0,,0.0,,regex
1094,Darío Ayala,cmartin@example.com,+34873088081,70.0,F,Perú,Trujillo,Activo,2023-11-01,1.0,2447.32,2447.32,0.0,2.0,regex
1095,Benigna Ribera,pepita48@example.com,+34 727288959,32.0,M,Colombia,Cali,Activo,2025-04-13,3.0,7630.549999999999,2543.5166666666664,0.0,,regex
1096,Susana Bueno,babril@example.net,+34942127662,58.0,M,Perú,Trujillo,Activo,2025-01-10,1.0,801.21,801.21,0.0,,regex
1097,Priscila Heredia,obarbera@example.org,1-444-359-6245,62.0,M,México,Tijuana,Activo,2026-01-21,1.0,1127.86,1127.86,0.0,,regex
1098,Gaspar Marquez,fermin53@example.com.,+34 824 23 75 30,28.0,Otro,España,Málaga,Activo,2025-01-04,1.0,1371.17,1371.17,0.0,,regex
1099,Rebeca Palacios,emiliapenas@example.net.,+24(3)6524055364,49.0,M,Venezuela,Maturín,Activo,2025-06-16,1.0,517.97,517.97,0.0,5.0,regex
1100,José Carlos Alemán,gllado@example.net,+34 835977385,,Otro,Venezuela,Valencia,Inactivo,2026-03-05,4.0,3793.3299999999995,948.3324999999999,1.0,2.0,regex
1101,Lilia Figueroa,tiburcioarenas@example.com,1-998-649-1259x497,64.0,Otro,México,Puebla,Activo,2023-10-05,1.0,1488.46,1488.46,0.0,,regex
1102,José María Zamorano,danielpartida@example.net,+34706 66 17 99,33.0,Otro,Argentina,La Plata,Inactivo,2023-11-20,1.0,1260.14,1260.14,0.0,,regex
1103,José María Huguet,maricruz87@example.com.,1-779-256-0413,61.0,Otro,Argentina,Tucumán,Inactivo,2026-01-16,1.0,1814.04,1814.04,1.0,2.0,regex
1104,Claudio Feliciano,cortesedmundo@example.com,+34 740 144 076,61.0,M,Perú,Iquitos,Inactivo,2025-11-16,3.0,5469.38,1823.1266666666668,0.0,,regex
1105,Mónica Gaytán,lupe91@example.org,00389752872,21.0,M,España,Málaga,Activo,2025-02-17,3.0,4046.76,1348.92,1.0,3.0,regex
1106,Trinidad Olivera,yenicervantez@example.com,+34 922920823,,Otro,Colombia,Medellín,Suspendido,2025-11-07,0.0,0.0,,0.0,,regex
1107,Clotilde Polanco,ibarrarafael@example.net,980-568-2017,,F,Chile,Antofagasta,Activo,2024-02-04,2.0,4910.1,2455.05,0.0,,regex
1108,Vidal Paredes,eminguez@example.org,+43(4)7412531379,50.0,F,Argentina,Rosario,Activo,2025-11-28,2.0,888.48,444.24,0.0,3.0,regex
1109,Albert Valderrama,pestrada@example.org,+34980503619,38.0,Otro,México,Monterrey,Suspendido,2026-04-03,2.0,2954.47,1477.235,0.0,4.0,regex
1110,Jordana Vergara,ascensiontome@example.org,+34 974 03 42 44,49.0,F,España,Barcelona,Activo,2025-11-23,1.0,942.05,942.05,0.0,,regex
1111,Paulina Lillo,calvarez@example.net,351-076-5191,57.0,,Argentina,Córdoba,Suspendido,2025-03-31,2.0,1570.68,785.34,0.0,3.0,regex
1112,Augusto Griego,cayetano45@example.com,+34882 091 858,53.0,Otro,Venezuela,Barquisimeto,Inactivo,2024-05-22,1.0,939.31,939.31,1.0,3.0,regex
1113,Luisina Montesinos,genaro96@example.net,916.077.0040,48.0,F,México,Mérida,Activo,2026-01-12,1.0,560.79,560.79,0.0,3.0,regex
1114,Liliana Matos,tiradogeronimo@example.org,+34845 218 039,63.0,,Colombia,Medellín,Inactivo,2024-07-15,3.0,3812.0800000000004,1270.6933333333334,0.0,5.0,regex
1115,María Fernanda Gómez,oleiva@example.net.,+34971 88 02 65,25.0,F,Venezuela,Barcelona,Activo,2025-03-07,1.0,877.73,877.73,0.0,,regex
1116,Aurora Leyva,emiliagranado@example.com,303-974-4088,50.0,F,México,Monterrey,Suspendido,2025-08-23,4.0,7210.67,1802.6675,0.0,,regex
1117,Micaela Vega,ybarradario@example.org,+34824843113,55.0,M,Chile,Concepción,Suspendido,2025-10-15,3.0,17967.39,5989.13,0.0,,regex
1118,Benito Naranjo,ramiro05@example.org.,211.960.4722,22.0,M,México,Ciudad de México,Inactivo,2024-04-18,5.0,5814.17,1162.834,2.0,4.666666666666667,regex
1119,Abraham Romero,german47@example.net.,+34986231714,55.0,M,Colombia,Bucaramanga,Activo,2025-08-05,1.0,673.75,673.75,0.0,4.0,regex
1120,Federico Pérez,ipantoja@example.com,+34 881 59 60 53,48.0,F,Perú,Chiclayo,Activo,2023-10-09,2.0,3825.2,1912.6,1.0,3.0,regex
1121,Antonia Alemán,amalia87@example.org.,+34 943860506,46.0,,Perú,Cusco,Suspendido,2023-06-25,3.0,24695.83,8231.943333333335,1.0,3.0,regex
1122,Evelio Aguilera,ceballosolga@example.net,+34 954098910,65.0,M,Argentina,Córdoba,Suspendido,2025-02-11,1.0,2895.39,2895.39,0.0,,regex
1123,Fidel Gálvez,panfilocerda@example.org,1-237-597-9531,43.0,,Colombia,Barranquilla,Activo,2026-04-07,2.0,1397.98,698.99,1.0,,regex
1124,Augusto Armas,foller@example.com,492-054-8944,28.0,,Venezuela,Maracaibo,Inactivo,2024-01-12,2.0,1490.1999999999998,745.0999999999999,1.0,,regex
1125,Edelmiro Carrillo,sonia58@example.org,(566)229-5217,69.0,F,Argentina,La Plata,Activo,2023-07-07,2.0,1715.8400000000001,857.9200000000001,0.0,,regex
1126,Juan Guitart,peresclara@example.com,+70(4)7266023515,40.0,Otro,Chile,Concepción,Activo,2023-06-09,2.0,1249.95,624.975,0.0,,regex
1127,Elvia Bauz,teresabustamante@example.com,05605879052,49.0,F,Chile,Valparaíso,Inactivo,2024-02-15,4.0,13413.449999999999,3353.3624999999997,1.0,4.0,regex
1128,Hugo Morera,qvalverde@example.org.,531-579-0571,69.0,F,Venezuela,Barcelona,Suspendido,2025-08-19,1.0,382.34,382.34,0.0,,regex
1129,Manuel Palacios,ymurillo@example.org,+34 872597487,,Otro,Chile,Antofagasta,Activo,2024-12-30,1.0,2363.52,2363.52,1.0,3.0,regex
1130,Reinaldo Arroyo,marciatejera@example.com.,+34988 430 192,51.0,M,Perú,Lima,Activo,2023-06-07,5.0,4944.73,988.9459999999999,1.0,3.0,regex
1131,Magdalena Guardado,remedioscobo@example.net,1-239-644-0282,27.0,M,Colombia,Cali,Activo,2024-01-29,2.0,697.6,348.8,0.0,,regex
1132,Olalla Rincón,francisco-javierde-jesus@example.com.,923.852.0232,,Otro,Chile,Antofagasta,Activo,2025-01-30,1.0,890.21,890.21,0.0,3.0,regex
1133,Abel Rocha,mariadiez@example.net,(234)719-9829,47.0,Otro,Colombia,Cali,Suspendido,2025-10-03,1.0,1471.39,1471.39,0.0,4.0,regex
1134,Isabel Bravo,jacobo26@example.org,1-699-913-8310,55.0,M,Argentina,La Plata,Suspendido,2025-07-04,4.0,2390.44,597.61,0.0,2.0,regex
1135,Gloria García,maria-angelesrosell@example.net.,+34841 77 77 33,,F,Venezuela,Barcelona,Activo,2024-08-06,1.0,14760.64,14760.64,0.0,,regex
1136,Rómulo Lugo,quinteroabelardo@example.org.,+36(0)5952984241,66.0,Otro,Perú,Cusco,Inactivo,2025-04-11,4.0,12772.539999999999,3193.1349999999998,1.0,,regex
1137,Ana Valcárcel,puentemario@example.com.,+34 957 625 906,31.0,,Venezuela,Caracas,Activo,2023-05-26,2.0,2515.58,1257.79,0.0,,regex
1138,Jose Ignacio Espino,aiglesias@example.net,+34 887974597,52.0,,España,Madrid,Activo,2023-09-02,1.0,2947.89,2947.89,0.0,,regex
1139,Diana Velasco,hinojosarufino@example.net.,+99(5)5049326643,62.0,F,Colombia,Bucaramanga,Suspendido,2023-10-02,1.0,494.26,494.26,0.0,,regex
1140,Dominga Olivárez,cosmecrespo@example.net,+34826594853,62.0,Otro,Chile,Temuco,Inactivo,2023-05-28,5.0,5733.52,1146.7040000000002,2.0,3.3333333333333335,regex
1141,Germán Quesada,virginiaferrando@example.net,422.567.8718x882,26.0,M,España,Málaga,Activo,2023-12-21,1.0,201.67,201.67,0.0,,regex
1142,Ana Luisa Treviño,oquendooctavio@example.org,1-134-956-4799x84605,,,Venezuela,Valencia,Activo,2025-06-01,2.0,1339.47,669.735,0.0,,regex
1143,Raquel Espinoza,salesfabio@example.org,00809261662,37.0,F,México,Tijuana,Activo,2023-08-27,0.0,0.0,,0.0,,regex
1144,Jonás Rascón,isabel78@example.com,1-575-124-7640,,,México,Tijuana,Inactivo,2023-07-07,2.0,1439.01,719.505,0.0,1.0,regex
1145,Iván Tamez,isabela05@example.org.,545-122-4441x899,71.0,F,Argentina,Mendoza,Activo,2026-02-26,2.0,11534.68,5767.34,0.0,,regex
1146,Ernesto Fortuny,galfaro@example.org,017.036.3094,44.0,F,Perú,Chiclayo,Suspendido,2023-07-16,2.0,1538.4099999999999,769.2049999999999,0.0,,regex
1147,Nayara Arriaga,lobomargarita@example.org.,+34884 90 96 19,49.0,Otro,Colombia,Cali,Suspendido,2025-02-22,1.0,1039.54,1039.54,0.0,5.0,regex
1148,Celia Miramontes,damian35@example.com,045-073-5674x8095,45.0,,Chile,Concepción,Activo,2025-04-11,2.0,928.62,464.31,0.0,3.0,regex
1149,Constanza Almaraz,cintronvictor@example.com,+34848944203,25.0,F,Colombia,Cali,Suspendido,2024-06-01,3.0,4725.15,1575.05,0.0,4.0,regex
1150,Nazaret Alfaro,hugocorrales@example.org,+34 825 97 77 48,62.0,F,Argentina,Rosario,Activo,2024-09-26,1.0,1596.44,1596.44,0.0,,regex
1151,Camila Barrera,octavio23@example.org,+34920 868 419,50.0,M,Colombia,Bogotá,Suspendido,2023-11-01,2.0,5457.5599999999995,2728.7799999999997,0.0,,regex
1152,Florentino Angulo,klemus@example.com,483.173.0662x931,72.0,,Argentina,La Plata,Inactivo,2023-08-20,2.0,1973.44,986.72,0.0,,regex
1153,Adelina Mariño,vpardo@example.net,(989)062-3272x371,71.0,Otro,Colombia,Cartagena,Activo,2025-03-25,2.0,4066.71,2033.355,0.0,,regex
1154,Evaristo Goñi,arandaluis-miguel@example.com,1-870-847-7954x17675,57.0,M,Venezuela,Valencia,Activo,2023-12-18,1.0,12104.08,12104.08,0.0,,regex
1155,Olivia Santamaria,evilar@example.com,+34920790894,30.0,M,México,Monterrey,Suspendido,2024-11-19,0.0,0.0,,0.0,,regex
1156,Daniela Urbina,carmelita87@example.com,+34985 020 761,21.0,M,México,Puebla,Activo,2024-01-26,1.0,7103.96,7103.96,0.0,,regex
1157,Bianca Carbó,malena18@example.net,+34 846 98 86 18,28.0,M,Argentina,Rosario,Suspendido,2025-10-20,4.0,2053.96,513.49,1.0,4.0,regex
1158,Florencia Aguilar,cybarra@example.org,+34973 923 729,32.0,M,España,Bilbao,Suspendido,2024-07-08,3.0,3166.45,1055.4833333333333,1.0,,regex
1159,Jacobo Segura,sandra70@example.org,+67(5)7896833557,67.0,,Venezuela,Barcelona,Suspendido,2025-10-04,4.0,9725.2,2431.3,1.0,3.0,regex
1160,Eugenio Donaire,moraledanarciso@example.com.,+34 920705218,,Otro,Venezuela,Maracaibo,Activo,2025-03-18,0.0,0.0,,0.0,,regex
1161,Ascensión Lemus,marquezjose-carlos@example.net,+34826 14 14 70,57.0,,Venezuela,Caracas,Suspendido,2025-08-12,3.0,1315.82,438.6066666666666,0.0,5.0,regex
1162,Flora Arroyo,hsaldana@example.com,(910)977-9780x2344,41.0,,España,Madrid,Activo,2024-08-20,2.0,763.9300000000001,381.96500000000003,0.0,,regex
1163,Frida Rojas,gomezluisa@example.net,(016)329-5737,41.0,F,México,Guadalajara,Activo,2025-12-17,2.0,1475.5900000000001,737.7950000000001,0.0,,regex
1164,Rodolfo Navarrete,rubycontreras@example.net,186.830.2915,33.0,F,Venezuela,Caracas,Activo,2026-02-14,3.0,2575.4,858.4666666666667,1.0,3.0,regex
1165,Tomás González,marcelobotella@example.com.,08548396607,66.0,F,Argentina,Rosario,Activo,2024-04-03,0.0,0.0,,0.0,,regex
1166,Mariana Ordóñez,ojedamanuelita@example.net,(417)491-6170x5022,44.0,M,Venezuela,Caracas,Activo,2024-11-23,4.0,2382.09,595.5225,0.0,5.0,regex
1167,Sandalio Madrid,mirtamarin@example.com,094-837-7402x928,75.0,F,Colombia,Bucaramanga,Suspendido,2024-03-22,1.0,454.24,454.24,0.0,,regex
1168,Heriberto Cordero,alta-gracia99@example.com.,+34828 83 66 77,46.0,M,Argentina,Córdoba,Activo,2025-02-26,4.0,2097.94,524.485,0.0,5.0,regex
1169,Linda Puga,chaparromatias@example.net.,420.222.3499,43.0,,Argentina,Buenos Aires,Inactivo,2023-07-29,1.0,1762.45,1762.45,0.0,,regex
1170,Luciana Piña,wtorrents@example.net,+34 825 779 152,58.0,Otro,Chile,Antofagasta,Suspendido,2024-03-08,4.0,5649.87,1412.4675,0.0,,regex
1171,Carla Lozada,hectorhigueras@example.com,+34 974 465 642,74.0,Otro,Colombia,Bogotá,Suspendido,2025-10-18,6.0,27021.18,4503.53,0.0,4.0,regex
1172,Carmela Gurule,juangamez@example.org,695.592.2776x41490,38.0,F,Perú,Trujillo,Activo,2024-01-03,3.0,5455.24,1818.4133333333332,1.0,3.0,regex
1173,Abelardo Nadal,friasgenaro@example.com,(672)288-3904x7331,,Otro,Chile,Valparaíso,Inactivo,2026-02-17,3.0,2781.9,927.3000000000001,0.0,2.0,regex
1174,José María Pereira,roberto32@example.com,+34828 497 887,59.0,F,Chile,Antofagasta,Activo,2023-12-31,4.0,31225.93,7806.4825,0.0,5.0,regex
1175,Sandra Mancebo,lucho37@example.com,(183)085-8001x873,43.0,,Venezuela,Barcelona,Activo,2024-04-16,3.0,1516.05,505.34999999999997,2.0,2.0,regex
1176,Moreno Barón,magdalenarosales@example.net,(107)818-7109,74.0,M,Perú,Iquitos,Suspendido,2025-04-01,1.0,501.24,501.24,0.0,,regex
1177,Luisa Cazares,aaviles@example.net,+34 844 69 33 15,23.0,,Argentina,Buenos Aires,Suspendido,2023-11-23,0.0,0.0,,0.0,,regex
1178,Albano Aponte,guiomarballester@example.org,1-505-224-1142,19.0,,México,Tijuana,Suspendido,2024-07-26,2.0,447.43,223.715,1.0,1.0,regex
1179,Alejandro Miró,miguel99@example.org.,+34 825663382,64.0,M,Chile,Temuco,Activo,2023-10-06,2.0,1843.97,921.985,1.0,3.0,regex
1180,Leopoldo Angulo,rodrigocedillo@example.org,+34 806 562 019,25.0,F,Venezuela,Barcelona,Activo,2025-11-27,3.0,9266.29,3088.763333333334,0.0,,regex
1181,Marta Jaén,espartavelasquez@example.org,+34877 25 28 61,55.0,Otro,México,Monterrey,Suspendido,2023-10-31,3.0,5069.200000000001,1689.7333333333336,0.0,3.0,regex
1182,Israel Limón,esmeraldamaestas@example.org,(497)602-4986,,,México,Tijuana,Suspendido,2023-12-08,1.0,1115.88,1115.88,0.0,,regex
1183,Marcia Palacios,osantiago@example.net,349-852-9735x61526,38.0,Otro,México,Tijuana,Suspendido,2024-06-20,1.0,198.27,198.27,0.0,,regex
1184,Ramón Lastra,xcotto@example.org,+34 948 641 475,71.0,F,Perú,Iquitos,Activo,2024-02-08,3.0,3594.4700000000003,1198.1566666666668,0.0,,regex
1185,Cristobal Quintanilla,upuente@example.com.,+34923389629,22.0,F,México,Mérida,Suspendido,2025-08-07,0.0,0.0,,0.0,,regex
1186,Luis Miguel Pont,hectorcandelaria@example.com,02763835434,55.0,F,Venezuela,Caracas,Inactivo,2025-01-01,3.0,3181.4900000000002,1060.4966666666667,0.0,1.0,regex
1187,Fernando Rey,scolom@example.net,1-399-816-1538x1168,64.0,,Perú,Lima,Activo,2025-06-10,4.0,2382.44,595.61,0.0,5.0,regex
1188,Ambrosio Alvarado,mariocedillo@example.com,+34 976 20 14 89,63.0,Otro,Colombia,Bucaramanga,Suspendido,2025-10-19,0.0,0.0,,0.0,,regex
1189,Cayetana Pomares,caridadceja@example.org,394-762-5429x264,28.0,Otro,España,Madrid,Activo,2025-08-10,1.0,600.22,600.22,0.0,,regex
1190,Yéssica Camps,rociovillalobos@example.net,+36(9)4811266497,,F,España,Málaga,Activo,2025-03-20,4.0,4046.1400000000003,1011.5350000000001,0.0,4.333333333333333,regex
1191,Zacarías Requena,nandogimenez@example.net.,+34741 612 590,41.0,F,México,Guadalajara,Activo,2024-07-23,1.0,6122.2,6122.2,0.0,5.0,regex
1192,Clementina Vigil,ferrerasjaime@example.org,376-734-8140,44.0,M,México,Puebla,Activo,2023-08-16,2.0,14981.78,7490.89,0.0,3.0,regex
1193,Calisto Salcido,benaventjose@example.net.,+34826604991,70.0,Otro,México,Guadalajara,Inactivo,2023-07-02,2.0,1867.13,933.565,0.0,,regex
1194,Vanesa Arias,hrincon@example.com,+34 821 99 03 42,54.0,F,Colombia,Bucaramanga,Suspendido,2026-03-22,4.0,6646.0599999999995,1661.5149999999999,2.0,3.3333333333333335,regex
1195,Juan Madrid,ana-mariafuentes@example.com,+34821607917,71.0,Otro,Colombia,Bucaramanga,Activo,2023-12-22,3.0,4161.0,1387.0,0.0,,regex
1196,Ana María Morante,brisenomiguel-angel@example.org,+34 843 194 024,,F,Chile,Concepción,Inactivo,2025-05-13,4.0,10459.63,2614.9075,0.0,,regex
1197,Felix Mancebo,cazorlapriscila@example.net,452-719-3678x57646,44.0,F,Perú,Cusco,Activo,2025-03-04,4.0,9575.9,2393.975,0.0,1.0,regex
1198,Casandra Arcos,sessa16@example.org.,(321)540-1315,20.0,Otro,Argentina,Córdoba,Inactivo,2024-05-08,6.0,4839.13,806.5216666666666,1.0,4.5,regex
1199,Rubén Escalante,palomopascual@example.com,1-252-741-0254,,Otro,Perú,Iquitos,Activo,2025-07-08,3.0,1365.22,455.0733333333333,2.0,2.0,regex
1200,Laura Vergara,luis69@example.com,+34807 05 19 56,57.0,Otro,España,Barcelona,Suspendido,2024-05-26,2.0,1605.13,802.565,0.0,5.0,regex
1201,Emilio Narváez,dulce-mariarangel@example.net,+34973266256,30.0,F,Chile,Valparaíso,Suspendido,2023-06-08,0.0,0.0,,0.0,,regex
1202,Abril Altamirano,mariscalrosa-maria@example.net.,03068624087,52.0,M,España,Málaga,Activo,2025-12-27,2.0,4921.7300000000005,2460.8650000000002,0.0,,regex
1203,Felicia Paredes,nilda17@example.org,+34 707623811,46.0,M,Perú,Arequipa,Suspendido,2025-12-19,1.0,1962.61,1962.61,0.0,,regex
1204,Enrique Clavero,gabinocortina@example.com.,+34 987 47 52 83,39.0,F,Venezuela,Maturín,Activo,2026-05-10,0.0,0.0,,0.0,,regex
1205,Alonso Llamas,lealvictor@example.net.,+34877 51 13 50,24.0,Otro,España,Madrid,Activo,2023-12-09,1.0,1374.84,1374.84,0.0,5.0,regex
1206,Clemente Castro,hmancebo@example.net,809.783.0280,37.0,,España,Bilbao,Activo,2025-03-22,3.0,3562.37,1187.4566666666667,0.0,5.0,regex
1207,Federico Bernal,nayelicadena@example.net,(786)742-8021,38.0,M,Colombia,Medellín,Inactivo,2023-06-04,2.0,57.11,28.555,0.0,5.0,regex
1208,Maristela Salinas,abrilcarlos@example.net,+34825 397 436,,M,Argentina,Tucumán,Activo,2024-04-24,3.0,1733.79,577.93,2.0,3.0,regex
1209,Pedro Montañez,rosalia94@example.net,+34988 42 90 69,42.0,M,Chile,Santiago,Activo,2025-01-20,7.0,9267.69,1323.9557142857143,0.0,,regex
1210,Jenny Muñoz,yalcolea@example.org,+34 943567337,44.0,Otro,Colombia,Cali,Activo,2024-06-20,1.0,362.61,362.61,1.0,3.0,regex
1211,Celestino Matías,fribas@example.org.,(814)980-2530x84376,53.0,Otro,España,Málaga,Activo,2025-04-11,2.0,2448.3900000000003,1224.1950000000002,0.0,,regex
1212,Gustavo Madera,uduenas@example.org,(232)423-4800x41724,44.0,F,Argentina,Buenos Aires,Activo,2025-07-08,4.0,9938.25,2484.5625,2.0,2.5,regex
1213,Fernando Zapata,bienvenida55@example.com,1-062-796-0242x5703,68.0,M,Chile,Concepción,Activo,2024-01-08,2.0,1819.32,909.66,0.0,,regex
1214,Estela Zapata,dolores31@example.com.,+34985 630 402,,F,Chile,Temuco,Activo,2024-07-13,0.0,0.0,,0.0,,regex
1215,Venceslás Cabezas,cristina92@example.org,+34901 167 821,28.0,M,Argentina,Mendoza,Activo,2025-05-30,0.0,0.0,,0.0,,regex
1216,Trinidad Olivas,zadadia@example.org,+34926 031 392,56.0,F,Colombia,Medellín,Inactivo,2024-04-06,0.0,0.0,,0.0,,regex
1217,Abraham Corbacho,qbustos@example.net,+34 827 933 359,,Otro,Venezuela,Barcelona,Suspendido,2024-10-28,3.0,9867.49,3289.1633333333334,1.0,,regex
1218,Arturo Abril,espejoleandra@example.net,162)256-4718,,,Chile,Valparaíso,Inactivo,2023-05-13,2.0,683.43,341.715,0.0,5.0,regex
1219,Ricardo González,nadia53@example.org,+34 823 677 814,57.0,Otro,Colombia,Medellín,Activo,2024-06-27,1.0,282.91,282.91,0.0,,regex
1220,Graciela Saldaña,marquesmarita@example.com.,+34826177666,34.0,Otro,Argentina,Tucumán,Inactivo,2023-07-14,2.0,4479.4,2239.7,0.0,2.0,regex
1221,Genoveva Peralta,amandocuesta@example.net,+34920780619,56.0,F,México,Mérida,Activo,2023-10-28,2.0,2860.12,1430.06,0.0,,regex
1222,Bruno Portillo,yalva@example.net,635-322-3718x59212,18.0,Otro,México,Ciudad de México,Inactivo,2025-10-24,2.0,631.06,315.53,0.0,,regex
1223,Vicente Pedroza,fblanes@example.com,+34 913000375,75.0,Otro,Colombia,Bogotá,Inactivo,2025-01-24,0.0,0.0,,0.0,,regex
1224,Samanta Beltran,juan-antonioruiz@example.com.,932-784-1783x765,68.0,,Chile,Concepción,Activo,2026-01-02,0.0,0.0,,0.0,,regex
1225,Enrique Armengol,llobetguadalupe@example.org.,266.426.7351,40.0,F,Perú,Cusco,Suspendido,2024-10-26,2.0,5293.81,2646.905,0.0,,regex
1226,Ignacio Garay,rpavon@example.com,976-487-8496x224,18.0,M,Venezuela,Caracas,Inactivo,2025-06-25,0.0,0.0,,0.0,,regex
1227,Alfredo Palomo,adelardo69@example.org,1-685-120-6276,19.0,,México,Mérida,Activo,2023-11-23,2.0,2344.9,1172.45,0.0,,regex
1228,Manola Alonzo,franciscojimenez@example.org,+34 842 91 46 50,,M,México,Guadalajara,Activo,2023-10-19,4.0,3628.2,907.05,1.0,4.0,regex
1229,Luís Riojas,visitacion57@example.net,518-407-0339,,Otro,España,Madrid,Inactivo,2023-08-21,1.0,122.31,122.31,0.0,,regex
1230,Pilar Herrero,scosta@example.org,1-167-670-6363,53.0,M,Colombia,Cali,Suspendido,2025-11-26,2.0,1049.77,524.885,0.0,4.0,regex
1231,Elvira Carbajo,solcordero@example.org,+34 984 48 42 64,,M,Chile,Valparaíso,Activo,2023-12-21,8.0,16223.17,2027.89625,1.0,4.0,regex
1232,Teo Velázquez,saucedodaniela@example.net,136.054.9469x208,30.0,Otro,Perú,Chiclayo,Activo,2026-02-09,2.0,656.4,328.2,0.0,4.0,regex
1233,Raquel Carballo,juan-carlospeiro@example.org.,+34930 01 15 46,52.0,Otro,Perú,Lima,Activo,2024-10-12,3.0,2322.95,774.3166666666666,1.0,4.0,regex
1234,Calixta Gascón,jose-mari10@example.com,+34 885 31 56 68,45.0,F,Venezuela,Barcelona,Activo,2023-08-02,2.0,8218.04,4109.02,1.0,3.5,regex
1235,Perla Espino,aranzazu37@example.com,1-580-309-0168,,Otro,Chile,Antofagasta,Activo,2024-07-02,1.0,8050.62,8050.62,0.0,,regex
1236,Blanca Raya,bustossandra@example.org,+34974 16 98 83,39.0,M,Colombia,Cali,Suspendido,2025-06-18,1.0,578.12,578.12,0.0,,regex
1237,Aurelio Paz,bsierra@example.org,+34 976675983,62.0,F,Perú,Iquitos,Activo,2023-11-02,3.0,3449.17,1149.7233333333334,1.0,2.0,regex
1238,Alba Montesinos,brunilda35@example.org,819.565.7285,39.0,F,México,Tijuana,Activo,2024-06-13,0.0,0.0,,0.0,,regex
1239,Jose Miguel Lumbreras,qpaez@example.org,+34975 75 80 15,55.0,Otro,Colombia,Bucaramanga,Activo,2026-02-22,1.0,6656.7,6656.7,0.0,,regex
1240,Pascual Zedillo,franciscoadolfo@example.org,1-272-766-9834,48.0,M,México,Mérida,Activo,2023-07-26,1.0,1511.56,1511.56,0.0,,regex
1241,Anel Montero,marcelo61@example.org,+34988 73 08 97,51.0,M,Venezuela,Caracas,Activo,2026-01-06,3.0,4296.74,1432.2466666666667,0.0,3.0,regex
1242,Feliciana Garrido,etalavera@example.com,+34838 425 278,66.0,M,Chile,Temuco,Inactivo,2023-12-14,2.0,11495.75,5747.875,0.0,4.0,regex
1243,Adán Borrego,asensiopastora@example.org,344-730-5777,38.0,Otro,España,Málaga,Activo,2025-08-18,2.0,1956.06,978.03,0.0,,regex
1244,Carla Cardenas,santiago65@example.com,1-640-996-8334x400,21.0,,España,Valencia,Suspendido,2023-10-24,0.0,0.0,,0.0,,regex
1245,Citlali Nava,sfonseca@example.org,+34 824 914 390,21.0,F,España,Barcelona,Inactivo,2023-06-03,3.0,5533.78,1844.5933333333332,0.0,,regex
1246,Mateo Robledo,nadalamerica@example.net.,+34 823 501 016,68.0,Otro,Venezuela,Barquisimeto,Suspendido,2024-08-12,2.0,500.23,250.115,1.0,3.0,regex
1247,Anna Cañizares,rafael93@example.net,1-597-833-5488x357,57.0,M,Colombia,Medellín,Activo,2025-02-26,4.0,4592.7,1148.175,0.0,4.0,regex
1248,Loreto Rodríquez,rodrigo38@example.com,(320)317-2665,,M,Chile,Concepción,Activo,2025-09-10,1.0,622.02,622.02,0.0,,regex
1249,Martín Tijerina,rosalia27@example.net,+34888 000 208,75.0,Otro,Venezuela,Barcelona,Activo,2025-05-07,0.0,0.0,,0.0,,regex
1250,Marco Alfaro,villalpandoalberto@example.net,327-163-0335,57.0,F,Colombia,Cartagena,Activo,2025-11-22,0.0,0.0,,0.0,,regex
1251,Rico Alberto,barberalorenza@example.org.,+34985993187,50.0,,Chile,La Serena,Activo,2025-07-15,1.0,966.4,966.4,0.0,,regex
1252,Óscar Durán,jovita41@example.com,+34806 930 437,,F,Colombia,Cali,Activo,2024-08-18,4.0,3979.1400000000003,994.7850000000001,1.0,3.0,regex
1253,María Luisa Orta,vigilmodesta@example.org.,+34 843 68 15 94,27.0,M,Perú,Lima,Activo,2026-01-14,7.0,15622.33,2231.7614285714285,0.0,3.3333333333333335,regex
1254,María José Olivera,borjaangelino@example.com,+34880096739,30.0,Otro,Argentina,Mendoza,Activo,2025-03-19,5.0,2317.56,463.512,1.0,5.0,regex
1255,Clara Casanovas,yenipichardo@example.net,+34976 65 01 67,,F,Argentina,Córdoba,Inactivo,2024-10-16,2.0,607.2,303.6,0.0,4.0,regex
1256,Araceli Roque,victortamez@example.net.,+34946368850,57.0,F,Chile,Concepción,Inactivo,2025-07-17,2.0,3555.5899999999997,1777.7949999999998,1.0,,regex
1257,Timoteo Segura,rosaliacovarrubias@example.org.,(678)809-3761x652,32.0,M,España,Málaga,Activo,2025-01-03,3.0,1923.04,641.0133333333333,0.0,5.0,regex
1258,Abigaíl Vera,clarisa81@example.org,1-977-726-5976,67.0,F,Colombia,Bucaramanga,Inactivo,2023-06-07,0.0,0.0,,0.0,,regex
1259,Ximena Tapia,amor14@example.org,06578939129,22.0,F,Argentina,La Plata,Activo,2025-12-16,1.0,42.88,42.88,0.0,,regex
1260,Aurelio Blanco,begona60@example.org,+09(2)4492878757,55.0,F,México,Guadalajara,Activo,2025-03-27,3.0,8508.71,2836.236666666666,1.0,,regex
1261,María Ángeles Ferrández,callupe@example.org,018-607-4290x69522,36.0,M,México,Tijuana,Activo,2024-01-14,1.0,1238.01,1238.01,0.0,,regex
1262,Saturnino Carrera,cdieguez@example.org.,302-426-6249x75374,39.0,Otro,Perú,Trujillo,Activo,2025-06-13,3.0,2361.13,787.0433333333334,0.0,,regex
1263,Miguel Ángel Lluch,xzambrano@example.com,068-735-4453,19.0,Otro,Argentina,Buenos Aires,Activo,2024-05-07,3.0,15705.689999999999,5235.23,0.0,,regex
1264,Lisandro Portillo,noelia34@example.net.,+34900 835 862,,F,Argentina,Córdoba,Activo,2025-11-08,2.0,1063.75,531.875,0.0,5.0,regex
1265,Toño Luna,cristiananguiano@example.net,587.089.4326,74.0,M,España,Valencia,Activo,2024-04-04,2.0,1766.97,883.485,0.0,5.0,regex
1266,Rubén Tello,amado45@example.org,092.846.7200x73429,45.0,Otro,Argentina,Tucumán,Activo,2025-01-21,1.0,81.25,81.25,0.0,5.0,regex
1267,Marisela Trillo,julian50@example.org,+34816258515,55.0,M,Venezuela,Maturín,Suspendido,2025-05-21,1.0,1334.23,1334.23,0.0,,regex
1268,Marcelo Altamirano,mesahugo@example.com,+34 820 279 433,68.0,F,España,Málaga,Activo,2025-03-21,3.0,4484.0599999999995,1494.6866666666665,0.0,,regex
1269,Elena Cabrera,jorgeosorio@example.net,+34885 26 52 74,31.0,Otro,Chile,Temuco,Activo,2025-01-04,2.0,994.86,497.43,1.0,3.0,regex
1270,Dulce Carranza,ana-sofia38@example.org,451.460.9193,,,Venezuela,Maracaibo,Activo,2023-08-21,2.0,896.8399999999999,448.41999999999996,0.0,,regex
1271,Wendolin Montañez,estefania70@example.com,+34976 28 16 73,47.0,,Colombia,Cartagena,Activo,2024-09-06,6.0,10039.54,1673.256666666667,1.0,4.5,regex
1272,Barbara Bolaños,bnoriega@example.net,+34949 412 608,35.0,,Colombia,Medellín,Inactivo,2024-12-07,3.0,3524.09,1174.6966666666667,0.0,5.0,regex
1273,Julio César Alcalá,fguillen@example.net,039.951.6704,,M,México,Tijuana,Inactivo,2023-06-15,3.0,1813.1000000000001,604.3666666666667,0.0,4.0,regex
1274,Sergio Casares,rgil@example.org,+34875438880,34.0,Otro,México,Ciudad de México,Activo,2024-11-11,3.0,16102.48,5367.493333333333,0.0,,regex
1275,Gema Coronado,rafaelherrera@example.com.,028.231.3427,32.0,Otro,Chile,Antofagasta,Activo,2025-08-28,1.0,375.74,375.74,0.0,,regex
1276,José María Escalante,munozluis@example.net,+34887431834,44.0,F,Colombia,Bucaramanga,Inactivo,2024-08-30,2.0,3856.3500000000004,1928.1750000000002,0.0,,regex
1277,Espartaco Arenas,htomas@example.net.,+34920062917,34.0,Otro,Colombia,Barranquilla,Activo,2024-07-11,2.0,751.89,375.945,1.0,3.0,regex
1278,Andrea Gallardo,romaepifanio@example.net,+34 807 873 922,52.0,Otro,Chile,Antofagasta,Activo,2025-02-19,2.0,3400.42,1700.21,0.0,5.0,regex
1279,Régulo Montserrat,maria-luisapuga@example.com,+34735 298 770,25.0,M,México,Puebla,Activo,2025-04-15,4.0,4914.660000000001,1228.6650000000002,1.0,3.0,regex
1280,Rosario Perea,izquierdoleocadio@example.com,+34702026838,34.0,,Perú,Trujillo,Activo,2025-01-08,1.0,655.86,655.86,0.0,,regex
1281,Susana Menendez,de-la-rosarosario@example.com,1-603-040-9346x754,34.0,M,Perú,Lima,Activo,2024-12-18,1.0,25.06,25.06,0.0,,regex
1282,Jose Toro,benetsusanita@example.org.,+34 972210513,66.0,Otro,Colombia,Cartagena,Activo,2024-03-13,5.0,4382.87,876.574,0.0,,regex
1283,Cornelio Crespo,cabellojoel@example.net.,+34927320831,,M,Venezuela,Barquisimeto,Activo,2024-12-04,1.0,454.02,454.02,0.0,,regex
1284,Estela Aguirre,tejerojose-luis@example.net,078.947.6720x0052,64.0,F,Venezuela,Valencia,Activo,2024-02-16,2.0,334.35,167.175,1.0,2.5,regex
1285,Mercedes Sáez,bcarbonell@example.org,(508)951-2370x8511,,Otro,Argentina,Mendoza,Inactivo,2025-03-22,2.0,1363.52,681.76,0.0,,regex
1286,Jos Narváez,ncollado@example.com,1-619-276-7137,54.0,M,Argentina,Buenos Aires,Activo,2025-07-23,1.0,3461.79,3461.79,1.0,1.0,regex
1287,Javiera Cisneros,rociomoreno@example.com,+34842 66 78 30,69.0,,España,Valencia,Activo,2024-06-12,1.0,6296.44,6296.44,1.0,1.0,regex
1288,Álvaro Ferrán,amalia22@example.org,(614)466-2763x30411,52.0,F,Venezuela,Maturín,Activo,2024-08-09,4.0,9530.59,2382.6475,0.0,3.5,regex
1289,Isaura Delgado,gilberto48@example.org,+34944863647,54.0,Otro,México,Ciudad de México,Suspendido,2025-11-18,3.0,3805.0699999999997,1268.3566666666666,0.0,4.0,regex
1290,Humberto Tijerina,nalonzo@example.com,+34604 837 936,42.0,M,Chile,Temuco,Inactivo,2025-06-05,5.0,6348.4400000000005,1269.688,0.0,4.333333333333333,regex
1291,María Del Carmen Velázquez,melisacarballo@example.net,+34 978 06 59 34,,F,España,Bilbao,Activo,2023-06-27,1.0,279.03,279.03,0.0,,regex
1292,Amador Colunga,sansfrancisco@example.org,+34886 71 83 01,70.0,Otro,México,Ciudad de México,Suspendido,2024-09-11,0.0,0.0,,0.0,,regex
1293,Uriel Tenorio,nsotelo@example.net,1-749-979-9052x2171,31.0,M,Colombia,Cali,Activo,2024-03-11,1.0,628.67,628.67,0.0,,regex
1294,Israel Moya,agustitoribio@example.org,1-563-163-1297,18.0,M,Argentina,Córdoba,Activo,2025-11-08,1.0,1060.15,1060.15,0.0,,regex
1295,Diego Candelaria,sandra63@example.com,+34 824 938 999,28.0,M,Colombia,Medellín,Activo,2024-07-13,6.0,1529.43,254.905,1.0,,regex
1296,José Carbonell,valerocarmelo@example.com,321.633.6131,26.0,M,Venezuela,Maturín,Activo,2025-03-13,2.0,1521.51,760.755,0.0,,regex
1297,Gabriel Arrieta,guerramartin@example.net,+34926 45 85 83,37.0,Otro,Chile,Valparaíso,Activo,2025-06-10,1.0,1585.73,1585.73,0.0,,regex
1298,Irma Coronado,esteban92@example.org,1-174-192-5814,46.0,M,España,Málaga,Inactivo,2025-12-16,2.0,1497.19,748.595,0.0,4.0,regex
1299,Verónica Esparza,harcos@example.net,994.541.3845,47.0,,Chile,Santiago,Suspendido,2023-08-21,4.0,13307.75,3326.9375,1.0,4.5,regex
1300,Esteban Herrera,hpaez@example.net.,096.459.8724x0899,62.0,Otro,Colombia,Bucaramanga,Activo,2025-06-19,1.0,2513.66,2513.66,0.0,,regex
1301,Maximiliano Mulet,gperez@example.org,+34 874397367,,,México,Puebla,Inactivo,2024-10-16,1.0,277.26,277.26,0.0,4.0,regex
1302,Dionisio Gastélum,duenashilda@example.org,+34 849 419 830,20.0,,Colombia,Barranquilla,Activo,2025-05-18,1.0,456.99,456.99,0.0,,regex
1303,Gil Roura,adela18@example.org,(424)842-0243,64.0,Otro,España,Valencia,Activo,2023-05-19,0.0,0.0,,0.0,,regex
1304,Marcela Montoya,villateodosio@example.net,+34 923 64 09 94,25.0,F,Colombia,Cali,Activo,2024-04-13,0.0,0.0,,0.0,,regex
1305,Elisa Fernández,mayahugo@example.net,+34 901519082,44.0,F,Chile,Santiago,Activo,2025-12-08,2.0,5690.29,2845.145,0.0,,regex
1306,Amando Monreal,sergio42@example.net.,+34 800 237 666,62.0,Otro,España,Barcelona,Inactivo,2025-02-26,1.0,1982.63,1982.63,0.0,,regex
1307,Clotilde González,kbueno@example.com,+34 820 839 093,18.0,,Colombia,Bogotá,Activo,2023-09-26,0.0,0.0,,0.0,,regex
1308,Macario Pinedo,nellyescobedo@example.com,1-348-893-3437,49.0,,Perú,Iquitos,Activo,2023-08-31,5.0,12818.789999999999,2563.758,1.0,,regex
1309,Marco Antonio Archuleta,graciela24@example.org,+34 942 92 85 50,70.0,F,México,Tijuana,Activo,2024-02-29,2.0,2049.92,1024.96,0.0,4.0,regex
1310,Agustín Dávila,mauro03@example.net,645.359.1765x0471,25.0,,México,Tijuana,Inactivo,2023-05-15,1.0,316.21,316.21,0.0,,regex
1311,Gerardo Verdugo,gerardolinares@example.net,(686)679-8994x70617,46.0,,Argentina,Buenos Aires,Activo,2025-12-21,4.0,12293.970000000001,3073.4925000000003,1.0,3.5,regex
1312,Rocío Blázquez,fborrego@example.org,+34 985 47 15 67,46.0,Otro,Chile,Valparaíso,Activo,2024-08-12,4.0,1202.04,300.51,0.0,3.0,regex
1313,Abel Bermúdez,calderajuan-carlos@example.com,923-435-9698,59.0,Otro,Venezuela,Maracaibo,Activo,2023-05-31,4.0,7426.860000000001,1856.7150000000001,1.0,2.0,regex
1314,Irene Naranjo,yvelazquez@example.org,1-402-428-6178,21.0,F,Chile,Temuco,Activo,2026-01-20,2.0,2935.59,1467.795,0.0,,regex
1315,Carlota Aponte,basilio38@example.com,264)816-3849,30.0,,Argentina,Mendoza,Activo,2025-05-15,0.0,0.0,,0.0,,regex
1316,Mohamed García,almeidamaria-luisa@example.org.,+34968 96 95 19,28.0,Otro,España,Barcelona,Activo,2023-05-12,1.0,442.35,442.35,0.0,5.0,regex
1317,Trinidad Contreras,hmontez@example.com,+36(5)6203634443,58.0,M,Argentina,La Plata,Suspendido,2024-07-25,1.0,12517.98,12517.98,0.0,4.0,regex
1318,Felipe Calvo,gustavogiron@example.com,617)073-1744,24.0,F,México,Puebla,Activo,2026-01-10,4.0,15244.55,3811.1375,0.0,5.0,regex
1319,Felipe Rael,saucedosessa@example.net,475.944.3485x295,,M,Colombia,Cali,Activo,2024-09-10,0.0,0.0,,0.0,,regex
1320,Flavio Heredia,arivero@example.net,(042)076-7514,22.0,,Argentina,Tucumán,Inactivo,2024-05-29,1.0,268.69,268.69,1.0,1.0,regex
1321,Augusto Molins,urielfranco@example.org,+34740 940 656,28.0,,Chile,La Serena,Activo,2025-07-14,2.0,4792.650000000001,2396.3250000000003,0.0,2.0,regex
1322,Jose Antonio Irizarry,ofeliamerino@example.net,352.326.6000,66.0,Otro,México,Tijuana,Activo,2024-10-03,2.0,4233.32,2116.66,0.0,2.0,regex
1323,Buenaventura Higueras,lucia11@example.net,1-118-158-3746,,F,Perú,Lima,Activo,2023-08-02,3.0,15638.02,5212.673333333333,1.0,,regex
1324,Mariano Pizarro,fvicente@example.net,+34886 79 66 68,32.0,Otro,Perú,Cusco,Suspendido,2025-06-25,4.0,1197.95,299.4875,0.0,4.0,regex
1325,Manu Cepeda,mmontalvo@example.net,+89(1)4233029276,37.0,M,Chile,La Serena,Inactivo,2025-12-03,0.0,0.0,,0.0,,regex
1326,Germán Guardado,cristalbarrera@example.com,+34926 131 866,21.0,M,Chile,Santiago,Activo,2024-04-12,3.0,1968.0900000000001,656.0300000000001,0.0,,regex
1327,María del Carmen Garcés,wilfredo85@example.org,1-442-035-9441x023,20.0,M,México,Guadalajara,Suspendido,2025-04-17,1.0,166.73,166.73,0.0,,ner
1328,Armando Pedraza,troque@example.org.,+34 824 35 18 30,74.0,F,Colombia,Medellín,Activo,2024-06-03,1.0,855.47,855.47,0.0,,regex
1329,Elsa Peralta,montesenrique@example.net,217-895-5990,59.0,F,Chile,La Serena,Activo,2024-05-07,2.0,823.3199999999999,411.65999999999997,0.0,2.0,regex
1330,Renato Montaño,brigidafuertes@example.org,+34 918 918 003,21.0,Otro,México,Guadalajara,Activo,2025-10-24,0.0,0.0,,0.0,,regex
1331,Elena Cavazos,yaiza21@example.net,1-730-912-1852x7341,32.0,,Perú,Cusco,Inactivo,2024-03-30,0.0,0.0,,0.0,,regex
1332,Augusto Ibañez,sofia55@example.org,+34815303044,73.0,F,España,Barcelona,Activo,2024-09-14,1.0,136.58,136.58,0.0,,regex
1333,Hilda Asenjo,sessa84@example.net.,1-766-345-4182,27.0,M,España,Bilbao,Activo,2023-10-12,4.0,5336.64,1334.16,1.0,5.0,regex
1334,Jacinto Ballesteros,armando91@example.org,06691008224,23.0,F,México,Mérida,Inactivo,2025-10-03,1.0,43.93,43.93,0.0,,regex
1335,Sandalio Rincón,jacintablanes@example.net,626.996.2083,33.0,F,México,Tijuana,Activo,2024-11-05,4.0,13087.56,3271.89,0.0,,regex
1336,Marcia Alba,claramora@example.com,+34842 870 322,42.0,,Argentina,Mendoza,Inactivo,2023-07-01,0.0,0.0,,0.0,,regex
1337,Gabriela Salcido,noa38@example.com,+34844951452,70.0,F,Venezuela,Valencia,Activo,2024-05-07,1.0,19.74,19.74,0.0,,regex
1338,Lara Villalobos,olivaresalvaro@example.com,+34849 240 654,66.0,F,Colombia,Cartagena,Suspendido,2024-02-23,2.0,25625.98,12812.99,1.0,3.0,regex
1339,Samuel Arguello,sabina18@example.net,643)016-5562,37.0,F,Colombia,Barranquilla,Activo,2024-12-12,1.0,792.42,792.42,0.0,,regex
1340,Juana Pizarro,fusterroque@example.net,+34 948 229 011,48.0,M,México,Guadalajara,Activo,2025-01-09,1.0,2242.13,2242.13,0.0,3.0,regex
1341,Ágata Rosario,wbetancourt@example.net.,+34875 803 514,73.0,,España,Sevilla,Activo,2025-07-18,2.0,804.18,402.09,0.0,4.0,regex
1342,Lina Manzanares,joverangel@example.net,+34927347283,59.0,Otro,Colombia,Medellín,Activo,2026-01-02,2.0,3083.12,1541.56,0.0,,regex
1343,Mario Barbero,carmenorta@example.com,+34882 886 865,28.0,M,Colombia,Bogotá,Inactivo,2025-06-03,4.0,3008.48,752.12,0.0,,regex
1344,Dorita Pedrero,begonacozar@example.net,+34827 83 23 53,40.0,Otro,Venezuela,Barcelona,Inactivo,2024-08-31,3.0,6661.05,2220.35,1.0,3.5,regex
1345,Luis Pichardo,gsaldivar@example.org.,583-744-9597,45.0,Otro,Perú,Chiclayo,Activo,2023-10-18,4.0,7010.27,1752.5675,1.0,4.666666666666667,regex
1346,Pepe Bertrán,jaime59@example.net,+34981 97 48 74,,Otro,Argentina,Rosario,Activo,2026-04-04,2.0,4154.67,2077.335,0.0,,regex
1347,Julieta Soto,luis-miguelquiroz@example.com.,+34 839 976 453,,F,Colombia,Cartagena,Activo,2025-03-12,3.0,1897.73,632.5766666666667,0.0,3.0,regex
1348,Ilse Palma,bruno96@example.com,009.358.2016,,Otro,Venezuela,Barquisimeto,Inactivo,2025-11-13,1.0,1250.48,1250.48,0.0,,regex
1349,Marta Velásquez,deboraleon@example.org,+34 985 48 34 92,,,México,Monterrey,Activo,2024-07-02,1.0,872.16,872.16,0.0,,regex
1350,Clementina Pulido,velascoanastasio@example.com,+34873348015,37.0,Otro,Colombia,Bogotá,Inactivo,2024-09-02,3.0,1896.81,632.27,0.0,,regex
1351,Reinaldo Pabón,montemayoritzel@example.com,(053)926-0967x462,24.0,Otro,Perú,Cusco,Suspendido,2023-10-07,0.0,0.0,,0.0,,regex
1352,Emiliano Luna,coronadoleocadia@example.net,(728)502-1553x830,35.0,Otro,Argentina,La Plata,Activo,2024-09-19,4.0,6198.08,1549.52,0.0,1.0,regex
1353,Paulina Borrell,aesparza@example.com,+34 936784460,37.0,M,Colombia,Barranquilla,Activo,2025-01-15,2.0,1288.4299999999998,644.2149999999999,0.0,,regex
1354,Paz Montalvo,vargasberto@example.com,512.944.1492,22.0,,España,Bilbao,Inactivo,2023-12-22,1.0,3448.81,3448.81,0.0,,regex
1355,Timoteo Toro,asuncionnavarrete@example.net,776-565-9070,41.0,M,México,Mérida,Activo,2024-05-02,3.0,7167.9400000000005,2389.3133333333335,1.0,4.0,regex
1356,Violeta Maza,qsotelo@example.com.,+34 923 69 22 09,70.0,M,Colombia,Barranquilla,Activo,2025-08-29,2.0,4172.22,2086.11,0.0,,regex
1357,Amanda Guajardo,montemayorenrique@example.com,1-100-115-4773,46.0,Otro,Argentina,La Plata,Suspendido,2025-05-06,0.0,0.0,,0.0,,regex
1358,Omar Cepeda,pio78@example.com.,135-474-1685,25.0,F,España,Bilbao,Activo,2024-10-04,1.0,2945.14,2945.14,0.0,,regex
1359,Cornelio Coca,jaqueline80@example.net,947.581.6602x841,18.0,M,Perú,Lima,Activo,2024-08-02,3.0,1821.73,607.2433333333333,1.0,2.0,regex
1360,Ignacio Quiroz,alejandro71@example.com,1-714-797-3418x5595,,,España,Madrid,Activo,2024-11-28,0.0,0.0,,0.0,,regex
1361,Angelina Nieves,casillasmaria-teresa@example.org,+34 943101759,49.0,,Venezuela,Caracas,Activo,2025-05-02,4.0,14116.43,3529.1075,0.0,5.0,regex
1362,Marta Ríos,ksegui@example.net,1-078-692-8551x6215,70.0,M,Argentina,Tucumán,Activo,2025-05-08,2.0,1721.83,860.915,1.0,3.0,regex
1363,María Haro,luis-miguelruiz@example.org,(589)607-0722x88341,69.0,,Argentina,Rosario,Activo,2024-01-18,1.0,2732.7,2732.7,0.0,,regex
1364,Bernabé Aguilar,goyo09@example.com,(749)366-3579,25.0,Otro,España,Madrid,Activo,2024-09-06,1.0,971.39,971.39,0.0,,regex
1365,Jordana Solís,julianaalba@example.net,+34973 35 65 82,,F,Venezuela,Barcelona,Suspendido,2025-10-30,2.0,14759.02,7379.51,0.0,,regex
1366,Remedios Durán,marianavillareal@example.com.,+34 844 886 691,70.0,,España,Málaga,Activo,2025-10-15,4.0,4879.34,1219.835,0.0,3.0,regex
1367,Gustavo Benet,irenecovarrubias@example.com,+34 827 97 89 25,32.0,Otro,Perú,Cusco,Inactivo,2024-07-16,0.0,0.0,,0.0,,regex
1368,María Cristina Laboy,ernesto25@example.net,411-818-5136,60.0,Otro,Colombia,Bogotá,Activo,2023-12-02,3.0,7769.349999999999,2589.7833333333333,1.0,1.0,regex
1369,Jacinta Colón,carminacabrera@example.net,+34971 68 41 84,73.0,Otro,Perú,Lima,Suspendido,2026-03-05,1.0,294.34,294.34,0.0,1.0,regex
1370,Juana Daza,juliangisela@example.net,+34872 35 40 11,20.0,M,Perú,Arequipa,Inactivo,2024-09-07,5.0,10878.81,2175.7619999999997,1.0,1.5,regex
1371,Viviana Alba,verdejoalma@example.com,1-709-067-6183x762,53.0,F,Argentina,La Plata,Activo,2023-05-13,1.0,38.68,38.68,1.0,2.0,regex
1372,Úrsula Barraza,barbarasamaniego@example.org,+34 887 888 680,60.0,,España,Bilbao,Activo,2023-08-31,2.0,854.39,427.195,0.0,,regex
1373,René Arribas,roldanmartorell@example.net,496-741-9916,24.0,,Perú,Arequipa,Activo,2024-07-08,1.0,840.58,840.58,0.0,,regex
1374,Rebeca Torrecilla,marccastrillo@example.com.,+34972 01 81 58,75.0,,Perú,Iquitos,Activo,2023-12-02,3.0,14084.289999999999,4694.763333333333,0.0,4.0,regex
1375,Cruz Rivera,llluch@example.org,193.625.2602,39.0,M,Venezuela,Caracas,Suspendido,2023-09-11,0.0,0.0,,0.0,,regex
1376,Carmelita Navarro,cisnerossalvador@example.org,+34928838439,59.0,F,Chile,Santiago,Inactivo,2023-05-15,2.0,1848.8600000000001,924.4300000000001,0.0,,regex
1377,Marisol Morera,vmerino@example.com,1-351-021-4012x8331,64.0,F,Perú,Chiclayo,Suspendido,2024-06-16,1.0,1038.55,1038.55,0.0,4.0,regex
1378,Raúl Giménez,fcamarillo@example.com,+34978 03 05 68,32.0,F,Colombia,Cartagena,Activo,2026-01-29,2.0,344.54999999999995,172.27499999999998,0.0,4.0,regex
1379,Antonia Izaguirre,mendozaaurelio@example.com,389)533-7684,30.0,Otro,Perú,Arequipa,Activo,2024-10-01,1.0,1111.72,1111.72,0.0,5.0,regex
1380,Anel Pons,horaciomelendez@example.net.,(317)303-3249x67574,65.0,M,Colombia,Barranquilla,Activo,2023-09-15,5.0,6369.23,1273.846,0.0,5.0,regex
1381,Marciano Tejeda,juanita73@example.org,+34924605427,67.0,F,Colombia,Bucaramanga,Activo,2024-09-20,1.0,863.0,863.0,0.0,,regex
1382,Ricardo Romero,cantubianca@example.org.,1-764-754-5657x2897,,F,Colombia,Bucaramanga,Activo,2023-11-09,1.0,2240.57,2240.57,0.0,,regex
1383,Manu Jasso,cruzalarcon@example.net,(685)606-6992x61382,36.0,,México,Puebla,Activo,2025-09-13,0.0,0.0,,0.0,,regex
1384,Aldo Quintana,xybarra@example.com.,+34 874 996 263,72.0,Otro,España,Valencia,Suspendido,2024-10-05,1.0,206.57,206.57,0.0,5.0,regex
1385,Serafina Barrios,riomartina@example.org,02896220682,27.0,Otro,España,Bilbao,Activo,2023-12-18,2.0,174.16,87.08,0.0,4.0,regex
1386,Guadalupe Azorin,encarnitagras@example.com,060-694-3069x523,62.0,Otro,Venezuela,Maracaibo,Activo,2024-09-01,2.0,5652.58,2826.29,0.0,5.0,regex
1387,Irene Mayoral,anselmanunez@example.org.,1-006-448-8548x75311,72.0,F,Venezuela,Valencia,Inactivo,2024-02-15,1.0,758.26,758.26,0.0,,regex
1388,Jerónimo Collazo,jose-miguel76@example.com,+34 928507868,39.0,F,Chile,Temuco,Inactivo,2024-12-27,0.0,0.0,,0.0,,regex
1389,Iris Arnal,florentinocarvajal@example.org,+34 978 019 586,43.0,M,Venezuela,Valencia,Suspendido,2026-02-15,3.0,10696.259999999998,3565.4199999999996,0.0,,regex
1390,Calista Valles,normasalgado@example.org.,+34881 24 95 62,43.0,M,Perú,Lima,Activo,2024-10-11,4.0,2949.11,737.2775,1.0,3.0,regex
1391,Horacio Carrero,gollumeloisa@example.org.,+34 976 00 51 02,28.0,Otro,Colombia,Bogotá,Activo,2024-04-17,3.0,516.89,172.29666666666665,0.0,3.5,regex
1392,Eutimio Colom,blancaloreto@example.com,(541)648-7921,30.0,,México,Ciudad de México,Activo,2025-12-17,4.0,10405.67,2601.4175,0.0,3.0,regex
1393,Leticia Ceja,violeta01@example.com,+34 946974420,61.0,,Colombia,Barranquilla,Activo,2025-12-17,4.0,2129.62,532.405,1.0,,regex
1394,Anabel Téllez,patricia33@example.org,723-836-8060x1457,27.0,Otro,Chile,Temuco,Inactivo,2024-01-17,0.0,0.0,,0.0,,regex
1395,Mercedes Leal,rinconabraham@example.org,+19(6)7972092519,62.0,,Colombia,Barranquilla,Activo,2023-06-30,1.0,1888.4,1888.4,0.0,,regex
1396,Carmela Castro,juliecompany@example.net,+49(3)7958291585,60.0,M,Venezuela,Maturín,Inactivo,2025-10-15,1.0,1332.4,1332.4,0.0,,regex
1397,Timoteo Salcedo,eliana20@example.com,1-414-248-7396x262,35.0,Otro,Perú,Arequipa,Inactivo,2025-02-28,0.0,0.0,,0.0,,regex
1398,Jimena Enríquez,prascon@example.net,1-772-443-4354x97872,,Otro,España,Málaga,Suspendido,2024-06-10,4.0,3327.8599999999997,831.9649999999999,0.0,,regex
1399,Nicolás Maldonado,crespiencarna@example.net.,+34877 480 424,65.0,,Argentina,Rosario,Suspendido,2025-02-05,2.0,4807.39,2403.695,0.0,3.0,regex
1400,Amador Ayllón,zaragozaandres@example.com.,376.242.6622x549,,M,Colombia,Cartagena,Activo,2026-02-15,3.0,1467.05,489.01666666666665,1.0,3.5,regex
1401,Seve Baena,agueda01@example.net.,731-172-2641,,Otro,México,Guadalajara,Activo,2024-10-30,2.0,560.56,280.28,1.0,1.0,regex
1402,Lucía Alberdi,edgardo93@example.org.,847.422.9835x9667,71.0,Otro,España,Madrid,Suspendido,2025-09-30,1.0,1230.08,1230.08,0.0,,regex
1403,Patricio Aller,tomascardenas@example.net.,1-365-003-2990x900,62.0,M,México,Tijuana,Activo,2024-04-04,0.0,0.0,,0.0,,regex
1404,Lorenzo Mesa,maria-cristinasantacruz@example.com.,+34 921 54 04 23,59.0,,Chile,Antofagasta,Activo,2024-07-23,2.0,4393.400000000001,2196.7000000000003,0.0,,regex
1405,Rufino Barriga,znarvaez@example.com.,+34872 439 690,41.0,Otro,Chile,Santiago,Activo,2024-04-25,2.0,394.78,197.39,0.0,4.0,regex
1406,Manola Oliver,vgiron@example.com,+34 881 81 33 07,,Otro,Chile,Concepción,Inactivo,2024-03-09,2.0,2595.87,1297.935,0.0,,regex
1407,Eva Ayuso,teomenendez@example.org,+34 846 474 098,52.0,Otro,Argentina,La Plata,Activo,2023-12-06,2.0,3379.87,1689.935,1.0,4.0,regex
1408,Cristina Herranz,arsenio51@example.com,+34 841 32 51 07,27.0,F,España,Barcelona,Activo,2024-06-14,2.0,689.1600000000001,344.58000000000004,0.0,,regex
1409,Irma Ayala,laboycornelio@example.org,1-641-199-2551,31.0,Otro,Chile,La Serena,Activo,2024-04-26,4.0,4644.67,1161.1675,0.0,4.5,regex
1410,Amalia Bou,vera05@example.net,+34902 94 19 71,34.0,F,Chile,Valparaíso,Activo,2025-06-07,2.0,8160.26,4080.13,0.0,4.0,regex
1411,Jorge Casas,lgodoy@example.net,+34 886 63 06 16,62.0,,Perú,Trujillo,Suspendido,2025-11-22,2.0,746.0799999999999,373.03999999999996,0.0,,regex
1412,Hilda Preciado,eleuterio00@example.com.,05042059868,,Otro,Perú,Iquitos,Activo,2025-05-11,4.0,5192.42,1298.105,0.0,3.0,regex
1413,Rosario Rincón,goyo36@example.org,+34 800 10 14 61,70.0,M,México,Guadalajara,Activo,2025-07-22,2.0,1312.5,656.25,0.0,5.0,regex
1414,Amalia Galan,nerea61@example.com,+34 985168785,19.0,Otro,Colombia,Bogotá,Activo,2024-12-09,0.0,0.0,,0.0,,regex
1415,Lucía Ordóñez,zmuniz@example.net,+34941 72 80 07,44.0,M,Perú,Trujillo,Activo,2025-07-02,3.0,14461.11,4820.37,1.0,2.5,regex
1416,Palmira Caparrós,ocorrea@example.org,1-564-078-3083,27.0,M,Venezuela,Barcelona,Activo,2025-08-30,1.0,39.53,39.53,0.0,,regex
1417,Nicolás Candelaria,gloria98@example.org,1-146-749-0668x867,,M,Colombia,Medellín,Activo,2023-07-24,0.0,0.0,,0.0,,regex
1418,Mitzy Blasco,joaquin60@example.com,343-180-7392x002,62.0,Otro,Chile,Antofagasta,Activo,2024-12-11,1.0,62.98,62.98,0.0,,regex
1419,Luis Miguel Gallegos,etapia@example.org.,+34 873 167 871,,F,Argentina,Mendoza,Suspendido,2025-11-16,3.0,4618.23,1539.4099999999999,0.0,,regex
1420,Ramiro Trujillo,adancandelaria@example.org,(025)455-0054x90809,18.0,Otro,México,Guadalajara,Suspendido,2025-01-22,1.0,963.83,963.83,0.0,,regex
1421,Karla Granado,horacioocasio@example.org,1-034-383-0009,,M,Chile,Temuco,Activo,2024-03-24,3.0,14861.45,4953.816666666667,0.0,5.0,regex
1422,Cristina Gastélum,globo@example.com,1-466-289-7351,47.0,M,Colombia,Bucaramanga,Inactivo,2023-10-29,1.0,982.72,982.72,0.0,2.0,regex
1423,Cristal Menchaca,acunadaniel@example.org,+34 800 23 40 56,50.0,F,Venezuela,Barquisimeto,Activo,2024-09-16,3.0,1851.17,617.0566666666667,0.0,5.0,regex
1424,Gerónimo Berríos,iglesiasbenjamin@example.net,+34982 051 666,74.0,M,Chile,Santiago,Activo,2025-06-26,4.0,11752.57,2938.1425,0.0,,regex
1425,Remedios Gelabert,jaguila@example.com,909.863.6152x769,72.0,M,Colombia,Bogotá,Activo,2025-11-04,3.0,14214.29,4738.096666666667,0.0,,regex
1426,Hernán Cortés,felicianojover@example.net.,+34881 88 63 13,21.0,M,México,Guadalajara,Activo,2024-01-23,3.0,2609.2200000000003,869.7400000000001,0.0,4.333333333333333,regex
1427,Marcelo Arguello,canetxiomara@example.net,+34 846 669 141,,,Colombia,Bogotá,Activo,2025-05-13,5.0,28662.96,5732.592,0.0,,regex
1428,Abraham Briones,walter18@example.net,+34 826 99 25 69,43.0,,Perú,Lima,Suspendido,2026-01-08,3.0,4525.16,1508.3866666666665,1.0,,regex
1429,Lucas Mancebo,gimenezjuan-francisco@example.org,03181181405,65.0,F,Perú,Lima,Activo,2025-06-13,2.0,11832.119999999999,5916.0599999999995,1.0,3.0,regex
1430,Faustino Carrillo,marinhugo@example.com.,+34981560940,,,Perú,Chiclayo,Activo,2024-09-18,3.0,7516.08,2505.36,0.0,,regex
1431,Virginia Soto,almeidahector@example.org,645.722.7579,71.0,M,España,Bilbao,Suspendido,2025-09-23,3.0,901.6400000000001,300.5466666666667,0.0,,regex
1432,Gabriel Girón,qlara@example.net,+93(3)9136941264,41.0,M,Colombia,Barranquilla,Activo,2023-05-15,2.0,1650.21,825.105,0.0,,regex
1433,Adriana Diez,omontoya@example.org,+34 925 76 31 01,72.0,M,México,Guadalajara,Activo,2026-05-07,3.0,12502.289999999999,4167.429999999999,0.0,,regex
1434,Trinidad Lucero,de-jesusines@example.org,+64(0)0474867948,58.0,,España,Barcelona,Inactivo,2025-09-06,4.0,4881.55,1220.3875,0.0,4.0,regex
1435,Nancy Sierra,palbero@example.org,00077017737,47.0,Otro,Chile,La Serena,Inactivo,2025-01-29,1.0,1237.36,1237.36,0.0,,regex
1436,Rosario Franch,galamo@example.org,+34 971 19 60 04,40.0,M,Argentina,Córdoba,Activo,2023-11-13,0.0,0.0,,0.0,,regex
1437,Julio Lozada,nicanor96@example.com,338.496.5523,45.0,F,España,Valencia,Activo,2024-10-18,3.0,6005.370000000001,2001.7900000000002,0.0,,regex
1438,Olivia Guillén,abelbaca@example.com,+34942 653 619,18.0,M,España,Madrid,Activo,2025-04-19,3.0,2339.79,779.93,0.0,4.5,regex
1439,Eugenio Santos,maria-carmen62@example.com,1-238-586-5392x76871,75.0,M,Argentina,Buenos Aires,Suspendido,2025-06-17,3.0,15260.970000000001,5086.990000000001,0.0,3.0,regex
1440,Leocadio Casanova,cquinonez@example.com,+34 928 58 17 35,60.0,F,España,Sevilla,Activo,2025-03-06,4.0,3603.14,900.785,0.0,,regex
1441,Silvia Pont,amador69@example.net,+34 934646398,30.0,M,Venezuela,Caracas,Activo,2023-05-28,1.0,4116.76,4116.76,0.0,,regex
1442,Wilfrido Muro,godoyrufino@example.net,+34881271866,75.0,,Perú,Chiclayo,Activo,2024-06-10,2.0,372.53,186.265,0.0,,regex
1443,Elisabet Mur,roquebaeza@example.org.,+34822101561,,Otro,Colombia,Bogotá,Activo,2023-07-27,3.0,2491.2899999999995,830.4299999999998,0.0,,regex
1444,Elisa Hernádez,chuchoguardia@example.org.,+34 983 23 84 69,24.0,,México,Mérida,Activo,2025-08-25,2.0,10897.65,5448.825,0.0,,regex
1445,Mateo Ferrándiz,barrigajuan-luis@example.net,177-365-5619x2218,61.0,F,México,Monterrey,Inactivo,2025-12-29,4.0,4196.55,1049.1375,2.0,2.5,regex
1446,Segismundo Bilbao,carlos76@example.org,+34732 36 41 69,45.0,F,Perú,Arequipa,Activo,2024-08-17,3.0,3314.8,1104.9333333333334,0.0,,regex
1447,Maximiliano Riba,alara@example.org,+34 877 91 93 25,27.0,Otro,México,Guadalajara,Suspendido,2025-09-21,4.0,5806.26,1451.565,1.0,4.0,regex
1448,Sonia Rentería,ricardohernandez@example.com.,995.225.2964x4484,62.0,M,Venezuela,Maturín,Inactivo,2025-10-05,5.0,14170.83,2834.166,1.0,4.0,regex
1449,Patricia Sarabia,benaventemartin@example.org.,+34803 64 09 80,50.0,,Perú,Iquitos,Activo,2025-01-15,1.0,2120.9,2120.9,0.0,4.0,regex
1450,Arturo Mateo,oquendodaniela@example.com,025.912.0463x7216,26.0,F,México,Puebla,Activo,2026-01-06,1.0,1552.22,1552.22,0.0,,regex
1451,Leonardo Gascón,moisesverdugo@example.com,+34 987 02 95 59,57.0,M,Colombia,Bogotá,Activo,2024-10-05,2.0,223.07,111.535,0.0,,regex
1452,Lorena Vásquez,amaya95@example.com,+34844 47 41 11,,F,Colombia,Cartagena,Activo,2025-05-20,2.0,5052.84,2526.42,0.0,4.0,regex
1453,María Eugenia Gil,joaquinorozco@example.net,112)584-2330,21.0,F,Colombia,Bucaramanga,Activo,2024-07-20,1.0,1500.2,1500.2,0.0,,regex
1454,Amílcar Delgado,nayelirobledo@example.org,+34827 07 88 31,33.0,,Perú,Lima,Activo,2025-04-07,0.0,0.0,,0.0,,regex
1455,Lilia Morales,conchita20@example.com,+34 701 970 842,31.0,F,Perú,Cusco,Inactivo,2024-02-12,1.0,1045.83,1045.83,0.0,3.0,regex
1456,Ulises Trillo,soniaortiz@example.com,+34846955510,,,Argentina,Rosario,Activo,2026-03-24,3.0,3314.0299999999997,1104.6766666666665,0.0,5.0,regex
1457,Anacleto Mateos,carolinaportillo@example.org,+34 806 036 072,,F,Venezuela,Barquisimeto,Activo,2024-01-29,3.0,5910.57,1970.1899999999998,0.0,,regex
1458,Fabio Acedo,isabela24@example.org,1-391-692-8091,,,México,Monterrey,Suspendido,2025-06-26,1.0,276.97,276.97,0.0,5.0,regex
1459,Duilio Polanco,amagana@example.org.,+34 645441061,55.0,Otro,España,Sevilla,Activo,2024-07-12,2.0,4416.38,2208.19,0.0,,regex
1460,Abigail Madrigal,pedro01@example.com,+34979 642 962,39.0,F,Chile,Valparaíso,Inactivo,2025-02-11,2.0,9083.14,4541.57,1.0,,regex
1461,Beatriz Palmer,olimpia09@example.com,03152552322,64.0,,México,Mérida,Activo,2024-04-30,2.0,8056.9,4028.45,0.0,,regex
1462,Xavier Maestas,africa40@example.net,625.395.0111x525,40.0,F,Venezuela,Maturín,Inactivo,2024-11-16,2.0,1267.31,633.655,1.0,2.0,regex
1463,Dolores Ramírez,oarjona@example.org,890-304-5880,44.0,Otro,España,Barcelona,Suspendido,2023-09-17,4.0,14928.43,3732.1075,0.0,,regex
1464,Ángel Ceja,quirinomoya@example.net,(592)055-9675x77991,35.0,,México,Ciudad de México,Activo,2025-05-25,4.0,10390.8,2597.7,0.0,,regex
1465,Rosalia Alfaro,mayte62@example.com.,1-116-089-5897,,Otro,Colombia,Bogotá,Activo,2025-10-01,2.0,2705.73,1352.865,0.0,,regex
1466,Selena de la Fuente,fuertesheriberto@example.com,+08(3)4761289899,,,Colombia,Cali,Activo,2023-05-18,2.0,884.4399999999999,442.21999999999997,0.0,4.5,ner
1467,Gilberto Caraballo,lupetello@example.net.,+34975 156 033,47.0,,España,Málaga,Suspendido,2025-08-07,1.0,2458.5,2458.5,0.0,,regex
1468,Clemente Valentín,trevinofrancisco-javier@example.org,309-007-3794x999,28.0,,Chile,Santiago,Activo,2025-09-13,3.0,534.5699999999999,178.18999999999997,0.0,,regex
1469,María Teresa Marín,armasmaria-cristina@example.com.,+34949265434,26.0,F,México,Monterrey,Activo,2025-11-06,1.0,945.52,945.52,0.0,,regex
1470,Jennifer Angulo,jacintovenegas@example.net.,+34 984 590 799,,M,México,Tijuana,Activo,2024-06-12,1.0,444.3,444.3,1.0,,regex
1471,María del Carmen Valdés,eurias@example.com.,434-073-0717x7613,44.0,Otro,Perú,Cusco,Activo,2025-04-30,1.0,1247.07,1247.07,0.0,5.0,ner
1472,Amparo Pons,gracianofigueroa@example.net.,(033)699-9528,,,España,Valencia,Activo,2025-05-27,1.0,1011.74,1011.74,0.0,,regex
1473,Luisa Gomez,pacapozo@example.com,+34 847 735 514,62.0,F,Perú,Trujillo,Activo,2023-10-28,7.0,20238.2,2891.171428571429,0.0,,regex
1474,Godofredo Castellanos,alma71@example.com,509.355.5570x2006,,M,Perú,Arequipa,Inactivo,2024-10-07,0.0,0.0,,0.0,,regex
1475,Guiomar Mares,ramon47@example.com,+34 847189391,27.0,F,Perú,Trujillo,Activo,2024-10-15,3.0,2789.76,929.9200000000001,0.0,2.0,regex
1476,Purificación Meléndez,gquiros@example.org,+34845 830 564,29.0,F,España,Sevilla,Activo,2024-08-12,0.0,0.0,,0.0,,regex
1477,Felix Jerez,irene59@example.com,+34841 635 607,54.0,F,México,Guadalajara,Activo,2024-10-26,4.0,13080.730000000001,3270.1825000000003,0.0,4.0,regex
1478,Esmeralda Cerro,kespinosa@example.net,+34883 60 08 23,61.0,Otro,México,Ciudad de México,Activo,2025-01-19,0.0,0.0,,0.0,,regex
1479,Teobaldo Espejo,bernabesaldana@example.com.,(061)790-6701x51200,,M,Colombia,Cali,Suspendido,2025-02-09,2.0,4079.56,2039.78,0.0,,regex
1480,José Antonio Apodaca,ezamudio@example.org,+34 942218333,19.0,M,Colombia,Barranquilla,Activo,2025-07-30,2.0,17834.37,8917.185,1.0,4.0,regex
1481,Crescencia Contreras,navasjacobo@example.org.,02260082283,,,Perú,Lima,Activo,2024-09-09,4.0,7314.219999999999,1828.5549999999998,0.0,,regex
1482,Dulce Ayala,silvano85@example.com,(820)632-2801,,F,Chile,Concepción,Activo,2024-08-14,1.0,407.29,407.29,0.0,,regex
1483,Valeria Holguín,gnavarrete@example.net,476-096-0647,37.0,,Venezuela,Caracas,Inactivo,2025-06-10,4.0,8256.0,2064.0,1.0,2.0,regex
1484,Jacobo Pardo,maria-cristinaurbina@example.com,788.407.0946x577,52.0,M,Argentina,Mendoza,Activo,2025-09-06,5.0,11273.83,2254.766,0.0,4.0,regex
1485,Toño Cisneros,patriciomalave@example.org,092-826-1641x7005,36.0,M,España,Madrid,Suspendido,2025-12-14,1.0,752.56,752.56,0.0,5.0,regex
1486,Filomena Aponte,iotero@example.net,+34 873 16 64 79,18.0,M,Colombia,Cali,Activo,2025-04-07,0.0,0.0,,0.0,,regex
1487,Adelaida Casal,eliseo85@example.org,(416)019-9198x48087,32.0,Otro,Perú,Cusco,Inactivo,2026-02-24,0.0,0.0,,0.0,,regex
1488,Adriana Vilar,xcandelaria@example.org,+34977 71 07 40,32.0,M,México,Ciudad de México,Activo,2024-01-13,2.0,4366.1900000000005,2183.0950000000003,0.0,,regex
1489,Pascual Quintero,pcoronado@example.com,00511090070,56.0,M,España,Sevilla,Activo,2024-11-05,1.0,404.45,404.45,0.0,,regex
1490,Alicia Albero,cordovajaqueline@example.net,1-723-920-1029x7599,27.0,Otro,Perú,Iquitos,Activo,2024-02-29,4.0,1203.0900000000001,300.77250000000004,0.0,2.0,regex
1491,Zeferino Godínez,rosario74@example.com,+34 925 269 420,60.0,F,Argentina,Rosario,Activo,2023-08-10,2.0,5951.52,2975.76,0.0,,regex
1492,Bruno Galarza,alfredo51@example.org,+34 974937669,68.0,M,Perú,Trujillo,Activo,2024-06-29,0.0,0.0,,0.0,,regex
1493,Mar Acuña,miriam17@example.com,+34927 84 96 88,27.0,,México,Puebla,Inactivo,2024-03-07,1.0,416.71,416.71,0.0,,regex
1494,Aránzazu Galán,sde-la-torre@example.net,+34926744509,,F,Chile,Valparaíso,Activo,2023-12-26,1.0,7749.6,7749.6,0.0,5.0,regex
1495,José Luis Molins,gcanales@example.org,+34807851846,48.0,,Colombia,Bucaramanga,Inactivo,2026-01-18,0.0,0.0,,0.0,,regex
1496,Rubén Daza,peperequena@example.org,+34806 73 48 00,,Otro,México,Mérida,Inactivo,2023-10-19,1.0,165.07,165.07,0.0,,regex
1497,Gabino Oliva,abrilmesa@example.com.,(298)781-9214x7498,55.0,,Colombia,Medellín,Inactivo,2024-09-11,2.0,5208.0599999999995,2604.0299999999997,0.0,,regex
1498,Abigail Delgado,ecalleja@example.net,721)461-7275,,F,Perú,Chiclayo,Activo,2024-08-17,3.0,7672.48,2557.4933333333333,0.0,4.0,regex
1499,Silvano Villalpando,smenendez@example.com,474-134-0192x9360,21.0,F,México,Mérida,Activo,2026-03-30,1.0,90.29,90.29,0.0,,regex
1500,Dulce Mercado,josepenas@example.org,+34827 24 84 47,36.0,F,Venezuela,Maracaibo,Activo,2024-08-15,3.0,2363.44,787.8133333333334,0.0,4.0,regex
1501,Lorenzo Becerra,zurrutia@example.com,+34842 307 065,33.0,,Chile,Santiago,Activo,2024-11-29,3.0,15145.0,5048.333333333333,0.0,5.0,regex
1502,Esther Pinedo,laracastrillo@example.com,303.727.1862,42.0,,Perú,Lima,Activo,2024-04-01,5.0,6383.92,1276.784,1.0,2.0,regex
1503,Lourdes Barros,eufemiabenito@example.org,+34979 82 87 80,55.0,M,España,Madrid,Inactivo,2024-08-09,0.0,0.0,,0.0,,regex
1504,Héctor Segovia,oocampo@example.com,1-418-028-8252,19.0,M,Venezuela,Valencia,Activo,2026-03-04,4.0,1259.3700000000001,314.84250000000003,0.0,,regex
1505,Magdalena Molina,tvillalpando@example.net,882)847-0520,27.0,,Chile,Temuco,Inactivo,2023-08-05,1.0,293.62,293.62,0.0,,regex
1506,Primitiva Seguí,hugocuervo@example.org,+34956864277,64.0,F,Colombia,Barranquilla,Inactivo,2023-10-07,0.0,0.0,,0.0,,regex
1507,Eduardo Colón,uanaya@example.org,+34 708 778 347,,M,Perú,Arequipa,Activo,2026-03-24,3.0,3596.71,1198.9033333333334,0.0,2.0,regex
1508,Santos Goñi,felicia55@example.com,+34 924 62 32 77,,,Chile,Valparaíso,Inactivo,2023-07-11,3.0,11375.07,3791.69,2.0,3.0,regex
1509,Ernesto Tamez,dgamez@example.org,228.570.4240,37.0,Otro,Chile,Santiago,Activo,2024-05-07,3.0,7860.23,2620.0766666666664,0.0,5.0,regex
1510,Gregorio Soliz,psedano@example.org,01678815964,26.0,Otro,Chile,Valparaíso,Activo,2025-12-18,2.0,813.99,406.995,0.0,,regex
1511,Eugenia Montalvo,luevanogerman@example.net,673.322.9124x89558,53.0,Otro,México,Ciudad de México,Activo,2026-02-10,2.0,482.59000000000003,241.29500000000002,0.0,5.0,regex
1512,Alicia Rocha,inesjuarez@example.com,(640)760-8953,38.0,Otro,Colombia,Bucaramanga,Inactivo,2023-08-12,1.0,185.76,185.76,0.0,4.0,regex
1513,Jafet Vidal,hernandezlorena@example.net,06283356890,69.0,F,México,Mérida,Inactivo,2026-01-11,2.0,5775.97,2887.985,0.0,,regex
1514,Antonio Caro,emilianoreyna@example.com,+34921 670 277,67.0,F,Argentina,Buenos Aires,Activo,2024-11-21,3.0,2384.62,794.8733333333333,0.0,,regex
1515,Angélica Olivárez,dnazario@example.net,759.599.5505,56.0,M,España,Barcelona,Activo,2026-01-17,2.0,870.27,435.135,0.0,,regex
1516,Javiera Cervantes,tcarbo@example.net,183)952-5252,23.0,,México,Guadalajara,Suspendido,2026-03-08,1.0,4388.53,4388.53,0.0,,regex
1517,Matilde Prado,barrerasantiago@example.net,+34824457445,18.0,F,España,Valencia,Activo,2023-07-15,0.0,0.0,,0.0,,regex
1518,Apolinar Sáenz,marisol30@example.net,+34 901035321,38.0,F,Chile,Santiago,Activo,2025-07-27,4.0,4982.139999999999,1245.5349999999999,0.0,4.5,regex
1519,Gonzalo Duran,sguillen@example.net,+34881121805,24.0,F,Perú,Arequipa,Inactivo,2024-06-01,2.0,1659.5,829.75,0.0,,regex
1520,Rodolfo Amores,qzuniga@example.org,+34 879 25 46 01,,M,Chile,La Serena,Activo,2026-03-22,3.0,1622.98,540.9933333333333,1.0,3.0,regex
1521,Herminio Gonzales,mario13@example.org,1-276-861-2734x21120,36.0,,Venezuela,Maracaibo,Activo,2025-03-19,3.0,7500.41,2500.1366666666668,0.0,,regex
1522,Ani Goicoechea,manjondora@example.com,+34847989088,32.0,M,España,Sevilla,Activo,2025-02-02,1.0,439.12,439.12,0.0,,regex
1523,Hermelinda Cotto,camposinmaculada@example.net.,+34983 213 356,51.0,Otro,México,Tijuana,Suspendido,2023-08-22,0.0,0.0,,0.0,,regex
1524,Joaquín Ozuna,maciasangela@example.com,+34703 89 19 18,57.0,F,Argentina,Córdoba,Activo,2024-03-24,0.0,0.0,,0.0,,regex
1525,Alta  Gracia Haro,alonsoibarra@example.com,1-560-714-8765x0775,42.0,M,Venezuela,Barquisimeto,Activo,2024-06-06,1.0,1312.91,1312.91,0.0,,regex
1526,Cornelio Benet,caridadorta@example.org.,+34980 81 10 57,27.0,Otro,Chile,Valparaíso,Inactivo,2026-03-21,1.0,87.18,87.18,1.0,2.0,regex
1527,Emiliano Rodriguez,aaltamirano@example.com,966-932-3370,53.0,M,Venezuela,Maturín,Inactivo,2024-12-04,4.0,5149.5199999999995,1287.3799999999999,1.0,2.0,regex
1528,Merche Valbuena,gabriela08@example.com,+34881 234 306,35.0,,México,Mérida,Activo,2026-01-09,2.0,2098.33,1049.165,1.0,,regex
1529,Guadalupe Toro,jose-franciscosole@example.com,+34 980 228 582,34.0,F,Venezuela,Maracaibo,Activo,2025-01-03,2.0,1292.31,646.155,0.0,5.0,regex
1530,Gerardo Mata,estelacarbo@example.net,+34(8)2367883873,26.0,M,Colombia,Bucaramanga,Suspendido,2025-12-28,2.0,2609.86,1304.93,1.0,2.0,regex
1531,Espiridión Alegria,jordana36@example.com,846.648.6741,,Otro,Colombia,Barranquilla,Activo,2024-01-19,1.0,2296.35,2296.35,0.0,,regex
1532,Eladio Páez,sebastiannazaret@example.com,+34 971 76 01 45,,,Argentina,Mendoza,Suspendido,2023-05-16,1.0,7918.54,7918.54,0.0,,regex
1533,Dan Hernandes,valentin28@example.org,1-361-168-6114,65.0,M,Perú,Chiclayo,Suspendido,2024-11-26,1.0,504.2,504.2,0.0,,regex
1534,Salomón Méndez,sonia46@example.com,683)684-3771,72.0,M,Chile,Concepción,Activo,2025-10-11,3.0,3742.5800000000004,1247.5266666666669,0.0,5.0,regex
1535,Luis Ángel Mascareñas,raquel56@example.com,+34703 011 962,59.0,Otro,Colombia,Medellín,Inactivo,2024-11-05,2.0,2462.5899999999997,1231.2949999999998,0.0,,regex
1536,Isidro Villagómez,carmen17@example.net,+34943 838 509,,F,Colombia,Bucaramanga,Activo,2025-11-14,2.0,773.6800000000001,386.84000000000003,0.0,,regex
1537,Alejandra Jordán,ramosisabela@example.com,+34988113640,,Otro,Colombia,Barranquilla,Inactivo,2024-03-07,4.0,5390.67,1347.6675,0.0,,regex
1538,Ramiro Esparza,aaponte@example.net.,795)951-4295,58.0,M,Colombia,Cali,Activo,2024-03-18,3.0,5205.08,1735.0266666666666,0.0,,regex
1539,Luis Miguel Lozada,tamaritpurificacion@example.net.,(275)280-0161x734,48.0,M,Venezuela,Maracaibo,Activo,2024-09-27,3.0,874.5699999999999,291.5233333333333,1.0,,regex
1540,Indira Guillén,parraeric@example.net,+34847648971,35.0,F,Perú,Iquitos,Activo,2023-07-08,1.0,6706.23,6706.23,0.0,,regex
1541,Adán Valadez,isabelaluz@example.net,1-613-049-4841x423,73.0,Otro,España,Sevilla,Inactivo,2025-07-01,1.0,2237.66,2237.66,0.0,,regex
1542,Mirta Garcés,zeferinotellez@example.com,798-130-2656x477,60.0,F,Chile,Antofagasta,Activo,2025-11-03,2.0,913.4,456.7,1.0,2.0,regex
1543,Norma Barón,soloriorosario@example.com.,+34 679 11 61 14,,F,España,Valencia,Activo,2024-02-17,2.0,2406.29,1203.145,0.0,,regex
1544,Violeta Calderón,sebastianprimitivo@example.com.,+34901 738 852,40.0,Otro,Perú,Iquitos,Suspendido,2024-11-05,1.0,441.35,441.35,0.0,,regex
1545,Guillermo Reynoso,somozacharo@example.net.,+34 845 532 512,22.0,Otro,Chile,Valparaíso,Suspendido,2025-08-11,5.0,6837.34,1367.468,0.0,,regex
1546,Carmelita Daza,lvazquez@example.org,660)286-5383,70.0,Otro,Perú,Iquitos,Activo,2024-07-25,1.0,727.61,727.61,0.0,,regex
1547,César Alcalá,wagusti@example.net.,+34 972037808,44.0,F,España,Barcelona,Suspendido,2026-02-11,2.0,966.75,483.375,0.0,4.0,regex
1548,Ricardo Córdoba,karana@example.net,+34885 849 267,,M,España,Sevilla,Inactivo,2024-12-23,1.0,6138.72,6138.72,0.0,,regex
1549,Diana Montenegro,rmacias@example.com,572-676-5419x828,30.0,Otro,Argentina,Rosario,Suspendido,2024-09-11,1.0,4747.42,4747.42,0.0,,regex
1550,Modesto Vélez,arevaloeloisa@example.com.,202-626-9303,19.0,,Argentina,Tucumán,Activo,2025-11-22,0.0,0.0,,0.0,,regex
1551,Wilfrido Montaño,venceslas33@example.org,+34974406351,40.0,F,Colombia,Bucaramanga,Suspendido,2024-11-25,2.0,562.9,281.45,0.0,,regex
1552,Flor Llabrés,xroque@example.org,+34 924 83 79 90,29.0,,Colombia,Bucaramanga,Suspendido,2025-07-08,3.0,3252.05,1084.0166666666667,0.0,5.0,regex
1553,Enrique Pantoja,eliasugarte@example.com.,+34 876 422 856,,,Perú,Trujillo,Activo,2025-09-04,0.0,0.0,,0.0,,regex
1554,Adela Gilabert,eduardomiranda@example.net.,+34 826 03 37 00,,Otro,España,Bilbao,Inactivo,2023-10-14,4.0,3580.39,895.0975,1.0,4.0,regex
1555,José Fuente,jaramilloelvia@example.org,+34872 188 384,46.0,Otro,España,Málaga,Suspendido,2024-07-20,0.0,0.0,,0.0,,regex
1556,Edu Ruiz,abril37@example.org,(176)968-0645x54421,72.0,F,Perú,Chiclayo,Activo,2024-10-28,0.0,0.0,,0.0,,regex
1557,Abigaíl Rozas,medranoemiliano@example.net.,+34972 39 68 85,25.0,,México,Monterrey,Inactivo,2024-02-23,1.0,549.46,549.46,0.0,5.0,regex
1558,Begoña Arellano,rsolis@example.net.,+34 875 150 321,68.0,M,España,Bilbao,Suspendido,2025-08-18,1.0,2452.81,2452.81,0.0,,regex
1559,Jaime Blanco,natanaelalberdi@example.com,860)673-4767,18.0,F,Perú,Iquitos,Activo,2024-02-05,2.0,3601.5,1800.75,0.0,4.0,regex
1560,Sergio Abascal,gil42@example.com,(215)596-3743,,Otro,Venezuela,Barcelona,Suspendido,2024-01-15,4.0,6578.8,1644.7,0.0,,regex
1561,Sessa Ybarra,fernandezpilar@example.net,1-465-653-1708,53.0,F,Colombia,Bogotá,Activo,2024-01-04,2.0,276.73,138.365,0.0,,regex
1562,Eutimio Alcázar,yfrias@example.net,256.732.2348,45.0,M,Venezuela,Caracas,Inactivo,2024-02-28,1.0,920.7,920.7,0.0,,regex
1563,Elba Rojas,calderaroberto@example.org,+34704886607,75.0,,México,Puebla,Suspendido,2026-04-14,3.0,8094.63,2698.21,0.0,4.0,regex
1564,Severiano Maestas,wendolinrodarte@example.net,541.760.9093x7164,50.0,M,Venezuela,Barquisimeto,Suspendido,2025-04-09,1.0,425.3,425.3,0.0,,regex
1565,Alberto Montez,georginaperalta@example.com,733-878-0528,34.0,Otro,Venezuela,Caracas,Activo,2025-05-02,0.0,0.0,,0.0,,regex
1566,Marco Antonio Brito,vmateo@example.com,09888374345,,M,México,Tijuana,Inactivo,2025-03-05,2.0,8879.820000000002,4439.910000000001,0.0,,regex
1567,Nancy Gallegos,vcruz@example.com,+34845 308 996,23.0,,Perú,Chiclayo,Inactivo,2024-07-15,2.0,1682.13,841.065,0.0,5.0,regex
1568,Juan Manuel Martí,jose86@example.net,(121)560-3871,29.0,,Perú,Arequipa,Activo,2024-12-02,2.0,1605.63,802.815,0.0,3.0,regex
1569,Hugo Marín,juana60@example.com.,+34 875764747,,,Venezuela,Barquisimeto,Activo,2025-07-24,1.0,898.37,898.37,0.0,,regex
1570,Gala Rojas,galocarmona@example.com,+34879 965 586,56.0,M,España,Málaga,Activo,2025-04-09,2.0,3480.8100000000004,1740.4050000000002,0.0,,regex
1571,Aristides Casillas,esmeraldagalvez@example.com,+34988660138,49.0,F,España,Málaga,Activo,2024-04-20,0.0,0.0,,0.0,,regex
1572,María Dolores Diego,yespinoza@example.net,+34 827 012 457,58.0,M,España,Barcelona,Activo,2026-03-31,1.0,845.35,845.35,0.0,4.0,regex
1573,Viviana Valdivia,mbotella@example.com.,+34 871 65 05 51,,,Perú,Trujillo,Activo,2025-05-16,4.0,10201.26,2550.315,0.0,,regex
1574,Perla Tejada,sanchezmagdalena@example.net,07080492932,,F,España,Barcelona,Suspendido,2023-05-29,3.0,2257.85,752.6166666666667,0.0,3.0,regex
1575,Eli Botello,hipolitocheca@example.org,+34886952209,,M,Perú,Cusco,Suspendido,2023-06-25,0.0,0.0,,0.0,,regex
1576,Pascuala Tejedor,xvalcarcel@example.net,274-806-6112x620,31.0,F,Venezuela,Barcelona,Activo,2026-02-08,0.0,0.0,,0.0,,regex
1577,Rosalia Benavides,mitzy12@example.org.,+34950 181 123,26.0,M,España,Bilbao,Activo,2023-12-11,1.0,5916.93,5916.93,0.0,,regex
1578,Moreno Vergara,ana-mariaportillo@example.org.,+34828 459 688,,Otro,España,Barcelona,Activo,2025-11-23,3.0,11393.75,3797.9166666666665,0.0,4.0,regex
1579,Tania Quiroga,plinio05@example.org,+34 820 203 608,29.0,M,México,Puebla,Activo,2024-07-27,3.0,6299.41,2099.8033333333333,0.0,4.0,regex
1580,Benjamín Isern,iarias@example.net,+34 981140834,68.0,,España,Madrid,Activo,2025-01-18,7.0,21195.260000000002,3027.894285714286,1.0,5.0,regex
1581,Gilberto Anguiano,villanuevaisabela@example.net,+34947 274 566,74.0,F,Colombia,Medellín,Inactivo,2025-05-29,0.0,0.0,,0.0,,regex
1582,Reina Torrens,sandralara@example.org,904-957-7625,56.0,,Chile,Temuco,Inactivo,2025-05-19,1.0,251.08,251.08,0.0,,regex
1583,María Elena Orellana,guiomar01@example.com,286.174.6859x026,46.0,M,Venezuela,Barquisimeto,Activo,2025-03-08,2.0,5385.91,2692.955,0.0,4.0,regex
1584,Julia Carrillo,xchapa@example.net,(034)982-4689x670,44.0,F,Argentina,La Plata,Suspendido,2024-07-17,5.0,5854.75,1170.95,1.0,4.0,regex
1585,Cristina Salas,cottoandrea@example.com,312-524-2352,40.0,F,Perú,Iquitos,Activo,2025-11-03,2.0,4221.59,2110.795,0.0,4.0,regex
1586,Aldo Vázquez,ruby61@example.com.,+34 827 50 52 05,31.0,Otro,México,Monterrey,Activo,2024-05-07,0.0,0.0,,0.0,,regex
1587,Godofredo Villa,liliana05@example.net,+34 888232210,,F,Perú,Lima,Activo,2026-01-02,3.0,2724.69,908.23,0.0,5.0,regex
1588,Francisco Javier Canales,leonalta-gracia@example.net,343-779-8240x2116,,,Colombia,Medellín,Suspendido,2024-01-15,0.0,0.0,,0.0,,regex
1589,Amparo Vallés,arnaunilda@example.net.,426-578-9635,22.0,Otro,Venezuela,Barquisimeto,Inactivo,2024-11-13,0.0,0.0,,0.0,,regex
1590,Guillermina Cavazos,helenasandoval@example.net,+34 872 72 54 42,21.0,F,México,Guadalajara,Inactivo,2025-04-10,2.0,10753.669999999998,5376.834999999999,0.0,3.0,regex
1591,Nacho Bauz,perlaalvarado@example.com,+34881 455 388,28.0,Otro,España,Valencia,Activo,2024-11-20,3.0,6379.4400000000005,2126.48,0.0,2.0,regex
1592,Cristobal Juárez,brojas@example.com,1-082-887-4587x12075,59.0,Otro,Argentina,La Plata,Activo,2023-07-29,0.0,0.0,,0.0,,regex
1593,Lilia Vaca,benjaminnieto@example.net,+34944 210 741,71.0,F,Argentina,Buenos Aires,Activo,2025-09-23,5.0,14449.4,2889.88,1.0,2.0,regex
1594,Estefanía Carro,rbilbao@example.com.,996-457-4433,39.0,Otro,Chile,Antofagasta,Activo,2025-02-21,3.0,25218.35,8406.116666666667,0.0,5.0,regex
1595,Beatriz Pareja,oliviaherrero@example.com,(969)701-0034,37.0,F,Colombia,Bogotá,Activo,2024-03-28,0.0,0.0,,0.0,,regex
1596,José Ureña,tamezofelia@example.net,+34 977860215,53.0,,Colombia,Cartagena,Inactivo,2024-11-08,0.0,0.0,,0.0,,regex
1597,Esteban Quesada,amormaldonado@example.net,+34874 31 22 23,72.0,Otro,Colombia,Bogotá,Activo,2024-02-24,5.0,19886.96,3977.392,0.0,4.0,regex
1598,Úrsula Alcaraz,rfonseca@example.org,836.874.7774x07036,19.0,M,Chile,Santiago,Activo,2024-08-03,5.0,3324.96,664.992,1.0,3.5,regex
1599,Karla Acevedo,kchavez@example.net,+34832 821 938,38.0,,México,Puebla,Inactivo,2025-12-14,4.0,2760.21,690.0525,1.0,1.0,regex
1600,Alicia Quiñónez,tjurado@example.org,+34872045969,70.0,Otro,Venezuela,Maturín,Activo,2025-05-05,1.0,7960.67,7960.67,0.0,,regex
1601,Trinidad Pacheco,laboypamela@example.com,+34 825 234 435,34.0,M,Venezuela,Valencia,Activo,2025-02-02,2.0,2661.04,1330.52,0.0,4.0,regex
1602,Daniel Prieto,corralesfrancisca@example.org,+34736 37 81 70,,F,Argentina,Rosario,Activo,2025-01-12,1.0,509.73,509.73,0.0,,regex
1603,Montserrat Hernádez,reiglucia@example.com.,859.421.9379,,Otro,Argentina,Buenos Aires,Inactivo,2026-02-13,0.0,0.0,,0.0,,regex
1604,María Carmen Esquibel,reynaldo72@example.com,1-687-775-9358x613,48.0,Otro,México,Ciudad de México,Inactivo,2023-08-16,2.0,4164.0599999999995,2082.0299999999997,0.0,,regex
1605,Rosario Oliva,martorellgaston@example.com,339-907-6150,48.0,M,Argentina,Mendoza,Activo,2023-08-21,2.0,3492.36,1746.18,0.0,4.5,regex
1606,Jacobo Múñiz,manzanaresguillermina@example.org,+34 947 47 92 14,71.0,M,Argentina,Buenos Aires,Activo,2023-08-14,1.0,715.74,715.74,0.0,3.0,regex
1607,Beatriz Henríquez,marrerosoledad@example.net,+34 924 73 80 67,18.0,Otro,España,Madrid,Activo,2024-09-28,2.0,319.71999999999997,159.85999999999999,0.0,4.0,regex
1608,Roldán Durán,ccarrasco@example.org,+34 974264320,31.0,Otro,España,Sevilla,Suspendido,2024-11-18,0.0,0.0,,0.0,,regex
1609,Raquel Covarrubias,silvano71@example.net,793.277.0115,59.0,M,Perú,Chiclayo,Suspendido,2025-05-22,5.0,2364.33,472.866,2.0,1.5,regex
1610,Perla Sanabria,lunariba@example.org,568-888-6108,73.0,Otro,Colombia,Bogotá,Suspendido,2024-11-10,7.0,18051.300000000003,2578.757142857143,0.0,4.5,regex
1611,Rosa Galindo,rllanos@example.com,+34848632767,61.0,F,Colombia,Medellín,Suspendido,2026-01-04,4.0,2642.4700000000003,660.6175000000001,0.0,4.0,regex
1612,Rosario Jaime,yontiveros@example.net,1-471-553-4745x0240,33.0,,Perú,Trujillo,Inactivo,2024-01-30,0.0,0.0,,0.0,,regex
1613,Darío Llamas,esperanza94@example.com,+34 879 75 48 07,40.0,F,Chile,Valparaíso,Activo,2024-06-24,1.0,859.53,859.53,0.0,,regex
1614,Heliodoro Padrón,lorenacarrillo@example.org,648.040.7373,45.0,M,España,Bilbao,Activo,2025-07-09,0.0,0.0,,0.0,,regex
1615,Esteban Jiménez,cristian02@example.com,387-963-3467x4646,41.0,M,Colombia,Cali,Activo,2025-08-05,1.0,497.55,497.55,0.0,,regex
1616,Isaías Torralba,hlamas@example.com,+34 807 941 010,,M,Argentina,Mendoza,Suspendido,2025-03-29,2.0,10610.52,5305.26,0.0,,regex
1617,Alvaro Tejeda,dario64@example.net,1-779-738-3306x1443,21.0,Otro,España,Valencia,Activo,2024-09-12,1.0,707.7,707.7,0.0,,regex
1618,Genaro Suárez,alonso52@example.com,+34867068756,21.0,M,México,Tijuana,Suspendido,2023-07-16,2.0,2587.41,1293.705,0.0,,regex
1619,Fanny Cuesta,solpujol@example.org,+34827237745,74.0,,Argentina,Rosario,Inactivo,2026-03-28,1.0,203.11,203.11,0.0,,regex
1620,Juana Hurtado,csanches@example.org,1-807-910-6510x64070,35.0,,Venezuela,Maturín,Activo,2024-12-09,2.0,994.0600000000001,497.03000000000003,0.0,,regex
1621,Marcos Sepúlveda,gonijose-manuel@example.net,1-365-404-4927x280,,,Argentina,Buenos Aires,Activo,2023-12-04,1.0,1701.58,1701.58,1.0,,regex
1622,Perla Porta,armandoporras@example.com.,984.440.8895x93032,37.0,Otro,Colombia,Cali,Activo,2024-09-27,3.0,3274.33,1091.4433333333334,0.0,,regex
1623,Marco Antonio Nogués,hbalaguer@example.net,302)999-6633,27.0,M,Argentina,Rosario,Inactivo,2026-03-27,2.0,687.9200000000001,343.96000000000004,0.0,5.0,regex
1624,Visitación Palma,gabino03@example.org,915.402.7320x1295,61.0,M,España,Barcelona,Suspendido,2023-08-21,2.0,905.5799999999999,452.78999999999996,0.0,4.0,regex
1625,Abigail Manzano,cayetanochaves@example.net,+34942 820 481,48.0,M,Venezuela,Caracas,Activo,2025-01-21,0.0,0.0,,0.0,,regex
1626,Virginia Luevano,hgamboa@example.com.,973.982.4553x815,36.0,,Chile,Santiago,Suspendido,2024-12-18,6.0,4069.33,678.2216666666667,1.0,4.0,regex
1627,Clemente Villalba,illobet@example.net.,08525576881,39.0,,Argentina,Rosario,Inactivo,2026-01-27,4.0,8322.17,2080.5425,0.0,,regex
1628,Jose Francisco Vilanova,tmoya@example.com.,150-488-4915x089,,,Argentina,Córdoba,Activo,2025-04-27,2.0,858.0600000000001,429.03000000000003,0.0,,regex
1629,Lorenzo Arguello,amando76@example.net,593.558.8108,35.0,Otro,Colombia,Cartagena,Suspendido,2025-05-07,0.0,0.0,,0.0,,regex
1630,Marcela Macías,fsalgado@example.com,1-254-123-8724x9379,60.0,,Venezuela,Valencia,Activo,2025-03-15,2.0,883.25,441.625,0.0,,regex
1631,Ana López,ruby48@example.com,1-416-623-9567,41.0,,Perú,Arequipa,Activo,2025-02-11,5.0,2060.88,412.17600000000004,0.0,,regex
1632,Alta  Gracia Sanjuan,nirizarry@example.net,+34 941 412 272,34.0,Otro,Chile,La Serena,Activo,2024-07-19,3.0,3225.84,1075.28,0.0,2.0,regex
1633,Noa Luna,ferrergeronimo@example.org,005-455-8345,44.0,,Colombia,Cali,Activo,2026-03-26,3.0,15452.07,5150.69,0.0,,regex
1634,Porfirio Frutos,apedroza@example.net.,+34926049108,25.0,F,Venezuela,Caracas,Inactivo,2025-08-20,1.0,778.62,778.62,0.0,5.0,regex
1635,Lázaro Bernad,nevarezisaac@example.net,521)979-3368,,M,España,Bilbao,Inactivo,2025-05-12,1.0,2660.65,2660.65,0.0,,regex
1636,Alejandro Alvarado,pedrosaramiro@example.net.,+34 822 11 53 20,28.0,F,Chile,Concepción,Inactivo,2024-07-28,0.0,0.0,,0.0,,regex
1637,Anacleto Gámez,fherrero@example.net,+34860 388 782,70.0,Otro,México,Monterrey,Activo,2025-01-13,5.0,3228.98,645.796,0.0,4.5,regex
1638,Belén Limón,pazmaria-cristina@example.com,420.834.8124,71.0,M,Argentina,Córdoba,Activo,2025-08-02,1.0,793.27,793.27,0.0,,regex
1639,Manuel Rosales,lilianamaldonado@example.com,+34882 78 32 79,60.0,Otro,Venezuela,Valencia,Activo,2024-07-29,3.0,5134.05,1711.3500000000001,0.0,,regex
1640,Rosario Sisneros,tsalcedo@example.com,+34 916 871 446,27.0,Otro,Perú,Chiclayo,Activo,2026-04-22,1.0,65.87,65.87,0.0,,regex
1641,Felix Morillo,tpaez@example.net,+34 872 94 02 69,,,Argentina,Rosario,Inactivo,2025-11-24,0.0,0.0,,0.0,,regex
1642,Gabriel Orellana,casasvirginia@example.net,+34843923246,45.0,Otro,México,Puebla,Activo,2023-10-08,3.0,13439.76,4479.92,1.0,3.0,regex
1643,Jaime Franco,dlerma@example.com.,+34873867485,67.0,M,México,Puebla,Activo,2024-11-10,2.0,6511.74,3255.87,1.0,3.0,regex
1644,Íngrid Mendoza,rmelgar@example.com.,578-680-0551x26764,54.0,Otro,España,Valencia,Inactivo,2026-03-06,0.0,0.0,,0.0,,regex
1645,Ernesto Garrido,xarce@example.com.,+34882 653 442,26.0,,Colombia,Cali,Inactivo,2023-07-17,1.0,134.74,134.74,0.0,,regex
1646,Chucho Quintero,xcamarillo@example.org,+34881 519 198,,F,Argentina,Mendoza,Inactivo,2025-05-15,1.0,1329.64,1329.64,0.0,,regex
1647,Nilda Paredes,graciaesparta@example.com,+81(4)3229876632,23.0,M,España,Madrid,Suspendido,2025-05-16,1.0,987.45,987.45,0.0,,regex
1648,Melisa Cazares,carlotabaez@example.org,+89(1)7005229184,,Otro,Venezuela,Valencia,Activo,2024-09-25,2.0,2919.35,1459.675,0.0,,regex
1649,Roberto Nájera,rebeca27@example.org,+34925 99 61 14,,F,España,Madrid,Activo,2024-04-21,1.0,253.72,253.72,0.0,,regex
1650,Arsenio Aguayo,hnavarro@example.org,+34 951 092 216,35.0,Otro,España,Bilbao,Activo,2024-03-21,1.0,811.14,811.14,0.0,1.0,regex
1651,Pacífica Carmona,jgriego@example.org,192.743.1266,,,Chile,Temuco,Activo,2024-05-30,1.0,3417.19,3417.19,0.0,,regex
1652,Gabino Fortuny,pedrazajonas@example.com,+34 948 24 75 55,62.0,M,Perú,Lima,Suspendido,2024-08-14,3.0,13007.78,4335.926666666667,0.0,3.0,regex
1653,Tere Herranz,jbaez@example.com,00056870690,58.0,M,México,Puebla,Activo,2024-09-28,3.0,6361.5199999999995,2120.5066666666667,0.0,4.0,regex
1654,María Teresa Enríquez,pinolwilfredo@example.net,+34853539330,,M,Chile,Santiago,Activo,2024-03-04,1.0,778.03,778.03,0.0,5.0,regex
1655,Rodolfo Bonilla,mario07@example.net,1-218-302-4264,31.0,M,España,Sevilla,Inactivo,2025-08-09,2.0,512.11,256.055,0.0,,regex
1656,Soledad Carranza,lorenaaramburu@example.com,+34 820 548 805,43.0,F,España,Sevilla,Activo,2023-07-04,4.0,10999.56,2749.89,0.0,,regex
1657,Goyo Ornelas,espartapena@example.org,+34 705 754 370,34.0,Otro,Venezuela,Barcelona,Inactivo,2025-02-02,0.0,0.0,,0.0,,regex
1658,Carla Irizarry,csanchez@example.net.,+34 825 70 47 01,45.0,,Chile,La Serena,Activo,2024-05-18,3.0,2262.02,754.0066666666667,0.0,,regex
1659,Carmina Garay,rangeltomas@example.net,817-697-5059x173,62.0,,Chile,Valparaíso,Activo,2023-06-13,4.0,10166.61,2541.6525,0.0,,regex
1660,Baudelio Naranjo,pfajardo@example.net,+34 979936470,49.0,F,España,Barcelona,Activo,2025-07-11,2.0,2834.49,1417.245,1.0,4.0,regex
1661,Rogelio Lucio,israelvasquez@example.org,1-076-509-4620x785,,M,Colombia,Bogotá,Activo,2023-10-19,3.0,1047.2199999999998,349.07333333333327,0.0,5.0,regex
1662,Vinicio Cuesta,cazaressusana@example.net,118.680.1093,,Otro,Argentina,Rosario,Suspendido,2025-11-21,3.0,1568.5900000000001,522.8633333333333,1.0,2.5,regex
1663,Ofelia Solsona,ferrandizelias@example.com,(280)587-7770x14972,28.0,F,Argentina,Córdoba,Suspendido,2024-11-16,2.0,5266.450000000001,2633.2250000000004,0.0,,regex
1664,Cruz Ponce,manuel07@example.com,+34 920956919,40.0,,Chile,Santiago,Suspendido,2023-10-21,4.0,11256.41,2814.1025,1.0,5.0,regex
1665,Carla Pedrosa,rebecarico@example.com.,+34 926 007 516,59.0,Otro,México,Ciudad de México,Suspendido,2025-08-06,1.0,142.7,142.7,0.0,,regex
1666,Timoteo Esparza,urenacatalina@example.net,+34979 748 747,37.0,F,Argentina,Rosario,Activo,2025-03-06,4.0,5382.99,1345.7475,0.0,5.0,regex
1667,Sessa Urbina,omargollum@example.com,997.125.2019x3064,,,Perú,Trujillo,Suspendido,2025-04-11,2.0,1333.17,666.585,0.0,,regex
1668,Eustaquio Salas,riveradelfina@example.net.,+34874 53 03 13,,Otro,Chile,Concepción,Activo,2025-01-10,3.0,7482.35,2494.116666666667,0.0,,regex
1669,Miguel Ángel Tamez,opereira@example.org,1-262-029-4874,22.0,M,Venezuela,Maracaibo,Activo,2024-11-13,3.0,8750.47,2916.8233333333333,0.0,,regex
1670,Gilberto Quintana,marcia51@example.com,+34 848229317,24.0,Otro,México,Mérida,Activo,2024-11-20,1.0,1349.1,1349.1,0.0,,regex
1671,Abril Lluch,trinidad05@example.com,1-779-174-3124x34535,68.0,M,Venezuela,Valencia,Activo,2024-11-12,1.0,76.5,76.5,0.0,5.0,regex
1672,Bruno Saldaña,villagomezclaudia@example.com,+34806 948 036,75.0,F,México,Monterrey,Inactivo,2024-09-15,2.0,5844.26,2922.13,0.0,,regex
1673,Lorena Jerez,coronacabrera@example.com,1-088-550-6943x944,34.0,M,España,Sevilla,Activo,2023-07-16,1.0,222.39,222.39,0.0,4.0,regex
1674,Alcides Concepción,nhurtado@example.org,921-018-1889,66.0,F,España,Madrid,Suspendido,2025-03-10,2.0,2556.2799999999997,1278.1399999999999,0.0,5.0,regex
1675,Iker Higueras,nmayorga@example.net,111-570-3475x6016,,F,Argentina,Rosario,Inactivo,2025-11-18,3.0,809.69,269.8966666666667,0.0,5.0,regex
1676,Rodrigo Matas,gloria62@example.org,+34 841 354 692,,F,México,Tijuana,Activo,2025-05-07,3.0,2771.2,923.7333333333332,0.0,,regex
1677,Abigail Botello,yenilucero@example.org,609-547-0060x398,23.0,Otro,Venezuela,Maturín,Activo,2023-07-06,4.0,5356.23,1339.0575,2.0,3.0,regex
1678,Bianca Espinal,antoniohuerta@example.net,+34 850224175,75.0,M,Venezuela,Barcelona,Activo,2023-07-23,2.0,1849.1499999999999,924.5749999999999,0.0,,regex
1679,Vicenta Pulido,tafoyaisrael@example.com.,+34871336650,73.0,,Chile,Antofagasta,Activo,2024-11-28,4.0,6626.58,1656.645,1.0,3.0,regex
1680,Nando Maya,qcabeza@example.com,(290)524-9221x9114,30.0,M,Chile,Valparaíso,Suspendido,2025-01-25,0.0,0.0,,0.0,,regex
1681,Nadia Manrique,adrian13@example.net,1-699-391-4265x20120,40.0,Otro,Chile,Santiago,Suspendido,2024-09-15,1.0,1877.79,1877.79,1.0,5.0,regex
1682,Evaristo Velasco,marco-antonio98@example.net,594-818-2729x136,46.0,F,Venezuela,Maturín,Inactivo,2026-01-07,1.0,2245.04,2245.04,0.0,,regex
1683,Samuel Rico,timoteo91@example.com,+34845 180 113,,Otro,Chile,Concepción,Activo,2024-11-28,0.0,0.0,,0.0,,regex
1684,Isaac Palomar,eugeniolongoria@example.org,1-022-462-6713x20253,19.0,M,Chile,La Serena,Activo,2023-11-01,2.0,838.33,419.165,0.0,4.0,regex
1685,Marcos Samper,tanguiano@example.org,+34 987 76 67 40,63.0,F,Argentina,Tucumán,Activo,2024-10-25,3.0,5962.63,1987.5433333333333,1.0,2.0,regex
1686,Carlito Sanchez,guillermoavila@example.org.,+34 876051097,,Otro,México,Mérida,Suspendido,2024-03-16,1.0,1209.99,1209.99,0.0,4.0,regex
1687,Citlali Lebrón,solivares@example.org,893.927.6398x52381,57.0,M,Argentina,Tucumán,Suspendido,2025-09-28,2.0,5843.46,2921.73,0.0,,regex
1688,Vilma Espinosa,hroldan@example.org.,042.357.3189x95931,19.0,M,Argentina,Mendoza,Activo,2025-07-14,4.0,5549.0599999999995,1387.2649999999999,0.0,4.666666666666667,regex
1689,Ileana Feijoo,hugorobles@example.net,+34 925 070 775,31.0,Otro,España,Bilbao,Activo,2025-07-11,1.0,512.7,512.7,0.0,,regex
1690,Raúl Vélez,javierreyes@example.com,1-621-380-5951x94845,33.0,F,Perú,Cusco,Activo,2025-08-08,3.0,7756.29,2585.43,0.0,,regex
1691,Trinidad Verduzco,benito33@example.net,+34921 91 54 19,62.0,M,Chile,Antofagasta,Activo,2023-12-25,1.0,1382.89,1382.89,0.0,4.0,regex
1692,Blanca Amo,vmares@example.org,+34 953659050,65.0,Otro,Colombia,Cartagena,Activo,2023-07-21,5.0,3119.41,623.882,0.0,4.0,regex
1693,Anabel Chico,eloy67@example.net,+32(3)8128171899,35.0,,Colombia,Cali,Activo,2024-06-01,2.0,994.47,497.235,0.0,,regex
1694,Zeferino Maya,bejaranovanesa@example.org.,596.373.1149x33108,48.0,F,Argentina,Mendoza,Activo,2023-11-04,0.0,0.0,,0.0,,regex
1695,Baltasar Mesa,amadoreugenio@example.net,+34982 03 64 85,,Otro,Venezuela,Barcelona,Inactivo,2025-05-22,2.0,1566.25,783.125,0.0,4.0,regex
1696,Efraín Valle,carlos40@example.net,+34 972 02 84 61,67.0,F,España,Bilbao,Activo,2025-04-05,4.0,7898.1,1974.525,0.0,3.6666666666666665,regex
1697,Óscar Espinosa,lucenaclementina@example.net,+32(0)4347433442,75.0,Otro,Colombia,Barranquilla,Activo,2023-06-27,0.0,0.0,,0.0,,regex
1698,Andrés Almansa,eabreu@example.org.,03135557942,,Otro,México,Puebla,Activo,2025-07-08,1.0,3097.35,3097.35,0.0,,regex
1699,Isidora Guerra,irivera@example.net,+34 979 61 89 89,69.0,M,Chile,Valparaíso,Activo,2025-07-02,1.0,1466.17,1466.17,0.0,3.0,regex
1700,Mitzy Rolón,andrea38@example.com,(123)981-8939x72048,,F,España,Valencia,Activo,2024-01-12,2.0,16269.39,8134.695,0.0,,regex
1701,Jorge Luis Iriarte,monica68@example.org,341.880.7964x03157,36.0,,Perú,Lima,Suspendido,2024-11-19,2.0,1828.1699999999998,914.0849999999999,0.0,4.0,regex
1702,Victoria Morell,ccheca@example.com.,(933)927-1954,52.0,M,España,Sevilla,Inactivo,2026-03-09,1.0,3229.58,3229.58,0.0,3.0,regex
1703,Ascensión Peres,cintronana@example.net,153-784-2055x55354,41.0,Otro,Perú,Chiclayo,Activo,2026-03-02,1.0,178.92,178.92,0.0,,regex
1704,Vinicio Reséndez,trinidadcervantez@example.org,+34800 720 409,75.0,F,México,Monterrey,Activo,2024-11-02,2.0,430.51,215.255,0.0,,regex
1705,Edelmiro Marquez,quirozjosefina@example.net.,041)048-6671,,F,Colombia,Medellín,Activo,2026-03-28,0.0,0.0,,0.0,,regex
1706,María Luisa Macías,holguinramon@example.net,110.187.7033x257,31.0,M,Perú,Trujillo,Activo,2025-06-08,2.0,1282.77,641.385,0.0,,regex
1707,Esparta Silva,mariopenalver@example.net,997-490-3043x8177,25.0,M,Perú,Cusco,Inactivo,2024-02-21,1.0,649.56,649.56,1.0,3.0,regex
1708,Loreto Alonzo,cantuelisa@example.org,+34 983643231,55.0,F,Argentina,Rosario,Activo,2026-02-14,1.0,3363.74,3363.74,1.0,1.0,regex
1709,José Emilio Viana,abigailpedrero@example.net.,+34 977 003 437,35.0,Otro,España,Barcelona,Inactivo,2023-12-13,1.0,196.33,196.33,0.0,,regex
1710,Paulino Rodarte,menendezenrique@example.com,+34911231154,,M,México,Tijuana,Inactivo,2025-04-08,2.0,4333.79,2166.895,0.0,,regex
1711,Dora Cervantes,falberdi@example.org,+34945 930 052,19.0,Otro,Venezuela,Maracaibo,Activo,2023-08-01,6.0,19151.28,3191.8799999999997,1.0,4.0,regex
1712,Gabino Rodrigo,josefinafeliciano@example.net.,(256)116-1599x94426,31.0,M,Argentina,Córdoba,Activo,2024-12-16,4.0,7609.07,1902.2675,2.0,5.0,regex
1713,Ignacio Ródenas,karlatamayo@example.org,+81(4)9940232358,,,Venezuela,Valencia,Activo,2025-02-19,2.0,13478.380000000001,6739.1900000000005,1.0,2.0,regex
1714,Nayeli Fábregas,nancysisneros@example.org,+75(0)7819735442,,,Colombia,Medellín,Suspendido,2023-11-25,0.0,0.0,,0.0,,regex
1715,Miguel Rosas,gerardo96@example.com,+34744640060,,Otro,España,Valencia,Activo,2025-01-22,1.0,2422.02,2422.02,1.0,2.0,regex
1716,Rosario Treviño,yuridiareyna@example.com,1-779-385-4609,54.0,,Argentina,La Plata,Activo,2023-10-11,2.0,2001.73,1000.865,1.0,,regex
1717,Soraya Alva,jorge-luishernandes@example.com.,+34 960160993,69.0,Otro,Argentina,Rosario,Activo,2025-11-19,2.0,1814.5700000000002,907.2850000000001,0.0,3.0,regex
1718,Mayte Sacristán,xcerdan@example.net,+34 977 43 16 03,46.0,F,Venezuela,Maturín,Activo,2024-06-21,6.0,4048.58,674.7633333333333,0.0,4.0,regex
1719,Maribel Gurule,cristal78@example.net,361-794-9645,,F,Perú,Arequipa,Activo,2025-03-03,5.0,8724.220000000001,1744.8440000000003,0.0,3.5,regex
1720,Sofía Reyes,vidalferrando@example.net,+34 980 427 183,22.0,F,Chile,Concepción,Activo,2025-11-27,1.0,450.37,450.37,0.0,,regex
1721,Alberto Garcés,ecastello@example.com,+34974640404,29.0,,México,Guadalajara,Suspendido,2024-05-13,2.0,1954.18,977.09,0.0,5.0,regex
1722,Berta Cárdenas,nataliabetancourt@example.org,+34925022892,61.0,,España,Bilbao,Inactivo,2024-10-14,0.0,0.0,,0.0,,regex
1723,Teresa Villagómez,oliviacervantez@example.com.,742.393.5433,,F,México,Tijuana,Activo,2024-11-30,1.0,153.74,153.74,0.0,,regex
1724,Ema Véliz,ocanadimas@example.org,+34843 607 721,,M,Perú,Lima,Activo,2023-12-09,1.0,455.68,455.68,0.0,,regex
1725,Octavio Varela,esmeralda71@example.com.,310.520.8983x187,31.0,F,España,Barcelona,Suspendido,2023-06-13,2.0,4562.320000000001,2281.1600000000003,1.0,,regex
1726,Amelia Fuentes,osancho@example.org,+34 977341485,19.0,F,Argentina,Buenos Aires,Suspendido,2026-01-14,4.0,5047.280000000001,1261.8200000000002,0.0,5.0,regex
1727,Isaura Niño,sergioalfaro@example.org,+34976 220 871,,Otro,Argentina,La Plata,Activo,2026-03-10,2.0,1885.88,942.94,0.0,,regex
1728,Azahara Montenegro,deboramorales@example.net,+23(3)1599875175,27.0,Otro,España,Málaga,Activo,2025-09-22,0.0,0.0,,0.0,,regex
1729,Hector Ferrándiz,rourarosario@example.org,07502413007,67.0,Otro,Chile,Antofagasta,Suspendido,2024-11-02,1.0,11404.07,11404.07,0.0,,regex
1730,Noemí Meléndez,abigail95@example.net,+34901504972,31.0,,Perú,Cusco,Suspendido,2024-07-12,3.0,1518.24,506.08,0.0,,regex
1731,Zoé Cazares,monicaportillo@example.com,+34 988142043,32.0,Otro,España,Madrid,Suspendido,2025-08-26,0.0,0.0,,0.0,,regex
1732,Amalia Pacheco,torrenssarita@example.com.,(349)394-1667x40788,,F,Perú,Chiclayo,Suspendido,2025-01-17,1.0,282.63,282.63,0.0,1.0,regex
1733,Óscar Ramón,brisenoana@example.com,1-264-187-9397x895,,Otro,Colombia,Bogotá,Inactivo,2024-09-20,2.0,7491.18,3745.59,0.0,,regex
1734,Camilo Lopez,rosadomanu@example.com,(982)437-8047x04079,39.0,M,Argentina,La Plata,Activo,2024-07-10,0.0,0.0,,0.0,,regex
1735,Nidia Niño,magdalenavillalpando@example.org,+34876 273 571,,Otro,Perú,Chiclayo,Inactivo,2024-06-13,3.0,8025.870000000001,2675.2900000000004,0.0,4.0,regex
1736,Dulce María Cortes,amorescarmina@example.com.,(895)915-3242x56600,,F,España,Madrid,Suspendido,2025-12-25,0.0,0.0,,0.0,,regex
1737,Mitzy Ramón,americofrancisco@example.com.,+34880 65 32 98,67.0,F,Chile,Santiago,Suspendido,2024-08-28,2.0,2581.7,1290.85,1.0,,regex
1738,Sergio Quintana,barranz@example.org.,+34 981 461 433,,M,Argentina,Rosario,Inactivo,2023-06-14,2.0,4240.679999999999,2120.3399999999997,0.0,,regex
1739,Miguela Villareal,smendizabal@example.org,(716)387-6215x7740,28.0,,Colombia,Bogotá,Inactivo,2024-02-14,3.0,4375.53,1458.51,0.0,,regex
1740,Mónica Portillo,luis-angelvalera@example.com,+34885278531,73.0,M,España,Sevilla,Inactivo,2023-09-07,1.0,1307.03,1307.03,0.0,,regex
1741,Débora Franco,armandocruz@example.org,+34 876 99 82 15,73.0,Otro,México,Ciudad de México,Inactivo,2023-05-26,1.0,3639.95,3639.95,0.0,,regex
1742,Héctor Agudo,nayeli45@example.com,154.176.6045,43.0,Otro,Argentina,Tucumán,Suspendido,2025-02-01,1.0,803.3,803.3,0.0,,regex
1743,Samu Nevárez,ysalazar@example.net,576-664-7608x520,55.0,,Venezuela,Maturín,Suspendido,2025-11-27,3.0,805.3500000000001,268.45000000000005,0.0,4.0,regex
1744,Delia Márquez,dulce-maria17@example.com.,+34 888 998 878,44.0,Otro,Argentina,Mendoza,Inactivo,2025-02-19,0.0,0.0,,0.0,,regex
1745,Claudio Muro,claudia20@example.com,+34927069298,64.0,M,Perú,Lima,Suspendido,2025-09-15,2.0,3600.3900000000003,1800.1950000000002,0.0,,regex
1746,Filomena Leal,pintonereida@example.com.,+34 902 663 903,27.0,M,Chile,Valparaíso,Suspendido,2025-10-03,3.0,1946.99,648.9966666666667,0.0,,regex
1747,José Ángel Baquero,falcoclaudia@example.org,+34 721 11 84 06,29.0,Otro,Argentina,Rosario,Suspendido,2024-02-10,2.0,6849.33,3424.665,0.0,,regex
1748,Jacobo Maya,gregoriomoya@example.org,05143697457,54.0,,Argentina,Rosario,Suspendido,2024-04-22,4.0,12797.160000000002,3199.2900000000004,0.0,,regex
1749,Reina Valls,guardadoisaac@example.com,963)389-5864,66.0,,Colombia,Bucaramanga,Activo,2024-05-03,0.0,0.0,,0.0,,regex
1750,Amalia Cantero,gabinopineda@example.net,762-936-8426,38.0,M,Chile,Santiago,Activo,2023-12-06,1.0,4322.04,4322.04,0.0,4.0,regex
1751,Raúl Botella,fatimaurrutia@example.org,+34 912 03 87 21,32.0,M,Colombia,Cali,Activo,2023-09-24,1.0,2464.26,2464.26,1.0,2.0,regex
1752,Teodoro Armengol,juana24@example.net,(220)165-6633x935,66.0,M,Argentina,Buenos Aires,Activo,2024-12-03,2.0,610.99,305.495,0.0,,regex
1753,Elena Piñol,jose-angel81@example.com,+34 879 075 598,,M,Chile,Valparaíso,Activo,2023-07-21,3.0,5706.31,1902.1033333333335,1.0,3.0,regex
1754,Cristobal Cid,elias50@example.com,093.328.0999,,F,Chile,La Serena,Activo,2023-06-06,1.0,6737.02,6737.02,0.0,,regex
1755,Genaro Mate,amadorvilma@example.net,+34975 71 82 35,46.0,Otro,Colombia,Barranquilla,Activo,2026-03-04,1.0,1064.42,1064.42,0.0,,regex
1756,Maristela Roldán,wrubio@example.com,1-617-275-7355,63.0,Otro,Argentina,Buenos Aires,Activo,2024-10-05,2.0,4042.9000000000005,2021.4500000000003,1.0,4.0,regex
1757,Geraldo Palomo,mojicafernando@example.net,+34841942702,35.0,Otro,Venezuela,Valencia,Activo,2024-05-23,0.0,0.0,,0.0,,regex
1758,Hipólito Garibay,ruedafausto@example.com,247-733-9129,65.0,M,Venezuela,Maracaibo,Activo,2025-06-03,1.0,22089.11,22089.11,0.0,,regex
1759,Eusebio Montemayor,maxi71@example.com,+34 823 16 22 06,50.0,Otro,Perú,Lima,Activo,2025-02-24,3.0,1136.71,378.90333333333336,0.0,,regex
1760,Abraham Heredia,niglesias@example.com.,(432)969-1422,63.0,,Colombia,Medellín,Activo,2025-04-02,2.0,13195.64,6597.82,0.0,,regex
1761,Sonia Dalmau,psanches@example.com,+34974808785,58.0,M,España,Madrid,Activo,2023-09-04,2.0,533.86,266.93,0.0,,regex
1762,Godofredo Gamez,arranzdionisia@example.org,+34 949325867,34.0,F,Perú,Chiclayo,Activo,2026-01-04,1.0,2478.14,2478.14,0.0,,regex
1763,Karina Ureña,roquedaniel@example.net,1-034-463-3246x568,30.0,Otro,Argentina,Mendoza,Activo,2026-03-04,0.0,0.0,,0.0,,regex
1764,Nicanor Partida,dionisio75@example.com,+34911 851 769,,M,Venezuela,Caracas,Activo,2024-06-07,1.0,1190.13,1190.13,0.0,5.0,regex
1765,Ricardo Menchaca,arguellotimoteo@example.org,+34 972 52 29 64,20.0,,Perú,Cusco,Activo,2025-04-08,1.0,1886.26,1886.26,0.0,,regex
1766,Adán Espejo,cirino45@example.com,1-537-237-6604x1426,51.0,Otro,Argentina,La Plata,Activo,2023-12-31,5.0,8049.41,1609.882,0.0,4.5,regex
1767,Esperanza Arredondo,morenatorrecilla@example.org,+34 844 10 93 52,,F,Venezuela,Maturín,Inactivo,2026-01-13,3.0,8195.58,2731.86,2.0,3.5,regex
1768,Eloísa Delgado,britozacarias@example.net.,1-628-407-6953,36.0,M,Chile,La Serena,Activo,2025-05-02,2.0,11942.59,5971.295,0.0,,regex
1769,Modesto Reyna,riosanselma@example.org,666)694-8360,33.0,,Colombia,Bucaramanga,Inactivo,2023-12-27,3.0,1326.9199999999998,442.3066666666666,0.0,,regex
1770,Natalia Palacio,nico92@example.com,(972)669-2325,62.0,F,España,Madrid,Activo,2025-07-23,4.0,9461.32,2365.33,1.0,3.0,regex
1771,Amarilis Mateu,mariobaca@example.net,1-233-446-6610x514,56.0,F,Colombia,Bucaramanga,Activo,2023-08-14,1.0,9952.85,9952.85,0.0,2.0,regex
1772,Reyes de la Garza,rde-la-o@example.com,+39(5)1869561344,21.0,Otro,Venezuela,Maracaibo,Activo,2025-11-27,3.0,12234.75,4078.25,1.0,,ner
1773,Josefa Cadenas,carrionruperto@example.net,+34884769123,45.0,F,Venezuela,Barcelona,Activo,2026-04-03,0.0,0.0,,0.0,,regex
1774,Evangelina Bou,nereaamoros@example.org,1-185-200-2391,64.0,M,Argentina,Rosario,Activo,2023-10-24,2.0,3497.4700000000003,1748.7350000000001,0.0,5.0,regex
1775,Íngrid Herrera,angellovato@example.org.,+34822 270 231,,M,Colombia,Medellín,Suspendido,2024-10-22,3.0,2103.6,701.1999999999999,0.0,3.0,regex
1776,Perla España,guevaraberta@example.net,569.000.1917x653,56.0,Otro,Argentina,La Plata,Activo,2026-03-05,2.0,5060.11,2530.055,1.0,4.0,regex
1777,Olga Jimenez,xcarballo@example.org,(746)911-7087,23.0,Otro,España,Bilbao,Activo,2023-10-04,3.0,16221.75,5407.25,0.0,1.0,regex
1778,Berta Aparicio,arredondosofia@example.org,+34 873 49 12 32,22.0,Otro,Venezuela,Caracas,Activo,2024-06-30,3.0,1362.3700000000001,454.1233333333334,0.0,,regex
1779,Amador Zapata,juan-manuelbenitez@example.net,+34843527625,43.0,Otro,México,Tijuana,Activo,2025-04-28,1.0,136.18,136.18,0.0,,regex
1780,Soledad Borja,cabezaulises@example.com,428.326.7011x67811,31.0,Otro,Argentina,Buenos Aires,Activo,2026-04-26,3.0,1985.53,661.8433333333334,0.0,,regex
1781,Omar Cervántez,miguelbaez@example.com,+34982 642 673,66.0,Otro,España,Barcelona,Activo,2023-11-14,5.0,6349.84,1269.968,1.0,5.0,regex
1782,Encarnacion Botello,emilio04@example.net.,+34927 319 841,32.0,Otro,Argentina,Córdoba,Activo,2025-05-08,1.0,1912.61,1912.61,0.0,,regex
1783,Victorino Maya,angelica52@example.net,(770)378-4679x700,26.0,Otro,Perú,Cusco,Activo,2026-05-06,2.0,1434.35,717.175,0.0,,regex
1784,Laura Lozano,arcelia35@example.com.,+34 823 72 72 79,,Otro,España,Barcelona,Inactivo,2024-01-31,2.0,6028.67,3014.335,2.0,4.0,regex
1785,Carlota Amigó,eladioalba@example.com.,+34 824 21 34 06,65.0,Otro,México,Monterrey,Inactivo,2025-11-27,2.0,2037.23,1018.615,1.0,,regex
1786,Camilo Pascual,marcioarmengol@example.com,01747117064,65.0,M,Colombia,Cartagena,Activo,2026-03-05,1.0,16022.82,16022.82,0.0,2.0,regex
1787,Raquel Segovia,soniaburgos@example.org,+79(0)4481388190,48.0,F,Perú,Cusco,Activo,2023-08-28,0.0,0.0,,0.0,,regex
1788,Israel Sanabria,aquinones@example.org,496-017-0921,48.0,F,Chile,La Serena,Suspendido,2024-08-15,0.0,0.0,,0.0,,regex
1789,Antonio Robledo,soledadcorominas@example.net,+34645347827,41.0,Otro,Perú,Chiclayo,Activo,2025-04-30,0.0,0.0,,0.0,,regex
1790,Elias Barranco,oscarjasso@example.net,587.272.9933,46.0,F,Venezuela,Caracas,Inactivo,2025-06-16,0.0,0.0,,0.0,,regex
1791,Fernando Anguiano,mroda@example.net,484-427-3983x565,,M,Venezuela,Maracaibo,Suspendido,2025-06-27,6.0,11572.07,1928.6783333333333,0.0,4.0,regex
1792,Carolina Rendón,cristalrojas@example.org.,340.620.1663,43.0,Otro,España,Valencia,Inactivo,2024-03-02,3.0,6461.6900000000005,2153.896666666667,0.0,,regex
1793,Demetrio Cepeda,romulo34@example.net,636)288-6233,,F,Venezuela,Barquisimeto,Activo,2024-09-25,7.0,15128.11,2161.1585714285716,2.0,,regex
1794,Gerónimo Narváez,malaveemilia@example.com.,111-754-9449,,M,Chile,Concepción,Activo,2024-10-15,3.0,6980.82,2326.94,1.0,4.0,regex
1795,Daniela Martínez,reyes38@example.org,02911647924,,,Colombia,Cali,Activo,2024-03-21,6.0,9665.86,1610.9766666666667,1.0,2.5,regex
1796,Débora Quintana,iker99@example.net,915.300.7514,,F,Perú,Chiclayo,Activo,2026-04-20,2.0,2356.78,1178.39,1.0,,regex
1797,Nayara Lobo,eugenioarriaga@example.com,(245)310-8124x6437,46.0,M,México,Monterrey,Activo,2026-03-05,2.0,119.53,59.765,0.0,,regex
1798,Emiliano Belda,balcantar@example.com.,00696374912,58.0,Otro,Colombia,Medellín,Inactivo,2024-11-29,3.0,1139.99,379.99666666666667,0.0,,regex
1799,Rufino Polo,pinedaaraceli@example.com,05901125023,,F,Argentina,La Plata,Activo,2024-08-08,2.0,4842.4,2421.2,0.0,4.0,regex
1800,Virginia Ávila,jdalmau@example.net,321-208-6149,,,Perú,Trujillo,Suspendido,2025-11-28,2.0,1213.65,606.825,0.0,5.0,regex
1801,Juan Santiago,alonsobanuelos@example.net,+34887144246,48.0,F,Chile,Concepción,Activo,2025-04-13,0.0,0.0,,0.0,,regex
1802,Deseo,tbauza@example.com,859)947-5763,72.0,M,Perú,Arequipa,Activo,2025-06-18,4.0,4174.36,1043.59,1.0,5.0,ner
1803,Dorita Andrade,modesto79@example.com,+34943 760 741,48.0,,México,Monterrey,Activo,2024-06-18,3.0,2085.36,695.12,0.0,5.0,regex
1804,Elodia Tello,adalberto43@example.net,+34 879 56 02 85,47.0,F,España,Madrid,Activo,2025-03-19,3.0,1927.2,642.4,0.0,4.0,regex
1805,Luz Rius,marino76@example.org.,1-121-018-4262,53.0,,Argentina,Buenos Aires,Activo,2024-06-30,0.0,0.0,,0.0,,regex
1806,Bernardo Castrillo,rodolfo40@example.net,356.535.2437x7950,67.0,F,Argentina,Mendoza,Activo,2025-07-11,4.0,5887.43,1471.8575,0.0,4.0,regex
1807,Jos Reynoso,jiniesta@example.net,251.225.8467x90175,24.0,Otro,Chile,Concepción,Activo,2025-11-29,2.0,946.52,473.26,0.0,5.0,regex
1808,Rolando Llanos,cynthia39@example.com.,999-020-3854,,Otro,México,Mérida,Inactivo,2024-09-01,0.0,0.0,,0.0,,regex
1809,Charo Burgos,cazaresguillermina@example.org,1-575-385-1397x6352,73.0,Otro,Venezuela,Barquisimeto,Inactivo,2024-08-10,1.0,471.66,471.66,0.0,,regex
1810,Catalina de la Fuente,benigno85@example.org,+34944 33 46 11,69.0,Otro,México,Mérida,Activo,2024-12-07,2.0,1991.87,995.935,0.0,3.0,ner
1811,Vidal Vázquez,molmedo@example.org,+34982 041 917,,Otro,España,Bilbao,Inactivo,2025-10-08,1.0,965.87,965.87,0.0,,regex
1812,Amanda Francisco,vargasofelia@example.com,(184)366-0209,33.0,Otro,Venezuela,Valencia,Inactivo,2023-08-14,2.0,6385.66,3192.83,0.0,,regex
1813,Perla Cuadrado,hernandezsevero@example.com.,777.365.7645x545,71.0,,Argentina,Córdoba,Activo,2023-12-24,1.0,511.87,511.87,0.0,,regex
1814,Encarna Henríquez,maria-pilar11@example.org.,+34 942 939 553,63.0,M,Perú,Chiclayo,Inactivo,2025-10-28,6.0,5336.86,889.4766666666666,0.0,4.0,regex
1815,Gregorio Fabregat,panfilobecerra@example.com.,1-070-264-0626,53.0,F,Perú,Trujillo,Activo,2024-07-06,1.0,456.72,456.72,0.0,,regex
1816,Bernabé Castañeda,natividad76@example.org,+34948483427,31.0,Otro,Perú,Trujillo,Suspendido,2024-02-08,1.0,308.8,308.8,0.0,,regex
1817,Dalila Avilés,mateo25@example.org,+34846 35 89 37,41.0,M,México,Tijuana,Activo,2025-08-30,2.0,7428.04,3714.02,1.0,4.0,regex
1818,Reinaldo Lamas,paulina95@example.org,(599)194-5644x64523,37.0,F,España,Madrid,Activo,2023-06-13,4.0,18473.36,4618.34,1.0,4.0,regex
1819,Raimundo Mateo,ivalbuena@example.com,701-897-7950,18.0,Otro,Argentina,La Plata,Activo,2026-01-14,2.0,488.61,244.305,0.0,5.0,regex
1820,José Manuél Armas,jtrillo@example.net,+28(0)0417707346,,Otro,Colombia,Bucaramanga,Activo,2025-05-17,3.0,5082.01,1694.0033333333333,0.0,5.0,regex
1821,Severiano Giralt,saavedrarodrigo@example.net,+34823 64 57 52,73.0,Otro,Venezuela,Maracaibo,Inactivo,2024-05-23,1.0,229.07,229.07,0.0,,regex
1822,Liliana Casas,vsandoval@example.org,(066)881-5571x55661,,M,Perú,Arequipa,Inactivo,2024-08-07,0.0,0.0,,0.0,,regex
1823,Alvaro Rivero,aiglesia@example.net.,+34 924955161,19.0,Otro,España,Barcelona,Activo,2024-01-06,3.0,2074.66,691.5533333333333,0.0,5.0,regex
1824,Linda Exposito,victoria51@example.net,+34936961921,44.0,M,México,Puebla,Activo,2025-04-12,3.0,4879.110000000001,1626.3700000000001,1.0,3.0,regex
1825,Raquel Marrero,turibe@example.net,1-896-319-6305x2704,35.0,,Venezuela,Caracas,Suspendido,2024-07-09,1.0,5492.45,5492.45,0.0,,regex
1826,Geraldo Valladares,iibanez@example.org,+34832 746 901,75.0,Otro,Venezuela,Caracas,Activo,2024-07-11,1.0,5143.35,5143.35,1.0,3.0,regex
1827,Marisa Vallés,marthaalfaro@example.net,(536)062-2306x35673,41.0,Otro,Chile,Antofagasta,Activo,2024-10-29,2.0,2534.62,1267.31,0.0,4.0,regex
1828,Julio César,abreuhector@example.org,+34 876 273 032,,Otro,Colombia,Barranquilla,Activo,2025-08-28,2.0,1067.01,533.505,0.0,5.0,regex
1829,Leire Maestas,irmacavazos@example.net,+34 924611882,46.0,M,España,Barcelona,Activo,2026-04-03,2.0,811.98,405.99,0.0,5.0,regex
1830,Jacinta Verduzco,qchavez@example.org,1-111-281-7790,71.0,M,Perú,Lima,Activo,2025-04-08,4.0,4641.63,1160.4075,0.0,,regex
1831,Judith Girón,mauro28@example.org.,+34 847 659 845,71.0,Otro,Colombia,Bogotá,Activo,2023-12-07,1.0,14662.77,14662.77,0.0,,regex
1832,Santiago Duran,garzamitzy@example.com.,+34924 31 32 45,23.0,,México,Guadalajara,Activo,2025-11-22,3.0,7639.32,2546.44,0.0,3.0,regex
1833,Isaac Razo,asdrubal30@example.com.,780-712-6524x9489,47.0,M,Perú,Cusco,Activo,2024-11-09,1.0,1917.12,1917.12,0.0,,regex
1834,Nerea Vera,benaventnacio@example.org,1-777-649-1361,26.0,F,Perú,Chiclayo,Activo,2023-10-08,2.0,5725.77,2862.885,0.0,,regex
1835,Eloy Cardona,ramon02@example.net,(494)345-7766x1388,38.0,F,México,Tijuana,Activo,2024-05-21,2.0,1348.42,674.21,0.0,,regex
1836,Adriana Botella,leonor78@example.org,+34874 959 360,29.0,F,Argentina,Córdoba,Activo,2025-02-03,4.0,957.84,239.46,0.0,4.5,regex
1837,Asunción Segura,gpinol@example.net.,(360)878-0720x20338,41.0,F,Argentina,Tucumán,Suspendido,2026-03-10,2.0,5528.3,2764.15,0.0,,regex
1838,Aitor Ortiz,cgaray@example.org,+34 873 734 483,42.0,,España,Sevilla,Suspendido,2024-06-10,2.0,1688.0500000000002,844.0250000000001,0.0,,regex
1839,Abel Campos,santiago57@example.com,+34946 770 546,50.0,Otro,Argentina,Tucumán,Activo,2023-12-17,2.0,7776.589999999999,3888.2949999999996,0.0,3.0,regex
1840,Carlos Heredia,kike68@example.net.,305.886.8102,25.0,Otro,Argentina,Rosario,Activo,2024-08-15,4.0,15675.869999999999,3918.9674999999997,0.0,3.5,regex
1841,Carolina Jurado,apodacaramon@example.com,+34 902014615,60.0,Otro,Chile,Concepción,Activo,2025-08-30,2.0,3693.08,1846.54,0.0,,regex
1842,Apolinar Bejarano,sanmartinhugo@example.net,673-474-3693,28.0,F,Venezuela,Maturín,Inactivo,2025-01-07,3.0,5371.42,1790.4733333333334,0.0,,regex
1843,Bernardo Campo,esalinas@example.net.,+34 844 13 05 42,28.0,F,Argentina,Rosario,Suspendido,2025-04-27,4.0,15813.97,3953.4925,0.0,5.0,regex
1844,Plinio Calleja,ferrandizmarisol@example.com,094.294.1259,55.0,Otro,Chile,Temuco,Inactivo,2025-08-21,3.0,11318.52,3772.84,0.0,3.0,regex
1845,Jose Manuel Peralta,cposada@example.net,(895)134-0399,56.0,F,Perú,Lima,Inactivo,2025-01-02,1.0,1209.26,1209.26,0.0,,regex
1846,Gonzalo Esquivel,vicensharoldo@example.com,+34 847 93 97 02,24.0,F,Venezuela,Valencia,Inactivo,2025-08-12,2.0,11061.76,5530.88,0.0,5.0,regex
1847,Arcelia Acuña,monterohoracio@example.net.,+34921 133 117,,,Chile,Concepción,Activo,2023-07-11,0.0,0.0,,0.0,,regex
1848,Marisol Regalado,villasenorcelia@example.net,+34743028757,26.0,Otro,Chile,La Serena,Activo,2023-06-16,4.0,16177.150000000001,4044.2875000000004,0.0,3.0,regex
1849,Jordán Gallart,ochoamarcela@example.com,09249726557,37.0,M,España,Madrid,Activo,2023-12-04,3.0,6709.65,2236.5499999999997,0.0,,regex
1850,Guillermina Romero,barbara45@example.org.,257.448.8252,30.0,M,Perú,Iquitos,Activo,2025-04-27,2.0,3337.09,1668.545,0.0,4.5,regex
1851,Laura Viñas,candelariabruno@example.com.,338.515.7646,23.0,Otro,México,Mérida,Activo,2025-05-04,3.0,4374.96,1458.32,0.0,,regex
1852,Emelina Varela,godoyjuan-antonio@example.com,1-027-586-0345x63338,28.0,,España,Madrid,Activo,2024-02-02,3.0,2352.75,784.25,1.0,,regex
1853,Citlali Mayorga,mojicaaraceli@example.com,782.638.8032x42716,42.0,F,Colombia,Cali,Activo,2025-05-08,1.0,221.21,221.21,0.0,,regex
1854,Cynthia Venegas,mauricio62@example.org,+38(5)4787268193,26.0,F,España,Valencia,Activo,2025-09-29,2.0,5658.89,2829.445,0.0,4.5,regex
1855,Gastón Bustamante,emiliovicens@example.net,+34943 25 39 41,64.0,F,Venezuela,Valencia,Suspendido,2024-03-06,1.0,345.05,345.05,0.0,,regex
1856,Germán Córdoba,arturoibarra@example.org,+34878 563 032,55.0,M,Perú,Iquitos,Activo,2024-08-25,1.0,354.46,354.46,0.0,,regex
1857,Nacho Aguirre,wvenegas@example.net,716.896.2132,,F,México,Mérida,Activo,2023-07-15,1.0,9901.88,9901.88,0.0,,regex
1858,Débora Terán,oloya@example.org,1-608-823-0925x872,22.0,Otro,Venezuela,Barquisimeto,Activo,2024-07-16,4.0,2777.1,694.275,0.0,2.0,regex
1859,Rubén Bermejo,federicoaleman@example.net.,017-262-8033,23.0,F,Argentina,Buenos Aires,Inactivo,2024-11-26,2.0,2537.12,1268.56,1.0,3.0,regex
1860,Yeni Lerma,rossellonoemi@example.org.,303-101-6636x62284,70.0,F,Colombia,Bucaramanga,Activo,2025-11-13,3.0,12278.85,4092.9500000000003,0.0,5.0,regex
1861,Antonia Acevedo,jochoa@example.org.,01084861066,40.0,Otro,Colombia,Cartagena,Activo,2025-07-29,3.0,5608.92,1869.64,0.0,4.0,regex
1862,Gervasio Aguayo,bvillareal@example.net,+34 971 49 53 89,26.0,,México,Monterrey,Suspendido,2026-01-31,2.0,4917.7300000000005,2458.8650000000002,0.0,5.0,regex
1863,Cecilia Ledesma,ricoroque@example.net,(845)732-1650x2423,,M,Perú,Lima,Activo,2024-05-24,2.0,1272.3,636.15,0.0,,regex
1864,Adela Bermúdez,simomaristela@example.org,+23(0)5066714853,50.0,F,Venezuela,Caracas,Inactivo,2025-04-30,0.0,0.0,,0.0,,regex
1865,Angelina Iñiguez,jonas41@example.org,+34888 92 20 28,66.0,,Colombia,Cartagena,Activo,2024-06-04,2.0,2773.31,1386.655,0.0,5.0,regex
1866,Asdrubal Chávez,jpoza@example.org,+34846 69 62 50,30.0,Otro,Chile,La Serena,Suspendido,2025-08-20,1.0,10264.25,10264.25,0.0,,regex
1867,Esperanza Lopez,susanamarquez@example.org.,+34 881 250 274,25.0,,Argentina,Buenos Aires,Inactivo,2025-10-19,2.0,1850.06,925.03,0.0,,regex
1868,Chelo Vega,amanda37@example.net,439.994.2858,61.0,F,Colombia,Barranquilla,Activo,2023-12-06,1.0,627.04,627.04,1.0,5.0,regex
1869,Azeneth Hernández,cayetana63@example.org,+34983 50 50 48,46.0,,Colombia,Barranquilla,Activo,2025-05-04,4.0,15823.75,3955.9375,0.0,3.0,regex
1870,Rocío Miró,vivianagalvan@example.com,(109)074-4479,65.0,,España,Sevilla,Activo,2025-01-22,2.0,10153.18,5076.59,0.0,,regex
1871,Adriana Tormo,anguianoelvira@example.net,688.486.5737,,F,México,Mérida,Activo,2025-09-12,3.0,1297.6100000000001,432.5366666666667,0.0,4.0,regex
1872,Leticia Adame,estefaniaorta@example.com,+34888 74 12 08,70.0,Otro,Venezuela,Maracaibo,Suspendido,2024-12-26,1.0,356.73,356.73,1.0,1.0,regex
1873,Tristán Vallejo,priscila28@example.net,+43(9)3516026957,56.0,,España,Sevilla,Activo,2024-06-23,4.0,13074.55,3268.6375,0.0,,regex
1874,Lourdes Valdivia,griseldacabeza@example.com,+34 945781752,29.0,Otro,Colombia,Cali,Activo,2025-11-10,1.0,1526.89,1526.89,0.0,5.0,regex
1875,Jose Ramón Guerrero,kjasso@example.net.,+34876 039 539,54.0,F,España,Barcelona,Activo,2023-10-06,3.0,891.5,297.1666666666667,0.0,,regex
1876,Alma Escobedo,sguzman@example.net.,+34824 14 99 74,41.0,,Perú,Cusco,Inactivo,2026-04-17,1.0,729.45,729.45,0.0,,regex
1877,Minerva Sancho,lealrolando@example.net,+34 948781945,20.0,Otro,Chile,Valparaíso,Inactivo,2026-04-15,2.0,2207.2,1103.6,0.0,,regex
1878,René Raya,xburgos@example.org,+34881057368,35.0,,Perú,Trujillo,Inactivo,2026-02-15,5.0,10325.02,2065.004,1.0,4.0,regex
1879,Lázaro Valdés,nledesma@example.org,1-218-877-1699x16587,56.0,,Argentina,La Plata,Activo,2024-01-19,0.0,0.0,,0.0,,regex
1880,Mario Carrera,brigida57@example.net,1-126-572-8182x912,,Otro,Argentina,Mendoza,Activo,2025-08-18,1.0,158.31,158.31,0.0,,regex
1881,Violeta Jordá,oamigo@example.net,05855373043,,,Colombia,Barranquilla,Suspendido,2026-01-20,2.0,733.45,366.725,0.0,,regex
1882,Duilio Negrete,falonzo@example.org,448.144.0004x0756,27.0,,Argentina,Buenos Aires,Inactivo,2023-10-21,2.0,11837.06,5918.53,0.0,5.0,regex
1883,Aurelio Marrero,ktorre@example.net,228-854-2734x4979,20.0,Otro,Argentina,Rosario,Suspendido,2026-01-17,3.0,2495.5299999999997,831.8433333333332,0.0,4.0,regex
1884,Camila Esquivel,rmedina@example.com.,783-710-5392,,,Perú,Arequipa,Activo,2024-09-25,2.0,6652.59,3326.295,0.0,5.0,regex
1885,Eloisa Acevedo,omancebo@example.net,+34882 02 56 00,47.0,M,Colombia,Bogotá,Activo,2023-09-20,3.0,9663.28,3221.0933333333337,0.0,4.0,regex
1886,Sebastian Saldaña,concepcion70@example.com,+34846 797 176,44.0,M,Chile,Concepción,Activo,2025-07-31,0.0,0.0,,0.0,,regex
1887,Abril Lucero,kcriado@example.net,+34 900388176,42.0,Otro,Chile,Valparaíso,Activo,2024-07-19,0.0,0.0,,0.0,,regex
1888,Regina Aragón,mateo31@example.com,+34 820 58 46 47,29.0,M,Chile,Antofagasta,Inactivo,2024-05-12,0.0,0.0,,0.0,,regex
1889,Paola Olivo,ursulaarmendariz@example.net.,+34 969 06 15 50,35.0,,Colombia,Medellín,Activo,2024-07-14,0.0,0.0,,0.0,,regex
1890,Jordán Anguiano,aureliocervantez@example.org,+34956766540,38.0,Otro,Venezuela,Barcelona,Suspendido,2024-01-22,1.0,610.83,610.83,0.0,4.0,regex
1891,Leopoldo Carbonell,estela53@example.net,+34 981 61 78 05,36.0,F,Colombia,Bucaramanga,Activo,2024-01-28,1.0,356.95,356.95,0.0,,regex
1892,Nazaret Garrido,godoyreyes@example.com,(555)261-5107,36.0,M,México,Guadalajara,Suspendido,2026-05-03,3.0,967.38,322.46,0.0,4.5,regex
1893,Wendolin Salinas,faustino95@example.org.,(744)123-5998x9625,59.0,M,Venezuela,Valencia,Activo,2025-02-22,2.0,920.6899999999999,460.34499999999997,0.0,5.0,regex
1894,Fernando Prado,pinolflora@example.org,(515)179-7519x37849,,Otro,México,Tijuana,Activo,2024-01-04,0.0,0.0,,0.0,,regex
1895,Wálter Lastra,olga01@example.net,(213)461-6461x526,44.0,,Chile,Valparaíso,Activo,2024-02-07,2.0,300.49,150.245,0.0,,regex
1896,Edu Rascón,abrilcustodio@example.com,+34848 971 988,,,Colombia,Cartagena,Activo,2023-06-27,0.0,0.0,,0.0,,regex
1897,Fernando Madrid,terequerol@example.net.,+34 979930080,72.0,M,Chile,Antofagasta,Inactivo,2024-11-25,3.0,5759.0,1919.6666666666667,0.0,,regex
1898,Narciso Carrillo,espinozaesmeralda@example.com,+34 924 081 056,36.0,,Argentina,Rosario,Activo,2024-05-19,1.0,2476.63,2476.63,0.0,,regex
1899,Rosa Espinosa,brunocabanillas@example.com,1-460-212-4676x4281,,M,Chile,Antofagasta,Inactivo,2025-06-22,1.0,2156.35,2156.35,0.0,4.0,regex
1900,Raúl Puente,sebastianolimpia@example.com.,1-591-260-9203x3146,73.0,,Venezuela,Maracaibo,Activo,2024-08-10,2.0,4048.7400000000002,2024.3700000000001,1.0,,regex
1901,Miguel Ángel Rivas,mitzy81@example.org,+34887995043,48.0,F,Venezuela,Caracas,Activo,2024-03-24,1.0,27.14,27.14,0.0,,regex
1902,Rómulo Mora,ucobos@example.net,1-223-072-4876,52.0,M,Argentina,Córdoba,Suspendido,2023-08-22,1.0,159.2,159.2,0.0,,regex
1903,Severiano Gelabert,minerva45@example.net,08058393408,21.0,F,Colombia,Medellín,Inactivo,2024-06-18,0.0,0.0,,0.0,,regex
1904,Claudia Serrato,villalpandodebora@example.org.,656.932.5962x7622,41.0,F,Perú,Arequipa,Suspendido,2024-08-07,4.0,2834.13,708.5325,0.0,4.0,regex
1905,Celestino Soriano,florenciacasillas@example.net,+34924578022,72.0,F,España,Sevilla,Suspendido,2023-08-15,2.0,141.03,70.515,0.0,5.0,regex
1906,Miriam Amor,ramonlucio@example.com,+34842694473,28.0,F,España,Málaga,Inactivo,2025-05-10,0.0,0.0,,0.0,,regex
1907,Barbara Gurule,gayagilberto@example.org,+34 986667906,31.0,,Venezuela,Barcelona,Activo,2025-04-11,2.0,2373.9500000000003,1186.9750000000001,0.0,3.5,regex
1908,Mariano Chacón,bernadgisela@example.org.,+83(8)4378260187,66.0,F,Colombia,Bucaramanga,Activo,2025-06-28,1.0,79.35,79.35,0.0,,regex
1909,Trinidad Fabra,ceciliamelendez@example.org,+34 842 242 577,,F,Perú,Iquitos,Suspendido,2025-08-31,1.0,3821.58,3821.58,0.0,5.0,regex
1910,María Eugenia Nájera,amanda21@example.net,(114)846-0363,32.0,,Argentina,Mendoza,Suspendido,2025-02-07,2.0,9691.81,4845.905,0.0,4.0,regex
1911,Oswaldo Torres,adrianalira@example.com,1-983-589-4770x69392,58.0,,México,Tijuana,Inactivo,2024-01-30,1.0,2836.92,2836.92,0.0,,regex
1912,Eutimio Marín,pereawendolin@example.net,1-467-781-8986x3613,26.0,,Venezuela,Barquisimeto,Suspendido,2025-03-18,1.0,14436.82,14436.82,1.0,1.0,regex
1913,Teodoro Vigil,cardonaleticia@example.net.,723.501.9473,72.0,M,México,Ciudad de México,Suspendido,2025-05-19,2.0,2735.4,1367.7,0.0,,regex
1914,Jesús Valladares,fvargas@example.net.,220)081-0014,65.0,,Perú,Trujillo,Inactivo,2024-07-17,4.0,2968.54,742.135,0.0,5.0,regex
1915,Arturo Sáenz,bianca49@example.org,1-108-004-5872x422,42.0,F,Chile,Valparaíso,Activo,2025-12-06,2.0,7495.1,3747.55,0.0,1.0,regex
1916,Rolando Piña,silvanoluevano@example.net,+34803 517 197,48.0,F,Colombia,Bucaramanga,Activo,2025-08-02,0.0,0.0,,0.0,,regex
1917,Geraldo Jaén,nacioguerra@example.com,777.734.2658,32.0,,Argentina,Córdoba,Activo,2024-04-28,2.0,2363.64,1181.82,0.0,,regex
1918,Graciela Agullo,fzamudio@example.com,+34 976712806,49.0,F,México,Guadalajara,Suspendido,2026-03-06,1.0,1281.46,1281.46,0.0,,regex
1919,Alicia Orta,wzayas@example.com,217.124.3566x830,72.0,Otro,España,Madrid,Activo,2023-10-26,0.0,0.0,,0.0,,regex
1920,Roldán Colón,oscar76@example.com,+34920 078 107,,,Colombia,Medellín,Suspendido,2024-12-03,2.0,1563.53,781.765,0.0,,regex
1921,Fortunata Riojas,linda12@example.net,04993631962,69.0,M,Chile,Concepción,Inactivo,2024-05-10,0.0,0.0,,0.0,,regex
1922,Florencia Arenas,zedilloivan@example.com,1-006-362-1051,29.0,Otro,Venezuela,Maturín,Activo,2024-02-18,2.0,1757.3500000000001,878.6750000000001,0.0,,regex
1923,Nayeli Baca,bustamanteemilia@example.net,1-739-652-7295,53.0,F,Chile,Santiago,Activo,2024-09-04,3.0,12696.21,4232.07,0.0,,regex
1924,Anel Muro,rojoaugusto@example.org.,915.482.7002x9331,21.0,M,Chile,Santiago,Activo,2026-04-19,1.0,420.77,420.77,0.0,5.0,regex
1925,Nancy Sotelo,kalmonte@example.org,+34 968 841 577,38.0,Otro,Chile,Antofagasta,Activo,2025-06-08,4.0,10185.9,2546.475,0.0,,regex
1926,Begoña de León,villanuevajesus@example.com,+34976655892,,Otro,Colombia,Barranquilla,Suspendido,2024-01-07,3.0,1964.3000000000002,654.7666666666668,0.0,,ner
1927,Jos Moraleda,quesadaeloisa@example.org,+34 845829335,73.0,M,Chile,La Serena,Inactivo,2024-12-26,3.0,1342.7,447.56666666666666,1.0,2.5,regex
1928,Olivia Cano,jeronimozamora@example.net,(726)847-4645,69.0,Otro,México,Puebla,Suspendido,2023-06-17,3.0,6526.160000000001,2175.3866666666668,1.0,4.5,regex
1929,Teófila Calderon,osunalucila@example.net,+34985808756,,F,España,Sevilla,Suspendido,2025-10-24,2.0,1225.6,612.8,0.0,,regex
1930,Aldonza Torres,monterobenita@example.org.,+34 688679744,36.0,Otro,Colombia,Bucaramanga,Activo,2024-08-30,5.0,4795.219999999999,959.0439999999999,0.0,4.0,regex
1931,Victoriano Ocampo,ymarques@example.com,+34 876 34 77 49,50.0,F,Perú,Lima,Inactivo,2026-04-12,2.0,2296.1099999999997,1148.0549999999998,0.0,,regex
1932,Alexandra Costa,nadiacarrero@example.net,+34924 02 37 43,48.0,,Argentina,Rosario,Activo,2024-02-03,0.0,0.0,,0.0,,regex
1933,Amador de Anda,adan50@example.com,609-796-2914,39.0,Otro,Venezuela,Valencia,Suspendido,2026-03-16,2.0,850.53,425.265,0.0,5.0,ner
1934,María del Carmen Redondo,vazquezoscar@example.net.,1-198-174-7366x5397,66.0,M,México,Tijuana,Activo,2024-12-05,2.0,1115.68,557.84,0.0,3.5,ner
1935,Natividad Nájera,guevarabruno@example.net,496-163-9525,24.0,Otro,Chile,Antofagasta,Activo,2024-02-10,1.0,3448.1,3448.1,0.0,,regex
1936,Maximiliano Granado,arceliacollado@example.org.,775-619-1898x7557,61.0,,México,Ciudad de México,Activo,2023-09-27,0.0,0.0,,0.0,,regex
1937,Odalys Andrade,dolores05@example.com,173.658.5405x91934,28.0,F,Chile,La Serena,Suspendido,2026-02-18,2.0,4584.07,2292.035,0.0,,regex
1938,Lucas Soria,godofredoguillen@example.org.,+34 946 53 35 35,68.0,F,Perú,Arequipa,Activo,2024-04-18,2.0,10690.9,5345.45,0.0,,regex
1939,Concepción Cortez,quintanillayesica@example.org,(757)882-7376x3097,41.0,,Venezuela,Valencia,Activo,2024-01-06,2.0,3306.41,1653.205,0.0,,regex
1940,Rufina Olmos,varelamodesto@example.net.,550-044-5072x9629,37.0,F,Argentina,Córdoba,Suspendido,2025-06-01,1.0,365.47,365.47,0.0,,regex
1941,Úrsula Godoy,sandaliopages@example.org,254-630-5941x5671,40.0,Otro,España,Málaga,Activo,2024-09-24,3.0,1761.99,587.33,1.0,3.0,regex
1942,Emilia de Anda,perla19@example.net.,088)407-5538,19.0,Otro,Venezuela,Barcelona,Activo,2023-10-13,4.0,3527.17,881.7925,0.0,,ner
1943,Sabina Aponte,montesarmando@example.org.,+34946967212,45.0,F,España,Sevilla,Activo,2024-04-23,2.0,6538.62,3269.31,1.0,1.0,regex
1944,Carolina Amaya,vvinas@example.org,1-821-492-4137x1730,46.0,,Chile,Concepción,Activo,2025-06-03,1.0,656.07,656.07,0.0,,regex
1945,Patricia Tamez,rayacelia@example.com,+34949 816 723,55.0,F,Colombia,Cali,Activo,2024-08-19,2.0,538.89,269.445,0.0,5.0,regex
1946,Amalia Roldán,jeronimo95@example.com,+34921410577,63.0,F,Colombia,Cartagena,Activo,2024-06-01,4.0,9804.349999999999,2451.0874999999996,0.0,5.0,regex
1947,Lázaro Escamilla,alvarezsoledad@example.net,1-872-357-8457,58.0,F,España,Barcelona,Activo,2023-06-30,2.0,4403.35,2201.675,0.0,3.0,regex
1948,Ezequiel Carrera,che50@example.com,1-316-608-1611x5566,74.0,,Colombia,Bucaramanga,Activo,2024-01-19,0.0,0.0,,0.0,,regex
1949,Adriana Quintana,ariasalma@example.com,(408)922-7069x9064,,M,Chile,La Serena,Suspendido,2025-03-24,2.0,8414.0,4207.0,0.0,,regex
1950,Marco Antonio Santillán,modestaprada@example.org,+34945 47 22 45,34.0,Otro,Chile,Concepción,Suspendido,2025-09-02,4.0,13638.21,3409.5525,0.0,4.5,regex
1951,Amada Zamora,pacobaron@example.com,+34 883 49 66 39,26.0,M,Perú,Cusco,Activo,2025-09-01,1.0,277.67,277.67,0.0,,regex
1952,Juan Bautista Galarza,judith88@example.net,251.409.6170,65.0,M,Argentina,Tucumán,Activo,2023-12-27,0.0,0.0,,0.0,,regex
1953,Adela Puig,garicaaida@example.org,912-815-0164x546,61.0,Otro,Argentina,Córdoba,Activo,2026-05-05,3.0,3476.06,1158.6866666666667,0.0,,regex
1954,Marcela Cantón,isidoro61@example.org,987-622-9579x474,44.0,F,España,Málaga,Inactivo,2023-06-20,1.0,1591.24,1591.24,0.0,3.0,regex
1955,Evangelina Casares,urielgaray@example.org,160.426.1447x165,71.0,Otro,Venezuela,Maturín,Activo,2025-11-25,2.0,767.07,383.535,0.0,,regex
1956,Bernardo Escalante,gloria58@example.net,+34947945419,19.0,Otro,Chile,Temuco,Inactivo,2025-11-11,0.0,0.0,,0.0,,regex
1957,Porfirio Izquierdo,bcervantez@example.net,+34871739652,68.0,Otro,Chile,Concepción,Inactivo,2026-01-20,4.0,2365.75,591.4375,0.0,3.0,regex
1958,Yuridia Acevedo,victoria14@example.com,026-135-3425,54.0,M,Perú,Iquitos,Suspendido,2024-05-19,0.0,0.0,,0.0,,regex
1959,Cecilia Clemente,augustofranco@example.net,05510954252,69.0,,Chile,Valparaíso,Activo,2024-05-16,2.0,1717.69,858.845,0.0,3.0,regex
1960,Karla Vicens,adanquinones@example.org,02633402937,67.0,Otro,Venezuela,Barquisimeto,Inactivo,2025-07-22,0.0,0.0,,0.0,,regex
1961,Evaristo Rodrígez,phuertas@example.org,776-746-9588,74.0,,Colombia,Bogotá,Activo,2025-02-05,2.0,4268.3099999999995,2134.1549999999997,0.0,,regex
1962,Judith Reyna,renelongoria@example.com,+34 821 36 75 72,47.0,Otro,Chile,Valparaíso,Inactivo,2024-08-01,2.0,756.55,378.275,0.0,,regex
1963,Salma Murillo,crocamora@example.net,+34860 31 61 31,36.0,M,Colombia,Bucaramanga,Suspendido,2024-09-15,1.0,1645.94,1645.94,0.0,4.0,regex
1964,Néstor Mate,casandragiralt@example.org,+34 826 51 80 16,,,España,Valencia,Inactivo,2024-03-12,1.0,75.23,75.23,0.0,,regex
1965,Fausto Roda,carrerassalome@example.net,+34 981 89 53 11,59.0,Otro,Chile,Santiago,Activo,2024-03-08,5.0,18154.11,3630.822,0.0,4.0,regex
1966,Chus Tovar,amada34@example.org.,1-106-608-6236,75.0,Otro,Chile,Santiago,Suspendido,2026-03-17,2.0,5056.74,2528.37,0.0,,regex
1967,Úrsula Clemente,ourias@example.net,+34844518261,52.0,Otro,España,Barcelona,Activo,2024-05-14,1.0,757.69,757.69,0.0,,regex
1968,Carmen Barrena,bernalirene@example.com,062-981-0997x52686,22.0,F,Chile,Temuco,Activo,2026-02-26,1.0,5084.57,5084.57,1.0,,regex
1969,Bibiana Riquelme,hcespedes@example.com,+34971 373 087,30.0,F,Perú,Trujillo,Activo,2026-02-16,2.0,1528.77,764.385,0.0,5.0,regex
1970,Cristina Ferrero,amancioazorin@example.com,(607)024-7485,19.0,,Venezuela,Maturín,Inactivo,2025-03-24,2.0,2919.36,1459.68,2.0,5.0,regex
1971,Bernardino Diéguez,oscarcarvajal@example.com.,+34 846 932 297,46.0,F,España,Bilbao,Activo,2026-04-01,4.0,6367.0,1591.75,1.0,2.0,regex
1972,Francisco Caparrós,paulinalucero@example.com.,(318)864-5947,29.0,Otro,España,Málaga,Suspendido,2023-07-12,2.0,147.75,73.875,0.0,4.0,regex
1973,Maite Porras,mreig@example.net,+34977 555 045,49.0,,México,Ciudad de México,Suspendido,2024-12-22,4.0,4206.24,1051.56,0.0,5.0,regex
1974,Alfonso Valero,verdugoana@example.net.,+34828721135,,F,Venezuela,Barquisimeto,Activo,2024-03-15,3.0,5555.52,1851.8400000000001,0.0,,regex
1975,Jordi Perera,bjaime@example.org,+34 823460193,40.0,F,Colombia,Cartagena,Activo,2024-05-03,2.0,369.88,184.94,1.0,1.0,regex
1976,Reina de la Crúz,rballester@example.net,+34 822642663,37.0,M,Colombia,Medellín,Activo,2023-09-16,4.0,13260.34,3315.085,1.0,3.0,ner
1977,Luís Costa,aguilerabernardo@example.com,+34972 199 457,,F,Perú,Arequipa,Activo,2023-06-30,0.0,0.0,,0.0,,regex
1978,Elisabet Anaya,adanprudencia@example.com,1-352-635-9517x635,,M,España,Málaga,Activo,2024-02-24,0.0,0.0,,0.0,,regex
1979,Florinda Conesa,gtejero@example.org,(560)249-2357x774,60.0,,Venezuela,Caracas,Activo,2025-05-08,4.0,8418.92,2104.73,0.0,,regex
1980,Quirino Briones,elisa22@example.net.,(997)526-1587x89891,65.0,Otro,Chile,Valparaíso,Activo,2025-10-20,4.0,2470.99,617.7475,0.0,4.0,regex
1981,Conrado Caraballo,cabanangel@example.com,+34883 12 48 45,43.0,Otro,México,Guadalajara,Activo,2026-04-03,4.0,6332.139999999999,1583.0349999999999,1.0,,regex
1982,Esteban Frías,rodrigezgabino@example.org,+34946 69 54 50,38.0,,Argentina,Mendoza,Activo,2024-10-13,2.0,275.27,137.635,0.0,,regex
1983,Gregorio Aguilar,urenasamuel@example.org,+61(3)0112738318,52.0,F,Colombia,Cartagena,Suspendido,2024-09-20,3.0,5152.6,1717.5333333333335,1.0,1.0,regex
1984,Jose Ignacio Rodrígez,luisa40@example.org,+34815 42 60 78,75.0,M,España,Madrid,Activo,2025-11-29,1.0,1135.12,1135.12,0.0,,regex
1985,Donato Lemus,maria-belen24@example.net,+34834 75 46 62,72.0,,Colombia,Bucaramanga,Inactivo,2026-01-31,3.0,1123.45,374.48333333333335,0.0,5.0,regex
1986,Edmundo Barrios,carmen11@example.com,038-951-5923x466,,,Argentina,Córdoba,Activo,2023-10-18,2.0,642.26,321.13,0.0,4.0,regex
1987,Gonzalo Hinojosa,eugeniacalvillo@example.com,1-506-054-1137x1346,48.0,F,Perú,Cusco,Suspendido,2025-04-03,5.0,5042.28,1008.4559999999999,2.0,2.0,regex
1988,Anabel Tomás,maria-cristina60@example.org,+34 714 15 44 74,,Otro,Venezuela,Maturín,Activo,2024-01-29,4.0,12237.62,3059.405,1.0,,regex
1989,Esparta Rodarte,ctejedor@example.org,525-317-5040x9370,32.0,,España,Bilbao,Activo,2026-02-03,2.0,297.0,148.5,0.0,4.0,regex
1990,Aura Otero,trinidad09@example.com.,+34725 509 579,55.0,Otro,Colombia,Cali,Suspendido,2024-11-11,2.0,7676.16,3838.08,0.0,4.0,regex
1991,Marisela Portero,osorioemiliano@example.net,+34 888 161 195,60.0,,Colombia,Barranquilla,Suspendido,2023-06-18,2.0,1326.68,663.34,0.0,4.0,regex
1992,Diana Serna,pradaani@example.org.,+34832 17 95 92,29.0,M,Venezuela,Valencia,Activo,2025-09-10,0.0,0.0,,0.0,,regex
1993,Hugo Bertrán,rosario77@example.org,+38(5)6162714134,54.0,F,Argentina,Mendoza,Inactivo,2024-11-05,3.0,2286.77,762.2566666666667,0.0,,regex
1994,Elena Fortuny,sgonzales@example.com,(142)094-2079,,Otro,México,Mérida,Inactivo,2026-01-17,1.0,3263.52,3263.52,0.0,,regex
1995,Bruno Sauceda,loeraclaudio@example.com.,+34 922925309,46.0,M,Argentina,Rosario,Activo,2024-06-07,1.0,636.3,636.3,0.0,4.0,regex
1996,Miguel Ángel Prats,minervagaitan@example.com.,1-238-161-2921x351,39.0,F,México,Tijuana,Suspendido,2025-05-03,1.0,3749.23,3749.23,0.0,5.0,regex
1997,Jose Ayuso,talaveranando@example.org,(024)694-8412x32223,,M,Argentina,Córdoba,Activo,2026-01-28,3.0,3459.99,1153.33,0.0,3.0,regex
1998,Felix Rojo,hipolito91@example.org,+85(8)7837921316,32.0,F,México,Puebla,Activo,2023-10-12,1.0,2426.09,2426.09,0.0,5.0,regex
1999,Ascensión Gallart,nievesbernabe@example.net,+34821784498,45.0,Otro,Argentina,La Plata,Activo,2024-12-23,2.0,3069.5699999999997,1534.7849999999999,1.0,4.0,regex
2000,Vicente Quezada,baezjacinto@example.org.,+49(4)6245540770,43.0,Otro,Chile,La Serena,Activo,2024-04-26,0.0,0.0,,0.0,,regex
2001,Zaida Medina,yessicalaguna@example.net.,+34 841808293,65.0,F,México,Tijuana,Suspendido,2023-07-13,1.0,476.26,476.26,0.0,4.0,regex
2002,Luisina Salazar,jacintoserrato@example.com,715.641.5330,,Otro,Chile,La Serena,Activo,2025-09-02,3.0,12948.050000000001,4316.016666666667,0.0,5.0,regex
2003,Lilia Salcido,wgarces@example.org.,+34 826 916 119,24.0,,Argentina,Buenos Aires,Activo,2024-05-14,1.0,36.07,36.07,0.0,4.0,regex
2004,Amancio Trillo,falconjose-mari@example.net.,+34 878779170,,M,Chile,Concepción,Activo,2024-10-24,2.0,4201.969999999999,2100.9849999999997,0.0,,regex
2005,Amaro Calderón,alcarazluciano@example.com,+34803721624,,M,Colombia,Cartagena,Activo,2026-04-12,5.0,3195.26,639.052,1.0,4.0,regex
2006,Carolina Prado,jguerrero@example.com.,+65(2)9905367912,31.0,Otro,Perú,Trujillo,Suspendido,2025-10-19,0.0,0.0,,0.0,,regex
2007,Victoria Ojeda,gonzalezhumberto@example.net,+81(9)9684456578,27.0,F,Colombia,Medellín,Activo,2025-10-30,1.0,73.52,73.52,1.0,2.0,regex
2008,Frida Escalante,juan-bautista05@example.org.,1-567-409-2016x75993,43.0,M,Venezuela,Caracas,Inactivo,2026-02-17,1.0,5093.45,5093.45,0.0,,regex
2009,Calixto Jiménez,samanta05@example.net,+34 943 709 144,32.0,F,Argentina,Rosario,Activo,2024-06-07,1.0,619.48,619.48,0.0,,regex
2010,Abigail Alcalde,anselmo04@example.net,549-768-3487,65.0,Otro,España,Sevilla,Activo,2023-11-13,3.0,2722.58,907.5266666666666,0.0,,regex
2011,Aida Ureña,ruy62@example.com.,(013)807-9511x812,18.0,,Venezuela,Barquisimeto,Activo,2025-09-25,1.0,674.18,674.18,0.0,,regex
2012,Jesús Peralta,pedroclarisa@example.com,+34902 315 071,32.0,,Chile,Antofagasta,Inactivo,2024-02-16,2.0,448.59999999999997,224.29999999999998,0.0,,regex
2013,Gerardo Roybal,benitoarenas@example.net,+34846319767,27.0,M,Chile,Concepción,Activo,2023-11-04,0.0,0.0,,0.0,,regex
2014,José Manuél Reyes,german69@example.com,892.441.8328,71.0,,España,Sevilla,Activo,2025-12-16,2.0,4443.26,2221.63,0.0,,regex
2015,Rosario Cavazos,miguel92@example.net,591.448.9400x94658,66.0,,Perú,Iquitos,Activo,2026-01-18,2.0,8600.59,4300.295,0.0,4.0,regex
2016,Sofía Mancebo,romerofederico@example.com,(764)973-7805x34251,73.0,F,Chile,Santiago,Activo,2025-12-03,2.0,11647.16,5823.58,1.0,,regex
2017,Carlos Castro,margarita67@example.com.,1-609-191-9352,71.0,Otro,Perú,Iquitos,Inactivo,2023-09-12,2.0,12875.26,6437.63,1.0,,regex
2018,Ricardo Alejandro,uramos@example.net,+34 735 63 96 70,64.0,,Venezuela,Maracaibo,Activo,2025-12-03,1.0,2219.26,2219.26,0.0,,regex
2019,Mateo Carranza,motamaria-del-carmen@example.com,+34 843 501 554,,M,Venezuela,Maturín,Activo,2025-03-18,1.0,310.24,310.24,1.0,2.0,regex
2020,Felicidad Reynoso,jose-eduardoordonez@example.net,+34979448455,,,México,Puebla,Activo,2025-06-26,1.0,8139.68,8139.68,0.0,,regex
2021,Julio Gaitán,jenny42@example.org,+95(3)0727728276,42.0,Otro,Chile,La Serena,Suspendido,2025-05-16,1.0,25.72,25.72,0.0,,regex
2022,Ana María Cotto,paltamirano@example.com.,802.764.4829x4350,,Otro,Perú,Lima,Activo,2026-03-28,0.0,0.0,,0.0,,regex
2023,Benjamín Mota,xvalcarcel@example.com,471-649-1916,41.0,,España,Valencia,Suspendido,2026-03-11,5.0,2067.2799999999997,413.45599999999996,0.0,4.0,regex
2024,Roberto Alonzo,jacobozepeda@example.org,+16(9)1569780798,59.0,,España,Sevilla,Inactivo,2023-12-25,4.0,2433.27,608.3175,0.0,3.0,regex
2025,Yolanda Almazán,ildefonsomena@example.net,+34 844 374 326,60.0,M,Perú,Chiclayo,Activo,2025-08-18,2.0,294.11,147.055,0.0,,regex
2026,Sofía Calvillo,pinillahortensia@example.net,911.294.6403x1182,44.0,M,España,Valencia,Inactivo,2026-05-03,2.0,1949.06,974.53,1.0,3.0,regex
2027,Juan José Munguía,borregoursula@example.org.,+34 871390596,70.0,Otro,Argentina,Rosario,Activo,2025-05-25,1.0,182.75,182.75,1.0,2.0,regex
2028,Cristian Manrique,lorenatirado@example.com,884)637-7348,,,Colombia,Cartagena,Activo,2023-07-08,3.0,2214.78,738.2600000000001,0.0,,regex
2029,Agapito Sanabria,arceliarendon@example.net,+34821625055,66.0,F,Perú,Chiclayo,Activo,2023-10-31,1.0,6971.54,6971.54,0.0,3.0,regex
2030,Serafín Lobo,marthacolon@example.com,1-793-889-4912,39.0,,Venezuela,Maturín,Suspendido,2024-10-18,2.0,600.72,300.36,0.0,,regex
2031,Pablo Botello,alejandro76@example.net,+34 941 96 52 41,23.0,Otro,España,Málaga,Inactivo,2024-10-24,3.0,17670.989999999998,5890.329999999999,0.0,,regex
2032,Graciela Chico,alex41@example.net,+34974 191 294,72.0,,México,Mérida,Inactivo,2025-09-19,2.0,6532.9800000000005,3266.4900000000002,0.0,5.0,regex
2033,Yago Escolano,marcela81@example.com,550.193.5311,,,Argentina,Córdoba,Suspendido,2026-01-01,3.0,3427.4,1142.4666666666667,0.0,,regex
2034,Nayeli Negrón,fgarza@example.org,+01(7)4931756073,52.0,M,Argentina,Rosario,Inactivo,2023-11-29,1.0,654.57,654.57,1.0,2.0,regex
2035,Julieta Gallardo,eugenioyanez@example.com,+34 823014926,56.0,Otro,España,Sevilla,Inactivo,2023-08-03,1.0,815.35,815.35,0.0,,regex
2036,Zaira Julián,ricartcasemiro@example.org.,1-496-602-5143,39.0,,México,Puebla,Activo,2024-12-25,0.0,0.0,,0.0,,regex
2037,Perlita Rodríguez,anguitamiriam@example.org,1-015-311-9596,46.0,M,Argentina,La Plata,Activo,2025-11-06,1.0,927.93,927.93,0.0,,regex
2038,Alma Zapata,natividad77@example.net,(054)856-2575x042,71.0,,Colombia,Bucaramanga,Activo,2024-04-14,2.0,3397.54,1698.77,0.0,5.0,regex
2039,Ana Luisa Villanueva,xcarmona@example.net,1-418-277-1148,,M,Venezuela,Maturín,Activo,2024-07-03,4.0,4374.12,1093.53,2.0,4.5,regex
2040,Pilar Benet,joaquin70@example.net,+34945 786 504,44.0,Otro,Colombia,Cali,Suspendido,2025-07-23,3.0,4348.62,1449.54,0.0,5.0,regex
2041,Valeria Leiva,maria-dolores26@example.com,+34 986 80 50 15,29.0,,México,Puebla,Suspendido,2024-01-15,1.0,861.9,861.9,0.0,,regex
2042,Diana Segovia,sarmas@example.org,06981420768,68.0,F,Argentina,Rosario,Activo,2024-09-03,1.0,50.44,50.44,0.0,,regex
2043,Arsenio Téllez,isidro65@example.net,397-661-0541,,,Argentina,Rosario,Activo,2025-09-15,1.0,8107.85,8107.85,0.0,,regex
2044,Alfonso Urrutia,blancomaria-jose@example.com.,+34987 007 784,24.0,Otro,Chile,Temuco,Inactivo,2024-11-16,3.0,18447.68,6149.2266666666665,0.0,,regex
2045,Jos Quesada,etomas@example.org,(721)922-8349x143,64.0,F,Chile,Santiago,Suspendido,2026-03-17,2.0,7679.59,3839.795,0.0,,regex
2046,Dan Covarrubias,joserubio@example.net,+34 872 67 40 89,,Otro,México,Monterrey,Activo,2023-11-13,1.0,2881.61,2881.61,0.0,,regex
2047,Onofre Llamas,vvillareal@example.net,+34 824 22 56 20,19.0,Otro,España,Barcelona,Inactivo,2024-08-07,2.0,2431.16,1215.58,0.0,,regex
2048,Rosalina Comas,yarellano@example.org,206-370-3559,,M,Colombia,Barranquilla,Activo,2024-09-02,3.0,5892.46,1964.1533333333334,0.0,,regex
2049,Araceli Pedraza,iolivera@example.com.,+34942 02 53 68,63.0,Otro,Perú,Chiclayo,Inactivo,2023-12-03,4.0,4243.4,1060.85,0.0,2.0,regex
2050,Nydia Colomer,samanta45@example.org,+34 943 940 978,,Otro,Perú,Trujillo,Activo,2025-10-25,1.0,4140.28,4140.28,1.0,4.0,regex
2051,Beatriz Madrigal,azconafelicidad@example.org,584-843-9300x460,61.0,Otro,México,Ciudad de México,Activo,2025-06-17,0.0,0.0,,0.0,,regex
2052,Violeta Abreu,olivogeronimo@example.net.,+34 976590447,,F,Chile,Antofagasta,Suspendido,2025-04-06,3.0,1007.59,335.86333333333334,1.0,3.0,regex
2053,Perla Barco,ialejandro@example.com,+34 847764513,64.0,M,Perú,Iquitos,Activo,2025-05-31,2.0,2214.2200000000003,1107.1100000000001,0.0,,regex
2054,Miguel Ángel Carrasco,tmendez@example.com,+34988 808 427,71.0,M,Venezuela,Barcelona,Activo,2023-06-06,3.0,11150.76,3716.92,1.0,1.0,regex
2055,Arcelia Vallejo,raeldalia@example.com,205.285.1550,43.0,Otro,España,Madrid,Inactivo,2023-12-03,3.0,6939.09,2313.03,1.0,,regex
2056,José Antonio Blanco,eviana@example.net,+51(3)9184180514,48.0,M,Colombia,Bogotá,Activo,2023-09-27,3.0,3708.21,1236.07,1.0,2.5,regex
2057,América Arguello,angel56@example.net,+34875 27 69 26,74.0,F,Perú,Arequipa,Inactivo,2024-09-13,3.0,1572.8100000000002,524.2700000000001,0.0,,regex
2058,Sara Arnal,gaspar39@example.org,+56(3)6071241373,,Otro,México,Monterrey,Activo,2025-03-15,3.0,3561.1899999999996,1187.0633333333333,1.0,4.0,regex
2059,Filomena Tello,tereros@example.com,1-643-653-1459,,M,Chile,Antofagasta,Activo,2024-06-22,3.0,12509.25,4169.75,0.0,4.0,regex
2060,Pedro Pedro,cesar46@example.net,+34 827 87 98 97,,F,España,Barcelona,Activo,2025-09-13,3.0,5574.76,1858.2533333333333,0.0,,regex
2061,Ignacia Castells,lucasfabricio@example.org,+34876 88 31 96,57.0,,México,Ciudad de México,Activo,2025-08-30,2.0,559.4100000000001,279.70500000000004,1.0,5.0,regex
2062,Aldonza Valcárcel,adelardo04@example.org,684-707-2602x757,,F,Chile,Santiago,Activo,2026-03-19,4.0,12522.54,3130.635,1.0,1.0,regex
2063,Severiano Palacios,hferrer@example.org,+34 873 30 97 01,74.0,M,España,Sevilla,Activo,2024-03-28,2.0,3351.95,1675.975,0.0,5.0,regex
2064,Amador Nájera,gchacon@example.org,1-678-281-6896,,,España,Bilbao,Suspendido,2023-05-26,5.0,9429.89,1885.9779999999998,1.0,5.0,regex
2065,Natalia Cuervo,marrerodalia@example.com,+34988 46 58 06,47.0,Otro,Chile,La Serena,Suspendido,2025-05-22,1.0,64.12,64.12,0.0,,regex
2066,Faustino Campos,naguilera@example.org,+34818 348 098,25.0,Otro,Venezuela,Caracas,Suspendido,2026-01-04,5.0,2531.26,506.25200000000007,1.0,,regex
2067,Francisco Ureña,teofila83@example.org,(586)726-0213x180,,,México,Guadalajara,Activo,2025-06-19,2.0,6560.46,3280.23,0.0,3.0,regex
2068,Héctor Montero,estela08@example.com,+34 875 782 537,23.0,Otro,Venezuela,Barcelona,Activo,2023-09-26,1.0,812.67,812.67,0.0,,regex
2069,Agustín Blanco,micaela81@example.org,1-142-175-6247,62.0,Otro,Chile,Concepción,Suspendido,2026-04-03,1.0,41.0,41.0,0.0,,regex
2070,Fernando Cantero,maria-del-carmengastelum@example.net,+34 926 976 620,46.0,M,Argentina,Buenos Aires,Activo,2025-10-31,3.0,3719.38,1239.7933333333333,1.0,4.5,regex
2071,Nicolás Pacheco,carreroisabela@example.com,662)199-7856,,F,Colombia,Bogotá,Activo,2025-04-01,1.0,398.24,398.24,0.0,3.0,regex
2072,Jacobo Cornejo,ramiro66@example.com,+34 859 90 72 26,42.0,F,Colombia,Barranquilla,Inactivo,2025-03-16,1.0,352.83,352.83,0.0,,regex
2073,Toribio Cabeza,bernardo38@example.org,1-386-883-3923x89862,67.0,Otro,Venezuela,Valencia,Activo,2024-06-06,4.0,11247.82,2811.955,0.0,2.5,regex
2074,Luisa Escobar,dbriseno@example.org,574-808-4371x492,65.0,Otro,Argentina,Tucumán,Suspendido,2023-10-17,2.0,3157.9,1578.95,0.0,,regex
2075,Eugenia Acuña,avilaaraceli@example.org,(460)961-4909x100,21.0,,Chile,Valparaíso,Inactivo,2024-08-23,3.0,3119.5499999999997,1039.85,3.0,3.0,regex
2076,Wendolin Mares,felix00@example.org,462-742-0522x5898,61.0,Otro,Chile,Santiago,Activo,2025-06-01,4.0,21357.19,5339.2975,1.0,3.5,regex
2077,Basilio Farías,requenaregulo@example.com,1-107-086-1171x3402,29.0,M,España,Barcelona,Activo,2023-06-16,0.0,0.0,,0.0,,regex
2078,Santos del Valle,yrivero@example.com,+34902 94 65 26,57.0,M,Chile,Santiago,Activo,2023-07-16,2.0,7278.12,3639.06,0.0,5.0,no_recuperado
2079,Elisa Sanabria,arcelia16@example.org,+34982595388,25.0,F,México,Ciudad de México,Activo,2024-05-21,0.0,0.0,,0.0,,regex
2080,Ilse Barranco,montanezirene@example.org,+34877 01 64 30,29.0,,Perú,Iquitos,Activo,2025-03-28,1.0,10.04,10.04,0.0,5.0,regex
2081,Elisa Reyna,trinidad43@example.org,+34902578674,57.0,Otro,Chile,Antofagasta,Activo,2024-03-29,3.0,1132.4,377.4666666666667,0.0,1.0,regex
2082,María Elena Juárez,silvano72@example.net,+34 900 19 06 71,54.0,,Colombia,Cartagena,Activo,2023-06-15,4.0,7812.07,1953.0175,0.0,,regex
2083,Rafaél Lovato,cristinahuguet@example.org.,421-282-6585,44.0,F,Perú,Chiclayo,Inactivo,2023-05-12,0.0,0.0,,0.0,,regex
2084,Mariano Pardo,gabinomontoya@example.com,02343440708,43.0,,Perú,Chiclayo,Inactivo,2024-08-07,3.0,1474.82,491.6066666666666,0.0,,regex
2085,Calisto Mulet,irenerascon@example.net,1-907-312-8211,28.0,,España,Barcelona,Activo,2023-11-27,1.0,1008.27,1008.27,0.0,,regex
2086,Teodoro Busquets,jose-maria47@example.net.,+34 975707050,63.0,Otro,Argentina,La Plata,Inactivo,2023-06-07,0.0,0.0,,0.0,,regex
2087,Verónica Quesada,lgelabert@example.com,(432)657-2079,24.0,M,Chile,Antofagasta,Inactivo,2024-02-14,3.0,736.33,245.44333333333336,0.0,5.0,regex
2088,Alfredo Serna,fvillar@example.com.,(399)963-6918,,F,México,Monterrey,Activo,2024-06-10,0.0,0.0,,0.0,,regex
2089,Bianca Vendrell,jvarela@example.net,+34 945290165,71.0,F,México,Tijuana,Activo,2024-04-20,1.0,554.25,554.25,0.0,,regex
2090,Daniel Limón,xcamacho@example.net,333.179.3134x75619,,,Colombia,Bucaramanga,Activo,2025-08-09,1.0,547.55,547.55,0.0,,regex
2091,Juan Arteaga,almagronidia@example.org.,+34 849786499,64.0,,Venezuela,Barquisimeto,Activo,2026-01-08,1.0,294.28,294.28,0.0,,regex
2092,Anabel Orozco,maximogordillo@example.net,+34948 31 90 53,75.0,Otro,Colombia,Medellín,Activo,2025-11-10,2.0,721.61,360.805,0.0,5.0,regex
2093,Rufino Donaire,miriamllamas@example.net,(268)975-3115,32.0,M,Chile,Temuco,Activo,2025-05-12,1.0,427.74,427.74,0.0,,regex
2094,Bárbara Cervantes,cmorcillo@example.net,+34825 444 941,56.0,Otro,España,Madrid,Activo,2025-05-03,3.0,6942.4400000000005,2314.146666666667,0.0,4.0,regex
2095,René del Valle,perlaledesma@example.org,+34 980 715 736,61.0,,España,Barcelona,Inactivo,2023-05-17,6.0,11975.24,1995.8733333333332,0.0,4.5,no_recuperado
2096,Ana María Carmona,chus10@example.org,+34986672075,38.0,F,México,Puebla,Activo,2024-03-06,3.0,2815.32,938.44,1.0,2.5,regex
2097,Linda Bernal,rrico@example.com,+34824504340,18.0,Otro,España,Málaga,Activo,2023-05-12,3.0,13293.740000000002,4431.246666666667,0.0,,regex
2098,Ruben Monroy,dmaestas@example.com,657-329-7741x05068,25.0,,Venezuela,Barcelona,Activo,2025-03-14,0.0,0.0,,0.0,,regex
2099,Jose Antonio Ballester,hescamilla@example.com,061-653-7305x34289,54.0,,Venezuela,Valencia,Inactivo,2026-03-18,3.0,2106.1400000000003,702.0466666666667,1.0,4.0,regex
2100,Fabiola Córdova,pinadani@example.com.,+34977106616,49.0,,México,Monterrey,Activo,2024-01-07,3.0,13751.550000000001,4583.85,1.0,3.0,regex
2101,Ana Luisa Velázquez,diego17@example.net,1-963-199-4670x996,32.0,M,Chile,Valparaíso,Activo,2025-01-02,3.0,1200.51,400.17,1.0,4.0,regex
2102,Sergio Barrientos,elodiavidal@example.org,+34983 788 477,41.0,Otro,Argentina,Buenos Aires,Activo,2024-02-15,1.0,100.62,100.62,0.0,,regex
2103,Xavier Padrón,cdiaz@example.com,+34878 00 97 15,63.0,Otro,Colombia,Bucaramanga,Activo,2024-10-26,0.0,0.0,,0.0,,regex
2104,Rosa Alemán,reyesgarzon@example.com,115-678-1408,40.0,,México,Guadalajara,Inactivo,2026-01-28,2.0,3811.09,1905.545,1.0,2.0,regex
2105,Lázaro Manzanares,viniciobernal@example.com,+94(2)3159637813,47.0,,Colombia,Bucaramanga,Activo,2026-01-01,1.0,4371.41,4371.41,0.0,,regex
2106,Pánfilo Vila,ricoalvarado@example.org.,1-904-644-9405,,,Chile,Temuco,Activo,2025-03-03,1.0,2330.36,2330.36,0.0,,regex
2107,Encarnita Cortés,beltransilvia@example.net,+34 968 900 986,73.0,F,Colombia,Bogotá,Activo,2025-04-11,4.0,3478.83,869.7075,1.0,3.0,regex
2108,Tecla Manzanares,uroldan@example.com.,+34826 772 942,,Otro,Colombia,Bucaramanga,Inactivo,2024-08-01,2.0,3924.42,1962.21,0.0,4.0,regex
2109,Amador Noriega,gilbertoalba@example.com,957.240.0303x151,31.0,F,España,Málaga,Suspendido,2023-08-20,0.0,0.0,,0.0,,regex
2110,Rolando Domínguez,emiliana47@example.com,194-958-3251x99010,51.0,F,Perú,Chiclayo,Activo,2025-12-09,6.0,3548.88,591.48,0.0,,regex
2111,Esther Jáuregui,venceslastorre@example.net,+85(9)4268239554,31.0,,España,Madrid,Suspendido,2025-06-09,3.0,1417.4499999999998,472.4833333333333,0.0,4.0,regex
2112,Pablo Bravo,carpiodionisio@example.com,694.151.3985,67.0,M,Perú,Cusco,Inactivo,2024-10-07,1.0,1560.94,1560.94,0.0,,regex
2113,Anna Uría,sevillanomiguel@example.org,324-342-1395,73.0,Otro,Colombia,Medellín,Activo,2025-09-24,3.0,16128.779999999999,5376.259999999999,0.0,4.0,regex
2114,Irma de Jesús,ofigueroa@example.com.,+34 716 455 804,57.0,,Colombia,Bucaramanga,Suspendido,2025-03-12,1.0,1217.41,1217.41,0.0,,ner
2115,Alma Toro,xexposito@example.net,729-370-6258x7360,18.0,M,España,Bilbao,Activo,2024-06-16,5.0,8977.6,1795.52,0.0,,regex
2116,Pascuala Ripoll,larablanch@example.com,011.532.7034,30.0,Otro,Argentina,La Plata,Activo,2025-11-05,0.0,0.0,,0.0,,regex
2117,María Miranda,vgalarza@example.com,+34 879 79 98 70,41.0,Otro,Argentina,La Plata,Activo,2025-12-10,0.0,0.0,,0.0,,regex
2118,Felix Benet,fatimagisbert@example.net,1-753-764-4512,24.0,Otro,Argentina,Mendoza,Activo,2026-02-19,0.0,0.0,,0.0,,regex
2119,Fortunato Albero,maria-pilar64@example.net,996-138-0718,44.0,M,México,Ciudad de México,Suspendido,2023-06-28,1.0,4174.15,4174.15,0.0,2.0,regex
2120,Rebeca Jódar,arcejuan-carlos@example.net.,+34984 292 162,53.0,Otro,Colombia,Medellín,Inactivo,2023-05-27,2.0,1493.65,746.825,0.0,4.0,regex
2121,Amada Saldivar,higuerastadeo@example.net,+34 715 695 625,60.0,M,México,Ciudad de México,Inactivo,2025-06-01,2.0,1332.97,666.485,0.0,,regex
2122,Sessa Benavides,melchordieguez@example.net,+34983860811,,M,Colombia,Bucaramanga,Activo,2024-09-26,0.0,0.0,,0.0,,regex
2123,Rubén Fuente,guevaraliliana@example.net,+34982 588 444,49.0,Otro,Colombia,Bogotá,Suspendido,2025-10-06,3.0,4516.3099999999995,1505.4366666666665,0.0,5.0,regex
2124,Cecilia Fiol,furrutia@example.com,+34 877191804,29.0,M,Argentina,Rosario,Suspendido,2024-11-22,0.0,0.0,,0.0,,regex
2125,Fabiola Somoza,jose-manuel84@example.org.,+34838018747,30.0,Otro,España,Madrid,Activo,2025-02-24,2.0,1177.3,588.65,1.0,5.0,regex
2126,Cruz Cuervo,serafin74@example.com.,+34 876 023 121,19.0,Otro,Chile,Antofagasta,Suspendido,2024-12-09,4.0,15950.439999999999,3987.6099999999997,1.0,4.0,regex
2127,Adriana Díaz,anamiranda@example.net,+34822 859 206,50.0,F,Argentina,Córdoba,Suspendido,2023-06-06,4.0,9071.460000000001,2267.8650000000002,0.0,3.0,regex
2128,Camilo Montañez,zdiego@example.org,+34709 531 001,38.0,M,España,Barcelona,Activo,2025-02-28,4.0,2284.4399999999996,571.1099999999999,0.0,3.0,regex
2129,Marita Barela,jdomenech@example.org,+34821370209,20.0,F,Colombia,Bucaramanga,Inactivo,2025-11-08,1.0,574.92,574.92,1.0,,regex
2130,Abigail Lluch,tborrego@example.org,+77(2)7204509806,18.0,Otro,México,Tijuana,Suspendido,2025-06-05,3.0,9821.3,3273.7666666666664,1.0,4.0,regex
2131,Estela Gabaldón,carrascokarla@example.net.,+34948 25 10 49,20.0,Otro,Colombia,Bogotá,Activo,2024-06-28,1.0,4680.79,4680.79,0.0,,regex
2132,Amada Aranda,mirelesbenito@example.org,+34 841 09 67 30,44.0,Otro,Chile,Concepción,Activo,2024-03-27,1.0,315.35,315.35,0.0,,regex
2133,Ale Cabán,claudia66@example.com,+34 879 90 36 38,49.0,,Chile,Valparaíso,Activo,2024-10-18,2.0,846.18,423.09,1.0,,regex
2134,Ismael Montero,amorosnatalia@example.net.,06267501468,38.0,Otro,Venezuela,Barcelona,Activo,2025-04-20,4.0,579.0799999999999,144.76999999999998,0.0,,regex
2135,Julio César Adame,crescenciajaume@example.net,846.420.1819,22.0,M,España,Valencia,Activo,2023-10-11,2.0,668.53,334.265,1.0,,regex
2136,Abilio Perez,zapataoctavio@example.net,+34 946091750,,Otro,Venezuela,Barcelona,Activo,2026-04-07,2.0,770.8199999999999,385.40999999999997,0.0,3.0,regex
2137,Zaira Porta,zmoreno@example.org,162-284-3965x688,55.0,,España,Bilbao,Inactivo,2025-09-16,0.0,0.0,,0.0,,regex
2138,Agustín Acevedo,bblanco@example.org,(534)764-1442x71974,25.0,M,España,Madrid,Activo,2024-01-04,1.0,400.71,400.71,0.0,,regex
2139,José Mota,ayalaespiridion@example.net,+34949954735,23.0,M,España,Málaga,Inactivo,2026-02-02,3.0,1048.18,349.3933333333334,0.0,4.0,regex
2140,Celia Chávez,lilianacaban@example.org,+34984 24 50 81,21.0,Otro,México,Monterrey,Activo,2025-06-26,1.0,2246.57,2246.57,0.0,4.0,regex
2141,Margarita Contreras,caguado@example.com.,+34979 06 02 25,63.0,,Venezuela,Valencia,Suspendido,2024-05-12,0.0,0.0,,0.0,,regex
2142,Gertrudis Fabra,rasconlucia@example.org,+34739541754,46.0,M,Chile,Temuco,Suspendido,2023-08-24,1.0,4417.32,4417.32,0.0,,regex
2143,Vidal Orozco,perlacarrera@example.com,+34873 39 69 10,74.0,Otro,Argentina,Buenos Aires,Suspendido,2025-10-05,1.0,73.14,73.14,0.0,,regex
2144,Uriel Puente,octaviabarrera@example.com,467-647-8562x508,62.0,M,Perú,Iquitos,Activo,2026-02-14,1.0,333.5,333.5,0.0,,regex
2145,Marcela Maza,pelayosolis@example.org,+34983610285,58.0,Otro,México,Guadalajara,Activo,2025-08-26,1.0,280.11,280.11,0.0,,regex
2146,Josué Álvaro,isabela52@example.org,+34868659181,70.0,,Colombia,Bucaramanga,Activo,2025-09-10,2.0,5588.55,2794.275,0.0,,regex
2147,Benita Arnau,adelaprieto@example.com.,+34718 303 884,,M,Argentina,Buenos Aires,Activo,2023-09-02,1.0,2758.32,2758.32,0.0,,regex
2148,Teodoro Rivera,andresverdugo@example.net,+34715 07 19 70,,,Perú,Chiclayo,Activo,2026-04-17,2.0,189.12,94.56,0.0,2.0,regex
2149,Hilda Ledesma,tcarnero@example.org,738)431-5567,54.0,F,Perú,Chiclayo,Activo,2025-03-25,0.0,0.0,,0.0,,regex
2150,Dolores Gaytán,kgil@example.com,+34 979 03 91 90,,F,Colombia,Cartagena,Activo,2024-08-01,2.0,4676.17,2338.085,0.0,,regex
2151,Bianca Barajas,graciano07@example.com.,+34845 987 681,62.0,F,México,Mérida,Inactivo,2023-06-16,3.0,3526.09,1175.3633333333335,0.0,,regex
2152,Soledad Calderón,crespogabriel@example.org,+34 953 743 738,46.0,M,Colombia,Barranquilla,Activo,2023-07-23,2.0,4159.19,2079.595,0.0,3.0,regex
2153,Begoña Espinoza,escobedojaime@example.net,1-168-261-1147x62073,68.0,F,Venezuela,Valencia,Inactivo,2024-09-27,3.0,1710.1599999999999,570.0533333333333,0.0,,regex
2154,Estela Marrero,paloma55@example.com.,1-311-688-5926x637,,F,Perú,Chiclayo,Activo,2023-05-26,2.0,1102.74,551.37,0.0,,regex
2155,Esparta Arrieta,carla57@example.net,+34 946 560 880,24.0,M,México,Guadalajara,Inactivo,2026-01-18,4.0,2478.35,619.5875,0.0,5.0,regex
2156,Maricruz Lucena,jescalante@example.net,+34951734608,43.0,M,España,Málaga,Activo,2024-01-04,2.0,1400.6,700.3,0.0,,regex
2157,Eloy Juárez,villalongache@example.org.,293-804-5030,35.0,M,Venezuela,Barquisimeto,Activo,2024-03-09,2.0,2346.57,1173.285,0.0,4.0,regex
2158,Fátima Querol,qpaz@example.net,+34 977 38 68 13,49.0,Otro,Venezuela,Caracas,Activo,2026-02-18,2.0,1671.1599999999999,835.5799999999999,0.0,,regex
2159,Violeta Cuéllar,valdezantonio@example.com.,1-925-883-0213,,F,Perú,Iquitos,Activo,2024-10-25,4.0,1728.38,432.095,0.0,4.0,regex
2160,Amelia Hidalgo,rojasnicolas@example.com,+28(7)4907264881,,M,España,Valencia,Activo,2024-05-15,2.0,1716.81,858.405,0.0,4.5,regex
2161,Jose Ramón Rincón,delgadilloolga@example.net,+34971939859,26.0,,España,Bilbao,Activo,2026-03-08,1.0,2145.78,2145.78,0.0,3.0,regex
2162,Maxi Espejo,laraluz@example.net,953.698.2320,41.0,Otro,Venezuela,Maturín,Inactivo,2023-11-10,0.0,0.0,,0.0,,regex
2163,Nayeli Camacho,toni23@example.org,801.946.7014,,,México,Monterrey,Activo,2024-02-14,1.0,931.24,931.24,0.0,,regex
2164,Bernardo Arcos,scastellanos@example.net,(856)237-8861,62.0,M,Chile,Antofagasta,Activo,2026-02-19,3.0,14734.660000000002,4911.553333333334,1.0,5.0,regex
2165,Nayara Rico,pelayoelena@example.net,136-899-0657x41698,,M,Venezuela,Maturín,Suspendido,2025-04-16,1.0,1169.88,1169.88,0.0,3.0,regex
2166,Leticia Huerta,lorena18@example.com,577.778.5929,38.0,Otro,Colombia,Cartagena,Activo,2026-04-02,1.0,1495.32,1495.32,0.0,,regex
2167,Severiano Vilalta,tmanzanares@example.net,+34 871 96 04 24,49.0,F,España,Sevilla,Suspendido,2024-04-30,1.0,1797.39,1797.39,0.0,,regex
2168,Pascual Salgado,dionisiotello@example.net,+34922988161,22.0,F,Perú,Chiclayo,Inactivo,2026-03-30,2.0,551.3299999999999,275.66499999999996,0.0,,regex
2169,Lilia Cáceres,garicanancy@example.net,+34901 37 41 26,63.0,M,Venezuela,Barcelona,Activo,2024-11-22,5.0,3833.1600000000003,766.6320000000001,1.0,,regex
2170,Indira Casárez,ncal@example.net,+78(3)9313294027,,M,España,Sevilla,Activo,2025-02-13,0.0,0.0,,0.0,,regex
2171,Plinio Batalla,marisol55@example.com.,(863)281-0705,38.0,,Venezuela,Barquisimeto,Activo,2023-07-15,2.0,8331.18,4165.59,0.0,5.0,regex
2172,Ignacio Gaitán,avalosreina@example.com,+34736 61 61 53,,M,México,Puebla,Activo,2024-09-04,1.0,2936.94,2936.94,0.0,,regex
2173,Alejandra Marcos,jose-manuel97@example.net,+34 983 143 369,36.0,,Venezuela,Barquisimeto,Inactivo,2024-05-04,2.0,16032.41,8016.205,0.0,5.0,regex
2174,Jos Orozco,rfarre@example.org,+53(3)8824996966,36.0,M,México,Monterrey,Activo,2024-12-30,4.0,8713.74,2178.435,0.0,,regex
2175,Aroa Maya,candido40@example.org.,487.451.2619,46.0,Otro,Venezuela,Barquisimeto,Inactivo,2025-12-15,1.0,529.33,529.33,0.0,4.0,regex
2176,Rosenda Cruz,manuelmacario@example.org,+34847 13 45 57,,F,España,Barcelona,Activo,2026-02-11,3.0,7202.889999999999,2400.963333333333,1.0,5.0,regex
2177,Dulce María Pacheco,pceja@example.org,365-783-7151x04136,19.0,M,México,Mérida,Activo,2024-09-21,1.0,55.52,55.52,0.0,,regex
2178,Micaela Venegas,loidacazorla@example.com,371.967.5579x120,41.0,M,Chile,La Serena,Activo,2024-05-11,3.0,10981.73,3660.5766666666664,0.0,5.0,regex
2179,Ágata Lobato,rafaeltafoya@example.org,1-769-413-6674,19.0,Otro,Colombia,Barranquilla,Inactivo,2025-03-01,1.0,4902.66,4902.66,0.0,,regex
2180,Aurelia Sisneros,raulberrios@example.com,+34 988 359 094,,F,Chile,Valparaíso,Activo,2025-06-01,1.0,3428.7,3428.7,0.0,,regex
2181,Francisca Leiva,cbaeza@example.org,(452)786-1095,63.0,M,Perú,Trujillo,Inactivo,2024-09-26,2.0,8731.57,4365.785,0.0,5.0,regex
2182,Carmela Lebrón,fmoll@example.net,+34 841 460 378,28.0,Otro,España,Sevilla,Activo,2026-04-20,1.0,669.86,669.86,0.0,,regex
2183,Javier Pedraza,peralesbienvenida@example.com,1-075-013-9939x256,,F,Argentina,Rosario,Activo,2025-11-13,1.0,236.05,236.05,0.0,,regex
2184,Hernán Guevara,etoledo@example.net,(667)861-6338,62.0,M,Perú,Arequipa,Suspendido,2023-12-24,1.0,15.07,15.07,1.0,3.0,regex
2185,Jose Antonio Figuerola,tcastilla@example.net,(094)665-4977,46.0,M,Venezuela,Barquisimeto,Activo,2025-09-09,2.0,1551.8700000000001,775.9350000000001,0.0,,regex
2186,Rufino Jiménez,chus54@example.org,+34827 762 080,32.0,,Venezuela,Barquisimeto,Activo,2025-06-16,2.0,7076.94,3538.47,0.0,,regex
2187,Teófila Sarabia,alvarezmontserrat@example.net.,+34 725365045,,F,Venezuela,Barquisimeto,Activo,2024-12-06,3.0,3620.26,1206.7533333333333,1.0,4.0,regex
2188,Rufino Arenas,saritagil@example.org.,+34912 40 41 57,42.0,Otro,Argentina,La Plata,Inactivo,2024-11-24,6.0,2143.04,357.17333333333335,0.0,2.5,regex
2189,Clemente Piña,delgadomauro@example.com,+34 880335694,20.0,M,Chile,Antofagasta,Suspendido,2023-06-01,1.0,1141.96,1141.96,0.0,,regex
2190,Francisco Ramos,abotello@example.net,+34 928 064 103,62.0,M,España,Sevilla,Suspendido,2024-12-16,0.0,0.0,,0.0,,regex
2191,Fanny Guillen,ipedrosa@example.org.,655-461-2038,,,Chile,Valparaíso,Activo,2024-04-06,1.0,1781.94,1781.94,1.0,3.0,regex
2192,Carlos Viana,iris35@example.org,425-628-6078x13847,50.0,F,Chile,La Serena,Activo,2025-11-24,3.0,3886.09,1295.3633333333335,0.0,5.0,regex
2193,Mamen Armas,serafin18@example.net,+58(2)4055465120,34.0,F,Venezuela,Maracaibo,Activo,2025-03-17,1.0,297.84,297.84,1.0,2.0,regex
2194,Bianca Oller,timoteoquinonez@example.org,031.584.6439,,M,Perú,Trujillo,Inactivo,2024-03-03,1.0,3409.41,3409.41,0.0,,regex
2195,Carla Montes,ballesterosrocio@example.org,+34 827 95 07 87,25.0,M,México,Mérida,Inactivo,2023-05-27,1.0,1615.4,1615.4,0.0,,regex
2196,Elena Arellano,fabiana32@example.net,+34 943205555,30.0,Otro,Perú,Chiclayo,Activo,2025-10-24,1.0,409.5,409.5,1.0,2.0,regex
2197,Samuel Nieto,margarita83@example.org,+34 888 31 09 51,74.0,,Perú,Trujillo,Activo,2025-08-22,2.0,2727.17,1363.585,0.0,5.0,regex
2198,Olga Ávila,alma28@example.org,301-898-6598x4607,74.0,F,México,Ciudad de México,Activo,2024-05-19,3.0,3378.04,1126.0133333333333,1.0,4.5,regex
2199,Cristina Ocasio,fuentescristina@example.com,+34 987875875,73.0,,Venezuela,Maracaibo,Activo,2025-09-27,3.0,4100.29,1366.7633333333333,0.0,3.5,regex
2200,Graciana Aramburu,wilfrido20@example.com.,1-074-390-6484x7739,56.0,,Colombia,Cartagena,Inactivo,2023-06-25,2.0,4119.84,2059.92,0.0,,regex
2201,Sonia Jiménez,ogutierrez@example.org,08901120367,22.0,Otro,Venezuela,Maturín,Activo,2025-03-10,0.0,0.0,,0.0,,regex
2202,Macaria Hernádez,oblanch@example.com,(647)107-9352x75652,57.0,M,Venezuela,Caracas,Activo,2024-12-26,2.0,2128.58,1064.29,1.0,4.0,regex
2203,Isidora Alberdi,pomarescebrian@example.net,+34 851 52 90 07,46.0,F,España,Madrid,Suspendido,2023-07-26,2.0,7181.05,3590.525,0.0,,regex
2204,José María Gaitán,zamador@example.com,+34 879 167 232,41.0,M,España,Málaga,Activo,2024-07-02,1.0,1130.08,1130.08,0.0,,regex
2205,Gilberto Carrillo,yasensio@example.com,+34 957 37 78 89,22.0,F,Perú,Iquitos,Inactivo,2023-07-29,1.0,1097.24,1097.24,0.0,,regex
2206,Candelaria Ariza,zcuevas@example.net,+34981 47 98 01,27.0,F,España,Valencia,Inactivo,2024-09-21,1.0,968.08,968.08,0.0,,regex
2207,Julio César Rivero,paola57@example.com,1-033-675-9479x1099,25.0,Otro,Venezuela,Maturín,Activo,2025-08-01,2.0,5356.959999999999,2678.4799999999996,0.0,,regex
2208,Óliver Tirado,dalia30@example.net,+34 888533430,,,Colombia,Cartagena,Activo,2025-03-11,4.0,2216.64,554.16,0.0,,regex
2209,Amancio Apodaca,correaruben@example.com.,1-475-396-4163,35.0,M,Chile,Temuco,Suspendido,2024-05-19,1.0,908.03,908.03,0.0,,regex
2210,Adriana Francisco,purificacionoller@example.net.,+34 824726330,61.0,F,España,Bilbao,Activo,2025-09-14,3.0,3846.41,1282.1366666666665,0.0,,regex
2211,Perla Villalba,carbajaldaniela@example.com,+34901 430 657,54.0,M,México,Ciudad de México,Activo,2023-09-27,2.0,3378.37,1689.185,0.0,5.0,regex
2212,Eliseo Carbajal,abregoraul@example.net,+34 973 66 35 21,36.0,,Argentina,Rosario,Inactivo,2023-10-24,1.0,11556.09,11556.09,0.0,,regex
2213,Maximiliano Sanmiguel,alberolavito@example.org,(686)464-1473x5946,33.0,Otro,Argentina,Rosario,Inactivo,2023-12-06,0.0,0.0,,0.0,,regex
2214,Guillermo Novoa,angel76@example.net.,1-739-516-6032x37014,73.0,Otro,Perú,Cusco,Inactivo,2026-01-01,1.0,1577.29,1577.29,0.0,,regex
2215,Verónica Sabater,fidela19@example.net.,323.047.7259x61159,21.0,F,Perú,Lima,Activo,2025-06-01,1.0,1269.88,1269.88,0.0,,regex
2216,Jeremías Bustos,ricardoalfaro@example.com,+34982 15 66 03,28.0,,Colombia,Medellín,Activo,2026-04-08,3.0,8707.17,2902.39,0.0,,regex
2217,Pascual Yuste,heraclio49@example.org.,568.087.7934,44.0,M,Perú,Iquitos,Suspendido,2023-10-16,7.0,20778.399999999998,2968.3428571428567,1.0,3.0,regex
2218,Barbara Rivas,barbarateran@example.com,096.474.2932,,F,México,Puebla,Suspendido,2024-12-09,1.0,126.58,126.58,0.0,,regex
2219,Octavio Alva,cristobal62@example.net,+34 915482627,59.0,F,Argentina,Rosario,Inactivo,2026-01-27,1.0,359.75,359.75,0.0,,regex
2220,Cristian Nebot,herminiasola@example.com,404.197.4476,,,Venezuela,Maracaibo,Activo,2025-07-02,3.0,3598.58,1199.5266666666666,0.0,4.0,regex
2221,Marcio Pacheco,pazrosalia@example.org,+34 977 51 71 35,58.0,Otro,Argentina,Rosario,Activo,2025-03-30,3.0,968.9,322.96666666666664,1.0,3.0,regex
2222,Itzel Rentería,adrian05@example.com,(580)766-4878x41383,,M,Chile,Antofagasta,Inactivo,2023-11-22,1.0,1701.2,1701.2,0.0,,regex
2223,Amalia Tello,panchomacias@example.net.,+34841452488,51.0,,Chile,Valparaíso,Suspendido,2024-07-08,2.0,2115.53,1057.765,1.0,3.0,regex
2224,Gracia Pastor,candido76@example.net,(614)119-1014,38.0,,Colombia,Bucaramanga,Activo,2025-12-13,1.0,129.28,129.28,0.0,,regex
2225,Eva Velázquez,aurora44@example.net,+34825 27 71 27,32.0,Otro,Venezuela,Maturín,Activo,2025-06-13,5.0,6530.32,1306.0639999999999,0.0,2.5,regex
2226,Judith Esquivel,sanmartinlope@example.com,1-408-030-8922x9064,,M,Perú,Arequipa,Activo,2025-03-04,2.0,916.0799999999999,458.03999999999996,0.0,,regex
2227,Irma Apodaca,abrilrivero@example.com,658-728-0238,62.0,F,México,Guadalajara,Activo,2024-04-25,2.0,1073.42,536.71,0.0,3.0,regex
2228,Severiano Alcalde,cruz80@example.net,+34985880030,52.0,Otro,Argentina,Mendoza,Activo,2024-05-09,3.0,23318.010000000002,7772.670000000001,1.0,2.0,regex
2229,Yago Puerta,vanesacorrea@example.org.,+34707108169,19.0,M,México,Mérida,Activo,2026-03-05,0.0,0.0,,0.0,,regex
2230,Samanta Ochoa,brunonavarro@example.com,+34 925 19 80 70,22.0,F,Perú,Arequipa,Inactivo,2024-09-19,3.0,2642.4,880.8000000000001,1.0,2.0,regex
2231,Estefanía Mendez,vgascon@example.net,+34 902926389,60.0,F,Colombia,Medellín,Activo,2025-04-16,4.0,13837.76,3459.44,0.0,5.0,regex
2232,Sergio Montoya,chicomaria-manuela@example.net.,+34879 55 88 57,,F,Argentina,Buenos Aires,Suspendido,2026-01-12,0.0,0.0,,0.0,,regex
2233,Juan Francisco Galván,qbilbao@example.net,+34925587530,49.0,,España,Valencia,Inactivo,2025-02-12,4.0,15705.95,3926.4875,2.0,4.0,regex
2234,Lalo Martorell,ksole@example.com,+34 803279891,66.0,,Colombia,Cali,Activo,2024-05-04,0.0,0.0,,0.0,,regex
2235,Patricia Belda,gcaceres@example.com,487-494-0092x6288,42.0,M,Colombia,Barranquilla,Inactivo,2024-05-24,1.0,1389.48,1389.48,1.0,2.0,regex
2236,Sonia Escalante,alsinapelayo@example.com.,+34822974357,34.0,,España,Valencia,Activo,2025-05-31,0.0,0.0,,0.0,,regex
2237,Natalio Niño,trujillogabriel@example.com,+34 615812362,42.0,,España,Barcelona,Activo,2025-06-20,4.0,21220.49,5305.1225,1.0,,regex
2238,Silvano Roybal,cerdaviviana@example.com,+34800672446,44.0,,México,Mérida,Activo,2025-03-22,3.0,2835.86,945.2866666666667,1.0,,regex
2239,Mario Crespo,srubio@example.com,083.572.8909,,Otro,Chile,Temuco,Activo,2025-12-07,4.0,9373.95,2343.4875,1.0,4.0,regex
2240,Angelino Haro,omaldonado@example.net,+34 982042022,21.0,F,Perú,Arequipa,Suspendido,2023-05-27,4.0,13391.71,3347.9275,1.0,4.0,regex
2241,Jaime Haro,gexposito@example.com,755.525.8685,20.0,F,Argentina,La Plata,Suspendido,2025-12-26,1.0,703.67,703.67,0.0,5.0,regex
2242,Alberto Olivo,ksosa@example.net,(871)300-0255,30.0,,Venezuela,Caracas,Inactivo,2024-07-28,1.0,43.71,43.71,0.0,5.0,regex
2243,Jacinto Gómez,wsaucedo@example.org,844-704-1450,75.0,M,Venezuela,Barcelona,Inactivo,2024-08-21,2.0,1418.06,709.03,0.0,3.0,regex
2244,Violeta Bastida,mcarrillo@example.net.,955.942.2981,55.0,F,Venezuela,Maturín,Activo,2024-02-04,2.0,5225.7,2612.85,0.0,,regex
2245,Luis Seguí,blanconicolas@example.org.,+34 941 77 43 60,65.0,,México,Puebla,Suspendido,2024-12-28,5.0,4458.38,891.676,0.0,4.0,regex
2246,Rosenda Zayas,qcabezas@example.org,1-474-934-7688x9386,63.0,Otro,Colombia,Bucaramanga,Activo,2024-07-12,1.0,1791.76,1791.76,0.0,4.0,regex
2247,Juanita Rico,ignacio80@example.net,1-196-521-7900,45.0,,España,Málaga,Inactivo,2023-12-09,1.0,566.92,566.92,0.0,,regex
2248,Eloy Almonte,minerva40@example.org,1-958-769-5591,43.0,Otro,Argentina,Rosario,Activo,2024-08-08,3.0,2464.09,821.3633333333333,1.0,4.0,regex
2249,Javi Valcárcel,ggallego@example.net,+34 925 94 12 34,19.0,,México,Guadalajara,Activo,2025-02-07,2.0,190.38,95.19,0.0,,regex
2250,Heriberto Pelayo,luisolivera@example.com,01627435149,,F,Chile,Concepción,Inactivo,2024-11-24,1.0,1316.26,1316.26,0.0,,regex
2251,Elvira Valcárcel,hernancabo@example.com,028-106-0763x44334,20.0,,España,Barcelona,Activo,2023-05-13,2.0,1394.9,697.45,0.0,4.0,regex
2252,Emilio Pazos,antonia62@example.net,+25(2)1514351723,41.0,M,Colombia,Medellín,Suspendido,2026-02-15,2.0,4891.099999999999,2445.5499999999997,1.0,,regex
2253,Alvaro Marrero,juliaavalos@example.net.,+34880 54 72 24,60.0,F,España,Málaga,Suspendido,2026-01-12,2.0,3065.63,1532.815,0.0,,regex
2254,Eva Ramirez,gonzalezemperatriz@example.org,+34 884 58 92 75,33.0,F,México,Ciudad de México,Activo,2023-12-12,1.0,6261.22,6261.22,0.0,,regex
2255,Antonia Aranda,yvalenzuela@example.net,+34 876 55 56 38,42.0,Otro,España,Valencia,Suspendido,2025-02-15,5.0,5997.2699999999995,1199.454,2.0,4.0,regex
2256,Begoña Juliá,hmartinez@example.com,+34 803 55 73 38,,M,España,Bilbao,Suspendido,2024-09-27,2.0,2321.04,1160.52,0.0,4.0,regex
2257,Santiago Abrego,maestasfidel@example.com,+17(5)0566558990,33.0,Otro,Chile,Concepción,Inactivo,2024-04-29,4.0,5615.3,1403.825,1.0,,regex
2258,Rosa Cepeda,fortunatomancebo@example.org.,+34 882 300 631,70.0,F,Argentina,La Plata,Inactivo,2025-12-16,3.0,2446.22,815.4066666666666,0.0,5.0,regex
2259,Ramón Campos,vherranz@example.net.,+34824 420 286,19.0,M,Venezuela,Barquisimeto,Activo,2023-10-04,3.0,4477.55,1492.5166666666667,1.0,3.0,regex
2260,Inocencio Reina,abilio24@example.com,249-224-3023,48.0,Otro,Perú,Chiclayo,Suspendido,2025-09-05,5.0,14558.12,2911.6240000000003,1.0,,regex
2261,Albino Bárcena,victorinozurita@example.net,+34988 24 35 09,28.0,M,Perú,Lima,Suspendido,2025-01-21,2.0,315.37,157.685,0.0,5.0,regex
2262,Nico Cáceres,ocarrion@example.com,(948)467-6408,44.0,,Chile,Temuco,Suspendido,2024-09-24,1.0,2632.58,2632.58,0.0,,regex
2263,Esmeralda Barrientos,uriaselena@example.org.,+90(6)3360273156,,,Argentina,Buenos Aires,Inactivo,2025-11-16,0.0,0.0,,0.0,,regex
2264,Tadeo Trillo,lexposito@example.org,1-989-777-3824,50.0,F,Argentina,Tucumán,Inactivo,2026-03-13,2.0,68.93,34.465,0.0,4.0,regex
2265,Bernardo Preciado,fitoestrada@example.org,+34872 813 852,55.0,Otro,Venezuela,Barcelona,Suspendido,2024-01-04,5.0,8650.75,1730.15,0.0,,regex
2266,Rogelio Toro,zaira01@example.com,02452292456,60.0,Otro,Chile,Valparaíso,Activo,2025-05-20,3.0,648.73,216.24333333333334,0.0,,regex
2267,Coral Olivé,severino29@example.net,+34872 741 535,51.0,Otro,Argentina,Buenos Aires,Activo,2023-12-24,2.0,9920.419999999998,4960.209999999999,0.0,5.0,regex
2268,Nancy Bétancourt,jose-carlos09@example.net.,1-875-950-8257,,Otro,Venezuela,Maracaibo,Activo,2024-01-12,4.0,12541.91,3135.4775,0.0,,regex
2269,Alberto Toledo,jbecerra@example.com,467-475-2914x8356,,F,Argentina,Mendoza,Suspendido,2023-06-25,4.0,2757.07,689.2675,0.0,4.5,regex
2270,Reina Chaparro,de-leonisabela@example.org,411-055-6241x26676,60.0,M,Colombia,Barranquilla,Suspendido,2025-09-18,2.0,3768.63,1884.315,0.0,4.0,regex
2271,Amador Varela,maximiliano03@example.org,245-320-6543,36.0,M,México,Ciudad de México,Activo,2026-04-17,4.0,1567.61,391.9025,0.0,,regex
2272,Manolo Martín,alebelda@example.com.,+34 884 31 09 15,29.0,M,Chile,La Serena,Activo,2024-12-15,3.0,3033.55,1011.1833333333334,0.0,,regex
2273,Esperanza Guajardo,fernandoparra@example.org,974-787-0676,29.0,,Perú,Cusco,Inactivo,2024-03-14,0.0,0.0,,0.0,,regex
2274,Soledad Arco,rinconofelia@example.org,+34820012448,47.0,Otro,Argentina,Córdoba,Activo,2024-06-21,0.0,0.0,,0.0,,regex
2275,Carolina Capdevila,rodrigo00@example.com.,1-100-723-1492,,M,Colombia,Cali,Activo,2023-05-28,3.0,12179.56,4059.853333333333,1.0,3.0,regex
2276,Gregorio Landa,candelariobarral@example.com,+34885 31 05 50,,M,Chile,Santiago,Activo,2023-08-15,2.0,4937.0599999999995,2468.5299999999997,0.0,,regex
2277,Paulina Arellano,xalejandro@example.com,141.483.5156,45.0,F,España,Sevilla,Activo,2025-01-21,3.0,4331.35,1443.7833333333335,0.0,,regex
2278,Juan Pablo Seco,cortesandres@example.com,+34 988 611 511,20.0,M,Venezuela,Caracas,Activo,2026-01-29,0.0,0.0,,0.0,,regex
2279,Delia Caldera,jose-eduardoespinoza@example.com,+34 800 616 504,45.0,M,Perú,Lima,Activo,2023-12-01,0.0,0.0,,0.0,,regex
2280,Jaqueline Carrión,ffolch@example.org,+34844 07 25 08,18.0,M,Chile,Concepción,Activo,2024-04-26,1.0,2752.1,2752.1,0.0,,regex
2281,Marcelo Villar,porraszeferino@example.net,+34 920336010,,F,Perú,Trujillo,Activo,2025-09-14,0.0,0.0,,0.0,,regex
2282,María Teresa Bahena,cozarperlita@example.net.,1-192-288-7415x94925,71.0,M,Chile,Temuco,Activo,2025-04-06,3.0,24556.600000000002,8185.533333333334,1.0,2.0,regex
2283,Isabel Comas,phurtado@example.org,869.664.8110,,Otro,México,Puebla,Suspendido,2023-07-26,2.0,10804.76,5402.38,0.0,,regex
2284,Clarisa Solís,gonzalo06@example.com.,983.677.8107x082,35.0,F,Perú,Arequipa,Activo,2026-03-28,0.0,0.0,,0.0,,regex
2285,Evita Botello,manuelitacaballero@example.com,1-208-236-6162x0172,75.0,,Chile,Santiago,Activo,2025-07-22,1.0,386.89,386.89,0.0,,regex
2286,Rico Baeza,fcarranza@example.org.,+39(0)9276736086,55.0,Otro,Argentina,Buenos Aires,Inactivo,2026-01-08,1.0,332.59,332.59,0.0,,regex
2287,Isaías Armendáriz,ppalacios@example.com.,+55(0)8005090830,,F,España,Málaga,Inactivo,2025-03-26,0.0,0.0,,0.0,,regex
2288,Poncio Vazquez,raimundo64@example.com,+34 888 124 361,66.0,F,España,Madrid,Activo,2023-07-02,0.0,0.0,,0.0,,regex
2289,Jovita Arnal,lcaballero@example.org,+34902 98 36 78,,Otro,Colombia,Medellín,Activo,2025-03-09,0.0,0.0,,0.0,,regex
2290,Eloy Sandoval,ramon11@example.com.,1-550-043-7531x575,56.0,M,Venezuela,Maracaibo,Activo,2026-01-13,1.0,618.37,618.37,0.0,,regex
2291,Amelia Prada,dalilabarral@example.org,486.756.7535x153,42.0,M,Perú,Chiclayo,Inactivo,2025-05-04,3.0,9785.67,3261.89,1.0,,regex
2292,Gloria Cerezo,sisnerosbernardo@example.org,+34 974800378,,,Argentina,La Plata,Activo,2025-12-04,1.0,4154.02,4154.02,0.0,,regex
2293,Abraham Clemente,rebecaheras@example.com,+34 946 099 097,,M,México,Tijuana,Inactivo,2024-10-28,1.0,378.27,378.27,0.0,,regex
2294,Camila Ozuna,valenzuelasilvia@example.com,(490)439-4616,42.0,M,Argentina,La Plata,Inactivo,2023-09-25,3.0,5060.94,1686.9799999999998,0.0,,regex
2295,Adelaida Centeno,almarazjacinto@example.com,+34848 60 28 46,,,Colombia,Cali,Activo,2025-07-09,4.0,7342.56,1835.64,1.0,3.5,regex
2296,Vanesa Molins,nhenriquez@example.net,+34871974539,59.0,Otro,Venezuela,Barcelona,Suspendido,2024-12-14,3.0,7727.61,2575.87,0.0,5.0,regex
2297,Joan Valadez,ybravo@example.net,(433)736-0908,,M,Colombia,Cartagena,Activo,2024-09-02,3.0,10317.029999999999,3439.0099999999998,0.0,2.0,regex
2298,Mayte Zavala,worosco@example.org,+34 986342900,21.0,F,Perú,Trujillo,Activo,2024-03-18,3.0,7165.639999999999,2388.5466666666666,0.0,4.0,regex
2299,Felisa Terrazas,eloylucero@example.com,+34 920 121 676,72.0,F,Argentina,Rosario,Activo,2025-10-26,1.0,274.06,274.06,0.0,,regex
2300,Alvaro Aller,gmateo@example.net,242-565-8293x8540,44.0,F,México,Tijuana,Activo,2025-07-10,1.0,2101.38,2101.38,0.0,5.0,regex
2301,Aida Pujol,margaritaizaguirre@example.com,081.449.8602x9653,54.0,Otro,Chile,Antofagasta,Activo,2025-06-02,2.0,2480.17,1240.085,1.0,1.0,regex
2302,Rosenda Ocaña,telloale@example.com,+34 803487860,69.0,M,México,Tijuana,Suspendido,2024-06-07,2.0,1828.54,914.27,0.0,5.0,regex
2303,Viviana Lluch,duartesamuel@example.net,+34881 54 18 33,52.0,M,Argentina,Rosario,Inactivo,2025-01-13,5.0,6030.33,1206.066,0.0,5.0,regex
2304,Marco Maldonado,amado74@example.org,+34803395007,29.0,M,México,Ciudad de México,Activo,2024-09-12,0.0,0.0,,0.0,,regex
2305,Israel Aramburu,indiraroybal@example.net,1-036-733-6142x47415,50.0,Otro,Chile,Temuco,Activo,2025-11-06,2.0,525.16,262.58,1.0,2.0,regex
2306,Eutimio Quesada,laureanonancy@example.net,+34 884 364 851,33.0,Otro,México,Puebla,Activo,2024-12-09,1.0,1086.35,1086.35,0.0,,regex
2307,Jos Rojo,pomboborja@example.com.,+17(4)1964000925,63.0,M,Colombia,Bucaramanga,Activo,2025-05-21,3.0,2861.9,953.9666666666667,0.0,,regex
2308,Verónica Zapata,mariselasolis@example.org.,765.402.3471x451,18.0,F,Colombia,Cartagena,Inactivo,2024-09-17,3.0,3231.37,1077.1233333333332,0.0,,regex
2309,Melisa Cárdenas,veronica65@example.org,+34 941756275,,F,Chile,Concepción,Suspendido,2024-05-18,2.0,1678.51,839.255,0.0,,regex
2310,Adela Mayol,npaniagua@example.com,642.209.4705,54.0,Otro,Venezuela,Maturín,Inactivo,2026-01-05,0.0,0.0,,0.0,,regex
2311,Leonel Santana,bayochita@example.net,927-043-8852x871,28.0,Otro,Chile,Temuco,Inactivo,2025-08-31,1.0,698.29,698.29,1.0,1.0,regex
2312,Kike Garza,pacificasolano@example.net,+34 920442402,71.0,F,Chile,Temuco,Activo,2025-10-25,1.0,1477.17,1477.17,0.0,,regex
2313,Marcial Serrato,tiradomaria-cristina@example.com,+34882 272 477,38.0,F,Argentina,Córdoba,Activo,2023-09-10,2.0,1802.98,901.49,0.0,,regex
2314,Paulina Esquibel,mondragonlorenzo@example.org.,(173)671-3873,67.0,,México,Puebla,Activo,2024-03-25,1.0,2554.04,2554.04,0.0,,regex
2315,Vicenta Carpio,xpelayo@example.net,+34 949 24 69 88,68.0,F,México,Ciudad de México,Inactivo,2024-10-17,1.0,230.34,230.34,0.0,,regex
2316,Débora Vallés,mateosobrino@example.net,+34 841 47 68 67,49.0,F,Colombia,Barranquilla,Inactivo,2026-04-26,4.0,13456.92,3364.23,0.0,4.0,regex
2317,Benjamín Quintero,aurelia95@example.com,+34922 78 52 35,44.0,M,Colombia,Cartagena,Activo,2025-02-24,5.0,29958.6,5991.719999999999,0.0,5.0,regex
2318,Amancio Manzano,maxisala@example.org,1-424-711-5582,36.0,,Perú,Lima,Activo,2026-03-15,4.0,18865.25,4716.3125,0.0,,regex
2319,Pascuala Bravo,zayasabel@example.com,+34 967769313,53.0,F,Argentina,Rosario,Activo,2025-09-26,2.0,1492.26,746.13,0.0,,regex
2320,Héctor Guerrero,salomonmarti@example.org.,1-035-332-1012,22.0,,Venezuela,Maracaibo,Activo,2026-03-14,4.0,5248.99,1312.2475,0.0,3.5,regex
2321,María del Carmen Ybarra,cruz99@example.com,031.705.6825x832,,F,Perú,Iquitos,Activo,2023-07-23,3.0,2351.32,783.7733333333334,0.0,2.0,ner
2322,Esmeralda Malave,yespinoza@example.com,883.686.3644x4981,46.0,F,Argentina,Mendoza,Activo,2025-05-05,2.0,1479.85,739.925,0.0,,regex
2323,Maricruz Revilla,raulchavez@example.net,+34 941 04 29 42,,F,Colombia,Cartagena,Activo,2025-08-16,2.0,379.71,189.855,0.0,4.0,regex
2324,Encarna Larrea,eric50@example.com,(209)938-7211x2038,,,Venezuela,Barquisimeto,Activo,2025-07-11,3.0,1491.65,497.2166666666667,1.0,3.0,regex
2325,Diana Calvo,nazariosilvia@example.com.,616.806.8030x400,27.0,,Chile,La Serena,Activo,2025-05-27,1.0,295.64,295.64,0.0,,regex
2326,Lucía Bernad,lledohector@example.org,+57(4)3211154959,27.0,M,Argentina,La Plata,Activo,2025-02-02,2.0,8163.97,4081.985,0.0,3.5,regex
2327,Rosario Pinilla,gutierrezreynaldo@example.com,+34979 659 205,37.0,M,España,Sevilla,Activo,2024-12-25,3.0,4338.68,1446.2266666666667,0.0,,regex
2328,Miriam Alvarado,riveropaloma@example.net.,+34 827153609,54.0,F,Colombia,Cartagena,Activo,2024-03-26,1.0,104.3,104.3,0.0,,regex
2329,José Lasa,carmenbahena@example.org,+15(3)5305325624,64.0,,España,Sevilla,Activo,2025-12-13,2.0,1445.8300000000002,722.9150000000001,0.0,3.0,regex
2330,Rubén Armas,jleal@example.net,1-516-932-4057,47.0,F,España,Sevilla,Suspendido,2023-08-28,1.0,771.19,771.19,0.0,,regex
2331,Rafael Cabello,armidabeltran@example.net,770-952-1858x680,53.0,Otro,Argentina,Mendoza,Activo,2025-06-10,2.0,7707.87,3853.935,0.0,5.0,regex
2332,Eloísa Colón,villaines@example.net,+34921857839,,Otro,Perú,Lima,Suspendido,2023-12-07,2.0,2511.92,1255.96,0.0,,regex
2333,Iker Rodríguez,corralaurelio@example.com,1-485-307-4878x1340,,M,Venezuela,Barquisimeto,Inactivo,2025-06-06,1.0,183.8,183.8,0.0,5.0,regex
2334,Ámbar Alcaraz,becerraperla@example.org,+34942 17 00 04,64.0,F,Argentina,Buenos Aires,Activo,2024-04-08,2.0,2442.86,1221.43,0.0,4.0,regex
2335,Lourdes Fernandez,aguilerarodolfo@example.com.,(553)962-5561,24.0,M,Argentina,Tucumán,Suspendido,2024-02-29,6.0,10446.8,1741.1333333333332,0.0,4.333333333333333,regex
2336,Gracia Ballesteros,farregisela@example.org,+34922 29 41 76,,Otro,España,Málaga,Activo,2023-09-09,0.0,0.0,,0.0,,regex
2337,Noelia Criado,zamudioleticia@example.net.,612-166-9481,23.0,,Argentina,La Plata,Activo,2023-05-13,4.0,11353.46,2838.365,0.0,5.0,regex
2338,Fidel Gimenez,rivaswalter@example.net.,1-567-323-8368,70.0,,Colombia,Cartagena,Activo,2023-08-27,3.0,10045.18,3348.3933333333334,0.0,5.0,regex
2339,Marino Orozco,nidiavazquez@example.org.,905-389-0595,74.0,F,México,Monterrey,Inactivo,2025-03-14,0.0,0.0,,0.0,,regex
2340,Cynthia Ruano,vcorominas@example.com,(108)727-4105,57.0,M,Argentina,Tucumán,Activo,2026-02-08,1.0,7534.98,7534.98,0.0,5.0,regex
2341,María Luisa Perea,aurora84@example.net,1-529-643-5221x73284,24.0,M,Venezuela,Maturín,Activo,2024-02-24,1.0,6310.67,6310.67,0.0,,regex
2342,Trinidad Barreda,cortinaesmeralda@example.org,(651)342-0457,52.0,F,España,Sevilla,Inactivo,2026-04-27,2.0,3041.57,1520.785,0.0,2.0,regex
2343,Custodio Naranjo,jose-emiliogaytan@example.org,+34 812413001,59.0,M,Venezuela,Barcelona,Activo,2023-12-28,2.0,2269.15,1134.575,0.0,,regex
2344,Luz Maldonado,lujanjose-ramon@example.com,055-922-7702x6049,61.0,Otro,Argentina,La Plata,Activo,2024-07-21,2.0,7577.030000000001,3788.5150000000003,0.0,,regex
2345,Sara Enríquez,bvillareal@example.net,01350764996,24.0,M,Argentina,Rosario,Suspendido,2023-11-11,4.0,3120.8,780.2,1.0,1.0,regex
2346,Karina Gelabert,arevalomargarita@example.org,+34 887750522,68.0,M,Venezuela,Valencia,Inactivo,2023-08-23,2.0,3732.08,1866.04,1.0,,regex
2347,Soledad Aguilera,carolinanegron@example.net.,+34 879238143,,Otro,Colombia,Medellín,Activo,2023-09-10,5.0,4002.37,800.4739999999999,2.0,3.5,regex
2348,Tomás Rodríguez,liliana97@example.org,01989511157,22.0,F,Argentina,Mendoza,Suspendido,2023-09-28,2.0,1931.8,965.9,0.0,5.0,regex
2349,Xiomara Uría,flor58@example.com,+34 866 423 624,67.0,,México,Puebla,Suspendido,2025-09-30,2.0,16660.05,8330.025,0.0,5.0,regex
2350,José Manuél Salmerón,inigo87@example.com.,+34984 057 117,,F,España,Bilbao,Activo,2025-04-02,2.0,9125.09,4562.545,0.0,4.0,regex
2351,Amador Costa,nancy94@example.org,(379)366-6044,63.0,F,Argentina,La Plata,Inactivo,2025-09-18,1.0,43.67,43.67,0.0,,regex
2352,Camilo Zamora,hbauza@example.org,1-734-774-9678x45273,60.0,F,México,Guadalajara,Activo,2025-04-13,1.0,2356.28,2356.28,0.0,,regex
2353,Felicidad Moll,smena@example.org.,+34 923455797,21.0,Otro,España,Málaga,Activo,2025-07-12,2.0,4024.12,2012.06,0.0,,regex
2354,Alba Baca,ivan30@example.org,+34978314127,62.0,F,Venezuela,Maracaibo,Suspendido,2026-03-29,1.0,505.6,505.6,0.0,,regex
2355,César Palau,qcavazos@example.org,525.177.4856,60.0,,Perú,Lima,Suspendido,2023-10-28,1.0,1723.04,1723.04,0.0,,regex
2356,Homero Lerma,jmena@example.net.,+34 846022041,28.0,F,España,Sevilla,Activo,2024-08-11,2.0,2089.31,1044.655,0.0,,regex
2357,Alma Cuellar,cristina01@example.net.,760-967-3725,42.0,,Venezuela,Caracas,Inactivo,2026-04-12,3.0,1714.25,571.4166666666666,1.0,4.5,regex
2358,Julio Escobar,luz06@example.net.,+69(6)1588445236,,Otro,México,Mérida,Inactivo,2025-02-05,1.0,4724.7,4724.7,0.0,,regex
2359,Angélica Amores,anacletoperez@example.com.,040.623.2151x75196,,F,Venezuela,Maracaibo,Activo,2025-02-15,5.0,5329.37,1065.874,0.0,,regex
2360,Tania Amaya,omoreno@example.org.,(342)207-0431x07722,49.0,F,Chile,Santiago,Activo,2025-01-15,1.0,1702.66,1702.66,0.0,,regex
2361,Serafín Santillán,storrecilla@example.org,+17(6)7873880111,63.0,F,Perú,Trujillo,Suspendido,2023-06-16,0.0,0.0,,0.0,,regex
2362,Débora Galiano,ambar22@example.org.,504.480.6324x489,30.0,,Venezuela,Barcelona,Activo,2025-01-01,4.0,5295.01,1323.7525,1.0,,regex
2363,Aldo Carmona,zcalvo@example.net,1-427-933-9970,51.0,F,Chile,Concepción,Suspendido,2023-09-20,1.0,384.97,384.97,0.0,,regex
2364,Yuridia Bernal,marreromario@example.net,00296544190,,F,Chile,La Serena,Activo,2023-12-14,1.0,763.34,763.34,0.0,,regex
2365,Alonso Ribas,menendezadalberto@example.org.,(237)246-4560x485,20.0,F,Chile,Antofagasta,Activo,2023-08-12,3.0,12391.01,4130.336666666667,0.0,5.0,regex
2366,Viviana Maya,dianaescamilla@example.net,911.178.5125x927,,Otro,Colombia,Medellín,Suspendido,2025-09-29,1.0,952.21,952.21,0.0,,regex
2367,Santiago Chávez,silviacifuentes@example.com,+34882 18 75 76,34.0,F,México,Guadalajara,Activo,2024-10-28,5.0,36393.59,7278.717999999999,0.0,,regex
2368,Mercedes Cuesta,nicolas83@example.com,+79(8)3340833783,34.0,F,Perú,Chiclayo,Activo,2025-11-27,1.0,269.84,269.84,0.0,3.0,regex
2369,Pastor Porcel,polivas@example.net.,+34988 079 565,,F,Venezuela,Barquisimeto,Activo,2023-07-05,1.0,12316.86,12316.86,0.0,,regex
2370,Gilberto Tormo,ferrerlucas@example.net,+34886 70 92 80,73.0,Otro,España,Barcelona,Activo,2026-01-15,0.0,0.0,,0.0,,regex
2371,Asunción Collado,nildasureda@example.com.,(793)922-6894,49.0,Otro,Perú,Chiclayo,Activo,2024-02-19,0.0,0.0,,0.0,,regex
2372,Lorena Hoz,nvicente@example.org,+72(8)1959816180,42.0,,Venezuela,Barquisimeto,Activo,2025-02-26,2.0,512.88,256.44,0.0,,regex
2373,Juan José Galiano,celorza@example.org,(522)759-4267,39.0,Otro,Colombia,Bucaramanga,Activo,2025-09-30,1.0,273.31,273.31,0.0,,regex
2374,Diego Coloma,pablo32@example.com,+34 825 69 93 29,26.0,Otro,España,Bilbao,Activo,2024-02-12,1.0,9527.85,9527.85,0.0,,regex
2375,Che Mireles,iacosta@example.com.,+34900 951 339,75.0,F,Colombia,Barranquilla,Activo,2024-08-20,6.0,3760.6899999999996,626.7816666666666,1.0,4.0,regex
2376,Magdalena Rivera,tomasvelasco@example.com,471.181.3207x23919,52.0,Otro,Argentina,Rosario,Suspendido,2024-12-19,2.0,12661.41,6330.705,0.0,,regex
2377,Isaac Ayala,magdalenavera@example.net.,06765599919,72.0,M,Venezuela,Barcelona,Activo,2026-05-09,2.0,10256.320000000002,5128.160000000001,0.0,,regex
2378,Rocío Palomino,emilianofigueroa@example.com,(995)143-7043,39.0,M,España,Málaga,Suspendido,2026-04-12,4.0,3870.03,967.5075,0.0,5.0,regex
2379,Samuel Ripoll,hfigueroa@example.com.,442.221.2421x973,47.0,Otro,Venezuela,Maracaibo,Activo,2025-05-12,0.0,0.0,,0.0,,regex
2380,Yésica Jiménez,bernardorendon@example.com,+34 742 95 83 85,40.0,M,Argentina,Mendoza,Inactivo,2024-11-15,4.0,16375.32,4093.83,0.0,,regex
2381,Joel Sáez,martinmauricio@example.org,03563431719,64.0,M,Chile,Valparaíso,Suspendido,2026-01-14,2.0,1285.63,642.815,0.0,,regex
2382,Estela Olivé,sbriones@example.com,1-382-541-7689,,,Venezuela,Barquisimeto,Activo,2025-06-04,3.0,16873.39,5624.463333333333,0.0,,regex
2383,Anacleto Tirado,nestor80@example.org.,718.691.9816,66.0,Otro,México,Monterrey,Activo,2024-06-18,0.0,0.0,,0.0,,regex
2384,Rubén Campillo,felix65@example.org,+34 876 861 367,,F,Venezuela,Maracaibo,Activo,2025-11-26,5.0,12757.82,2551.564,1.0,3.6666666666666665,regex
2385,Tomás Román,leandro33@example.com,+34978 367 127,22.0,Otro,Perú,Trujillo,Activo,2024-10-22,1.0,508.28,508.28,0.0,,regex
2386,Samuel Grijalva,candidosantana@example.net,+69(7)2967204186,53.0,F,Venezuela,Barcelona,Inactivo,2025-03-12,1.0,850.71,850.71,0.0,,regex
2387,Encarnación Pi,vmartinez@example.net.,1-474-019-2553,30.0,,España,Madrid,Suspendido,2024-07-12,1.0,1324.01,1324.01,0.0,,regex
2388,Toño Marquez,augusto39@example.com,+34941 754 576,,F,Perú,Iquitos,Activo,2025-02-06,0.0,0.0,,0.0,,regex
2389,Juan Pag,ruben36@example.net,+34 876855288,,,Chile,Concepción,Inactivo,2023-12-05,2.0,4648.01,2324.005,0.0,,regex
2390,Eustaquio Ruelas,hermenegildo58@example.net.,919.776.3858x6922,38.0,M,Venezuela,Maturín,Activo,2025-06-30,2.0,1155.11,577.555,1.0,,regex
2391,Esperanza Palomo,lquiros@example.net,01716535955,60.0,M,España,Valencia,Activo,2025-03-04,1.0,315.92,315.92,0.0,4.0,regex
2392,Amanda Vanegas,samuelirizarry@example.net,099.728.5541,39.0,F,México,Guadalajara,Activo,2025-02-05,3.0,5230.370000000001,1743.456666666667,0.0,,regex
2393,Estefanía Miguel,federico15@example.com,096.762.4285,49.0,F,Argentina,Rosario,Activo,2023-11-01,3.0,3093.72,1031.24,0.0,,regex
2394,Teresa Almonte,jose76@example.com,+34806 779 975,63.0,M,Argentina,Tucumán,Activo,2025-05-11,3.0,2564.6000000000004,854.8666666666668,1.0,,regex
2395,Dafne Prats,leyvaagustin@example.com.,+34877 46 15 04,72.0,,Chile,Santiago,Activo,2025-06-29,3.0,6290.299999999999,2096.7666666666664,0.0,4.0,regex
2396,Angelina Vilanova,emiliobadia@example.net.,+34 920139002,31.0,Otro,México,Mérida,Activo,2023-06-29,0.0,0.0,,0.0,,regex
2397,Marco Hidalgo,sergiovazquez@example.org,523.783.9049,66.0,Otro,Venezuela,Barcelona,Activo,2024-05-23,5.0,14223.26,2844.652,1.0,4.0,regex
2398,Humberto Tovar,celia63@example.org,+34880 88 46 51,73.0,Otro,Chile,Temuco,Suspendido,2023-12-24,0.0,0.0,,0.0,,regex
2399,Ramiro Baena,chuy30@example.org,+64(4)9035934177,37.0,F,Colombia,Cali,Activo,2023-12-20,2.0,9286.7,4643.35,0.0,4.0,regex
2400,Maricela Santiago,pazcabo@example.net,+34824606392,24.0,Otro,México,Tijuana,Activo,2023-07-23,2.0,3197.4199999999996,1598.7099999999998,0.0,,regex
2401,María Teresa Blazquez,correaangela@example.org.,+34 945 970 257,24.0,F,Colombia,Bogotá,Activo,2024-01-28,3.0,6028.28,2009.4266666666665,0.0,3.0,regex
2402,Luisa Jimínez,fajardopaco@example.com.,1-286-399-6240x23849,28.0,M,España,Bilbao,Suspendido,2023-07-13,4.0,18440.32,4610.08,1.0,3.3333333333333335,regex
2403,Aitana Benítez,adalberto90@example.net.,+34871 957 286,,,España,Valencia,Activo,2025-03-14,1.0,305.24,305.24,0.0,,regex
2404,Corona Amat,ogastelum@example.org.,+34971 65 34 80,61.0,Otro,Colombia,Cali,Activo,2025-06-07,2.0,11841.210000000001,5920.6050000000005,0.0,4.0,regex
2405,Julio César Gutiérrez,isabel20@example.org,+34 828 544 484,,M,Colombia,Barranquilla,Inactivo,2025-02-20,0.0,0.0,,0.0,,regex
2406,Victoriano Báez,ulloamartha@example.org,+34842 21 77 59,26.0,F,Argentina,Mendoza,Suspendido,2023-10-04,0.0,0.0,,0.0,,regex
2407,Soledad Benavente,gabrielaguado@example.net,00372810297,63.0,F,Chile,Santiago,Activo,2025-02-21,0.0,0.0,,0.0,,regex
2408,Itzel Carrero,dgarmendia@example.org,+34 980963302,,F,Chile,La Serena,Activo,2024-05-27,1.0,383.14,383.14,0.0,,regex
2409,Julia Quesada,cordobaamaya@example.com,(133)459-5829,20.0,,México,Mérida,Activo,2026-03-30,1.0,3888.3,3888.3,0.0,,regex
2410,Leonel Bartolomé,ramona90@example.net,(147)537-6378,35.0,M,México,Tijuana,Suspendido,2024-05-27,3.0,3483.8100000000004,1161.2700000000002,1.0,,regex
2411,Guillermo Tórrez,miriam66@example.net,(577)051-8650x67996,18.0,,Venezuela,Valencia,Activo,2025-12-13,2.0,1146.26,573.13,1.0,,regex
2412,Conrado Vigil,encarnita25@example.com,+42(6)4697950804,73.0,F,Perú,Cusco,Activo,2024-07-30,3.0,2125.63,708.5433333333334,0.0,,regex
2413,Jimena Garay,amilcar41@example.com,+34 975502092,51.0,,Colombia,Cartagena,Activo,2024-05-11,0.0,0.0,,0.0,,regex
2414,Gerónimo Alberola,juan-manuel62@example.com,514.874.9715,42.0,F,México,Monterrey,Activo,2023-10-02,3.0,1298.9,432.9666666666667,1.0,1.0,regex
2415,Gerónimo Valencia,jacinto35@example.net,1-999-169-5359x5228,33.0,F,Venezuela,Maracaibo,Inactivo,2025-04-24,2.0,13745.07,6872.535,0.0,,regex
2416,Arcelia Aguilar,borrasanabel@example.net.,1-731-114-9633x6098,34.0,M,Colombia,Medellín,Inactivo,2026-02-22,2.0,12493.619999999999,6246.8099999999995,0.0,,regex
2417,Maxi Luján,ncanales@example.net,400-597-5834,47.0,Otro,España,Madrid,Activo,2023-05-29,1.0,156.63,156.63,0.0,,regex
2418,Dalia Verdú,serranoeduardo@example.net,1-490-787-2550,35.0,M,México,Mérida,Inactivo,2024-04-15,3.0,980.4000000000001,326.8,0.0,4.0,regex
2419,Carla Fuentes,marisol70@example.com,(061)694-1351x28483,22.0,Otro,Colombia,Barranquilla,Inactivo,2025-11-25,2.0,2642.42,1321.21,0.0,,regex
2420,Jorge Luis Tijerina,vsierra@example.org,1-922-691-5694x9060,71.0,F,Perú,Lima,Inactivo,2024-11-06,1.0,4796.41,4796.41,0.0,,regex
2421,Alejo Doménech,odalys12@example.org,969.157.3494,,,España,Madrid,Inactivo,2025-01-16,0.0,0.0,,0.0,,regex
2422,Elvira Tapia,rosalia13@example.net,1-870-188-1113x37952,41.0,,Argentina,La Plata,Activo,2023-12-18,1.0,1581.66,1581.66,0.0,,regex
2423,Eugenio Llorens,qalberola@example.com,+34844787963,,F,Chile,Concepción,Activo,2025-08-05,2.0,1059.98,529.99,0.0,,regex
2424,Sergio Vila,imeldaduenas@example.org,+34982 220 448,66.0,Otro,Venezuela,Maracaibo,Suspendido,2025-05-02,1.0,2829.8,2829.8,0.0,,regex
2425,Rosalva Carrasco,pelayoflorencia@example.net,104.259.9002x842,29.0,Otro,Chile,Santiago,Inactivo,2024-03-07,0.0,0.0,,0.0,,regex
2426,Andrea Casanova,gomezana-belen@example.com,1-403-057-9251,19.0,F,España,Málaga,Suspendido,2024-01-10,0.0,0.0,,0.0,,regex
2427,África Soliz,sebastianvalle@example.org,+34 806 152 979,24.0,,México,Monterrey,Activo,2025-01-06,1.0,398.88,398.88,0.0,,regex
2428,Karina Bertrán,asans@example.net,+34 948208212,58.0,F,Chile,Valparaíso,Suspendido,2023-05-21,5.0,15635.4,3127.08,0.0,,regex
2429,Magdalena Miranda,kcorominas@example.org,+34880 50 11 34,30.0,M,Colombia,Cartagena,Activo,2026-02-16,1.0,38.56,38.56,1.0,,regex
2430,Patricia Amador,zuritalucho@example.net.,494.972.5472,,,Venezuela,Caracas,Inactivo,2024-03-22,2.0,2324.2799999999997,1162.1399999999999,1.0,3.0,regex
2431,Hilda Campos,lilia39@example.com,+34883 65 14 44,32.0,,Chile,La Serena,Activo,2024-08-14,1.0,624.19,624.19,0.0,,regex
2432,Mercedes Sierra,mamen52@example.com,+34 983886465,53.0,F,España,Valencia,Activo,2026-01-04,4.0,8589.900000000001,2147.4750000000004,0.0,5.0,regex
2433,Teresa Ibáñez,tamaritingrid@example.net,139-136-9975,,,España,Málaga,Suspendido,2024-12-08,3.0,4790.86,1596.9533333333331,0.0,,regex
2434,Amarilis Roybal,xcarro@example.com,+34847 41 25 03,,Otro,España,Sevilla,Activo,2024-03-07,4.0,3153.82,788.455,0.0,4.5,regex
2435,Gilberto Roldán,jeremiassarabia@example.org,+34971 41 97 53,58.0,M,Chile,Santiago,Activo,2023-07-04,1.0,1116.05,1116.05,1.0,,regex
2436,Roberta Gracia,deboratovar@example.com,+34877 521 085,64.0,M,Perú,Lima,Inactivo,2026-04-05,1.0,180.26,180.26,0.0,,regex
2437,Josefina Treviño,kgonzalo@example.org,108.858.9981,,F,México,Monterrey,Activo,2026-02-03,2.0,2410.4300000000003,1205.2150000000001,0.0,,regex
2438,Dolores Valdés,elpidio06@example.com,+34 873955343,62.0,F,España,Valencia,Activo,2024-03-17,2.0,3566.3599999999997,1783.1799999999998,1.0,3.0,regex
2439,Berta Cavazos,aureliano93@example.org,430-091-7316,28.0,M,Chile,Concepción,Activo,2024-01-08,1.0,496.31,496.31,1.0,,regex
2440,Vicente Acevedo,hildahernandez@example.com,+34737 12 12 57,60.0,,Chile,Temuco,Activo,2026-02-28,4.0,3038.38,759.595,0.0,5.0,regex
2441,Aureliano Mateos,adrianacanovas@example.com,952-076-9915x28311,29.0,M,España,Málaga,Activo,2024-11-01,3.0,2519.11,839.7033333333334,0.0,,regex
2442,Bernabé Palomino,carbajaloswaldo@example.org,+34934 402 776,32.0,,Perú,Cusco,Activo,2023-09-16,4.0,5282.1900000000005,1320.5475000000001,1.0,,regex
2443,Iván Porcel,pia75@example.org,+34740366857,66.0,F,Argentina,La Plata,Inactivo,2024-01-28,2.0,219.71,109.855,0.0,4.0,regex
2444,Trinidad León,trevinogabriel@example.com.,+34 943302129,18.0,M,Colombia,Cartagena,Activo,2024-12-18,2.0,1073.32,536.66,0.0,,regex
2445,Santos Sánchez,paola11@example.org,+34 874 102 623,23.0,M,Colombia,Bogotá,Activo,2023-06-06,5.0,18189.54,3637.9080000000004,0.0,3.0,regex
2446,Rodolfo Lozano,feliciano29@example.org.,(654)763-1691,,,Perú,Chiclayo,Suspendido,2024-06-20,2.0,938.1800000000001,469.09000000000003,0.0,,regex
2447,Hilario Mireles,mariana42@example.org,(466)762-2676,28.0,Otro,Argentina,La Plata,Suspendido,2024-11-01,3.0,3837.47,1279.1566666666665,0.0,5.0,regex
2448,Rolando Lobato,daniela24@example.net,+34 803 59 64 25,57.0,,Colombia,Medellín,Activo,2025-03-03,1.0,94.65,94.65,0.0,4.0,regex
2449,Remigio Girón,oteroalfredo@example.net,+34888 897 311,,F,México,Tijuana,Suspendido,2023-06-30,1.0,610.7,610.7,0.0,,regex
2450,Juan Gollum,aureliocaldera@example.net.,240-150-4379,26.0,M,España,Madrid,Activo,2025-06-20,2.0,1463.1499999999999,731.5749999999999,0.0,,regex
2451,Pascual Vigil,belen55@example.net,+34949 45 48 75,,Otro,Chile,Temuco,Suspendido,2025-01-29,0.0,0.0,,0.0,,regex
2452,Francisca Olmedo,susanavera@example.net,+34901368275,69.0,M,Chile,Concepción,Activo,2024-11-25,1.0,46.32,46.32,0.0,,regex
2453,Zacarías Bañuelos,lrosales@example.com,+34807815808,,M,Chile,Concepción,Activo,2026-03-31,1.0,6307.62,6307.62,0.0,2.0,regex
2454,José Luis Campos,nievesluque@example.com,09992752371,34.0,,Chile,Temuco,Activo,2025-12-27,3.0,3189.92,1063.3066666666666,0.0,3.0,regex
2455,Luisa Olmos,candelario87@example.com,+53(2)0936130144,26.0,M,Venezuela,Maturín,Activo,2024-03-05,2.0,7309.33,3654.665,0.0,5.0,regex
2456,Ester Cotto,baezeric@example.com.,1-806-932-8940,52.0,M,Perú,Trujillo,Activo,2026-03-28,4.0,11077.34,2769.335,0.0,3.5,regex
2457,Araceli Aragón,nanaya@example.com,+34 986467908,66.0,M,España,Valencia,Activo,2024-10-13,3.0,6495.17,2165.056666666667,1.0,3.0,regex
2458,Alba Camacho,marisolmontano@example.net,+34979460100,73.0,,Perú,Trujillo,Activo,2025-04-08,2.0,2103.98,1051.99,1.0,4.0,regex
2459,Mariano Ávalos,eballesteros@example.net.,+34842 566 180,55.0,M,Venezuela,Maracaibo,Activo,2023-08-21,3.0,9143.84,3047.9466666666667,1.0,3.0,regex
2460,Federico Arevalo,bbarrios@example.org,+34845 221 268,59.0,F,Colombia,Cali,Activo,2025-12-23,5.0,4621.41,924.2819999999999,0.0,,regex
2461,Melchor Araujo,bayomacarena@example.com,+34884 91 06 76,19.0,Otro,Perú,Lima,Activo,2025-11-20,1.0,357.96,357.96,0.0,4.0,regex
2462,Pili Lucena,bonillaluz@example.org,+34845 251 964,61.0,M,Argentina,Córdoba,Suspendido,2026-02-03,0.0,0.0,,0.0,,regex
2463,Natividad Casas,gconcepcion@example.org,+25(4)4965502421,,Otro,Chile,Concepción,Suspendido,2026-02-07,3.0,3102.84,1034.28,1.0,3.0,regex
2464,Teresa Muñoz,serafin50@example.org,426-335-2317,27.0,,Venezuela,Maturín,Activo,2024-03-21,0.0,0.0,,0.0,,regex
2465,Miriam Ferrera,cortesale@example.com,+34 874920318,45.0,,España,Madrid,Activo,2024-09-14,2.0,3027.4,1513.7,1.0,3.0,regex
2466,Gilberto Sisneros,arceliatorrijos@example.net,+34 981 390 049,,F,Argentina,Tucumán,Activo,2024-01-18,1.0,2249.89,2249.89,0.0,,regex
2467,Lorena Rangel,raquelochoa@example.org,+34 964 991 047,42.0,Otro,México,Mérida,Activo,2026-04-23,4.0,3792.9700000000003,948.2425000000001,0.0,3.3333333333333335,regex
2468,Rosario Hinojosa,hernan65@example.com.,1-137-153-4278x93287,,F,Chile,La Serena,Activo,2023-10-18,2.0,804.78,402.39,1.0,2.0,regex
2469,Noelia Ocasio,francisco84@example.org,(946)454-0300,53.0,Otro,Perú,Trujillo,Activo,2025-04-14,2.0,648.05,324.025,1.0,4.0,regex
2470,Eugenia Pelayo,jorge38@example.net,+34875234533,56.0,Otro,México,Ciudad de México,Suspendido,2024-07-08,3.0,2344.73,781.5766666666667,0.0,,regex
2471,Eligio Nava,hernan92@example.net,+34876980133,67.0,Otro,Venezuela,Maracaibo,Suspendido,2025-04-10,2.0,2464.6000000000004,1232.3000000000002,0.0,,regex
2472,Mónica Pavón,gaguilera@example.com,+34828 158 162,25.0,F,Venezuela,Maturín,Activo,2023-07-25,4.0,4196.530000000001,1049.1325000000002,0.0,,regex
2473,Emilia Cruz,palmacaridad@example.com.,1-091-639-7505,51.0,,España,Valencia,Activo,2025-10-26,2.0,645.39,322.695,0.0,,regex
2474,Dionisio Barela,barriosamerico@example.net.,(300)277-3206,48.0,F,México,Mérida,Activo,2024-07-19,3.0,2184.78,728.2600000000001,1.0,4.0,regex
2475,Clemente Paz,zorrillafulgencio@example.com,+34 848 676 311,59.0,M,México,Mérida,Inactivo,2024-02-05,3.0,16364.330000000002,5454.776666666668,0.0,,regex
2476,Álvaro Girón,lealbianca@example.com.,+34954293064,43.0,,México,Puebla,Activo,2026-01-08,0.0,0.0,,0.0,,regex
2477,Elvia Velasco,tvalencia@example.net,+34 988954058,37.0,F,Perú,Chiclayo,Activo,2025-04-29,3.0,5893.0599999999995,1964.3533333333332,2.0,3.0,regex
2478,Fernando Sáenz,nancyvillalpando@example.com.,+34 902 597 989,26.0,F,Venezuela,Barcelona,Suspendido,2023-12-02,1.0,808.72,808.72,1.0,2.0,regex
2479,Jacinto Lucero,evaristo10@example.org,+34 901996117,,M,Argentina,Córdoba,Inactivo,2024-12-08,2.0,3351.0,1675.5,0.0,4.0,regex
2480,José Emilio Angulo,ytrevino@example.com,+34959 233 953,73.0,,Venezuela,Caracas,Activo,2023-06-15,0.0,0.0,,0.0,,regex
2481,Fátima Montoya,rosalinda25@example.com.,+34973 731 252,52.0,,Argentina,Mendoza,Activo,2024-06-10,1.0,3102.24,3102.24,0.0,,regex
2482,Alonso Giner,barrosvictor@example.com.,+34979335836,,F,Colombia,Medellín,Activo,2026-01-12,2.0,3974.79,1987.395,0.0,2.0,regex
2483,Edelmiro Briseño,tvenegas@example.com.,+34980 871 713,41.0,M,Perú,Trujillo,Suspendido,2026-03-18,0.0,0.0,,0.0,,regex
2484,Pablo Barbero,pablo25@example.com,+34978 396 433,26.0,F,Argentina,La Plata,Suspendido,2024-08-24,2.0,7008.74,3504.37,0.0,,regex
2485,Aarón Rivero,cristian77@example.com.,+34913672097,62.0,F,España,Barcelona,Activo,2023-06-19,3.0,1100.88,366.96000000000004,1.0,,regex
2486,José Manuél Castells,vsisneros@example.net,164)933-1115,,M,México,Mérida,Activo,2025-08-17,3.0,3330.75,1110.25,2.0,3.5,regex
2487,Hugo Domínguez,bertasisneros@example.org,1-036-323-5185x22916,43.0,Otro,Perú,Iquitos,Activo,2024-07-21,1.0,229.63,229.63,0.0,,regex
2488,Jordana Sacristán,pbermudez@example.net.,454-430-0745x7774,23.0,M,Venezuela,Caracas,Suspendido,2025-04-20,3.0,8005.88,2668.6266666666666,0.0,4.5,regex
2489,Lucía Camarillo,queroljose-ignacio@example.org,+34928 336 305,56.0,M,Chile,Valparaíso,Activo,2025-07-24,1.0,44.33,44.33,0.0,,regex
2490,Natalia Páez,lbarragan@example.com,+34973 66 60 69,43.0,Otro,México,Mérida,Activo,2023-06-01,2.0,145.05,72.525,0.0,4.0,regex
2491,Concepción Bonilla,nvilalta@example.com,326.474.1412,72.0,M,España,Bilbao,Activo,2023-05-26,3.0,1500.1399999999999,500.0466666666666,0.0,,regex
2492,Elsa Solís,ilsevergara@example.com,+34 700182087,66.0,Otro,Venezuela,Barcelona,Inactivo,2024-07-08,1.0,870.91,870.91,0.0,5.0,regex
2493,Bernarda Garriga,kbertran@example.org,+34 827 987 921,24.0,F,Argentina,Tucumán,Suspendido,2024-05-09,2.0,7625.379999999999,3812.6899999999996,1.0,3.0,regex
2494,Regina Solana,vperez@example.org.,+34 983086752,64.0,Otro,Venezuela,Maturín,Activo,2024-08-04,1.0,15321.62,15321.62,0.0,,regex
2495,Rubén Múgica,florentinovicens@example.org,(517)731-3197x493,55.0,M,España,Valencia,Activo,2024-01-28,1.0,1318.27,1318.27,0.0,,regex
2496,Leyre Polanco,octavio93@example.com,(511)825-6651x63917,26.0,Otro,España,Sevilla,Suspendido,2024-10-05,2.0,2053.22,1026.61,0.0,,regex
2497,Fidel Reyes,ferrerolucio@example.org,+34922 03 34 60,42.0,,México,Monterrey,Inactivo,2024-04-16,1.0,210.33,210.33,0.0,2.0,regex
2498,Tania Melgar,veronica46@example.net,(482)187-3982,25.0,Otro,Venezuela,Valencia,Inactivo,2025-08-18,2.0,2272.46,1136.23,0.0,3.0,regex
2499,Irma Rodríguez,montoyaana-luisa@example.org,+34 924 134 650,31.0,F,Chile,La Serena,Activo,2024-04-29,1.0,279.72,279.72,1.0,,regex
2500,Silvano Gaona,guadalupe77@example.org,+34902 125 383,56.0,M,España,Madrid,Activo,2025-12-12,4.0,12384.56,3096.14,1.0,5.0,regex
2501,Amancio Negrete,santiagoramirez@example.com,620.670.3933,,M,Perú,Arequipa,Suspendido,2024-09-04,3.0,3426.2599999999998,1142.0866666666666,0.0,2.0,regex
2502,María Elena Márquez,infantehermenegildo@example.net.,01820034093,,,Colombia,Cali,Suspendido,2025-07-26,0.0,0.0,,0.0,,regex
2503,Albina Torralba,olallabaena@example.org,+34706 66 46 51,50.0,M,Chile,Antofagasta,Activo,2024-10-12,3.0,12506.9,4168.966666666666,0.0,4.0,regex
2504,Tomás Sotelo,monica79@example.net,1-971-149-1794,,F,Colombia,Bucaramanga,Activo,2026-02-24,2.0,1176.9,588.45,0.0,,regex
2505,Nereida Pablo,fuenteeliseo@example.com,868-998-4200,65.0,M,Chile,Santiago,Activo,2023-07-16,2.0,8325.67,4162.835,0.0,3.5,regex
2506,Augusto Cintrón,calderageorgina@example.org,+34971 651 335,45.0,,Colombia,Cartagena,Activo,2025-11-15,2.0,1867.35,933.675,0.0,,regex
2507,Ruby Rolón,guzmansonia@example.net,1-108-492-9704x53868,67.0,M,México,Monterrey,Activo,2024-07-20,5.0,11026.970000000001,2205.3940000000002,0.0,5.0,regex
2508,Jordana Patiño,hcoronado@example.net.,+34 923456143,51.0,M,Venezuela,Barquisimeto,Activo,2024-05-22,3.0,2606.6,868.8666666666667,1.0,4.0,regex
2509,Graciela Mateu,andresdominguez@example.org,+34984590400,47.0,M,México,Puebla,Activo,2024-03-12,3.0,2843.21,947.7366666666667,0.0,5.0,regex
2510,Alonso Quiroga,federicosalas@example.net,+34 876 134 241,29.0,M,México,Tijuana,Activo,2026-01-04,4.0,19106.45,4776.6125,1.0,3.5,regex
2511,Carlota Orozco,tenoriomiguela@example.com,292.101.7274x82151,70.0,F,Argentina,Mendoza,Suspendido,2025-08-28,0.0,0.0,,0.0,,regex
2512,Lupita Vanegas,ariadnagarza@example.org.,049)619-6519,45.0,,Perú,Trujillo,Activo,2024-05-29,1.0,1607.94,1607.94,1.0,3.0,regex
2513,Teobaldo Tapia,xcuriel@example.org,577-171-2199x9391,37.0,Otro,España,Bilbao,Activo,2024-06-30,3.0,5089.67,1696.5566666666666,0.0,4.0,regex
2514,Abel Alba,francisco-javierrodenas@example.net,(445)278-4300,,,Colombia,Barranquilla,Activo,2025-03-05,0.0,0.0,,0.0,,regex
2515,Mónica Rivera,kmolina@example.com,+34 988684987,44.0,,Chile,Temuco,Activo,2025-03-01,0.0,0.0,,0.0,,regex
2516,Jovita Aguilera,flaviopineda@example.net,703-755-7854x5765,,Otro,España,Barcelona,Activo,2023-05-15,0.0,0.0,,0.0,,regex
2517,Juan Bautista Loera,vazquezdani@example.org,+34845 257 504,54.0,Otro,Chile,Concepción,Activo,2023-10-09,0.0,0.0,,0.0,,regex
2518,Laura Griego,vazquezgilberto@example.com,731.492.6622x47760,29.0,M,Argentina,Buenos Aires,Inactivo,2026-04-19,1.0,2165.39,2165.39,0.0,,regex
2519,Noa Teruel,avilesernesto@example.com.,864-179-3996x9793,,Otro,Chile,Santiago,Suspendido,2025-08-16,3.0,1303.3000000000002,434.4333333333334,0.0,5.0,regex
2520,Jose Luis Ferrández,gurrutia@example.org,982-581-7386x8165,73.0,Otro,Chile,La Serena,Activo,2025-08-02,1.0,433.82,433.82,0.0,,regex
2521,Nazaret Tudela,otrujillo@example.net,199-806-8496,,Otro,Perú,Cusco,Inactivo,2025-05-10,1.0,871.54,871.54,0.0,4.0,regex
2522,del Valle,toroleonardo@example.com,+34 846662810,55.0,F,Venezuela,Barcelona,Suspendido,2024-07-26,4.0,6879.9,1719.975,0.0,3.0,no_recuperado
2523,María Quintero,ibenet@example.org.,+34 927974689,67.0,,Argentina,Buenos Aires,Activo,2024-01-04,0.0,0.0,,0.0,,regex
2524,Esmeralda León,qcruz@example.org,00332487736,29.0,M,México,Monterrey,Activo,2023-09-07,1.0,51.85,51.85,1.0,1.0,regex
2525,Samuel Rebollo,galarzaclaudia@example.net,+63(5)7247639857,43.0,Otro,Venezuela,Barcelona,Suspendido,2025-10-12,1.0,306.12,306.12,0.0,,regex
2526,Aldo Sola,pia38@example.net,009-998-6692x4505,57.0,Otro,España,Barcelona,Activo,2025-12-20,2.0,7773.389999999999,3886.6949999999997,0.0,,regex
2527,Martín Garica,rnoriega@example.org,1-364-996-1077,43.0,,Colombia,Cartagena,Activo,2024-09-22,2.0,4024.96,2012.48,1.0,,regex
2528,Felipe Román,wbravo@example.com.,+34 879 00 27 02,,,Colombia,Bogotá,Activo,2025-09-06,1.0,1648.45,1648.45,0.0,,regex
2529,Roberta Perea,pvalladares@example.net.,+34 920 14 53 86,,Otro,Argentina,Mendoza,Activo,2023-09-16,1.0,2556.55,2556.55,0.0,,regex
2530,Noemí Cortina,anogues@example.org,+34945991558,71.0,F,Venezuela,Maracaibo,Activo,2026-02-21,2.0,2469.25,1234.625,0.0,2.5,regex
2531,Roxana Cobo,indira56@example.com,+34 875221489,,M,Colombia,Barranquilla,Suspendido,2024-03-12,2.0,2939.06,1469.53,1.0,3.0,regex
2532,Goyo Briones,mvalle@example.org,+34806 38 15 69,43.0,,Venezuela,Maturín,Activo,2025-02-12,1.0,808.08,808.08,0.0,,regex
2533,Alma Olmedo,andres06@example.org,01287408117,68.0,,Argentina,La Plata,Inactivo,2026-04-20,5.0,2922.6000000000004,584.5200000000001,1.0,,regex
2534,Reynaldo Codina,mauricio28@example.com,893-028-4052,18.0,Otro,España,Valencia,Inactivo,2024-11-11,2.0,4586.32,2293.16,0.0,4.0,regex
2535,Miguel Ángel Ávila,baezeutimio@example.net,+48(5)8965498184,71.0,Otro,España,Barcelona,Activo,2026-03-29,2.0,545.38,272.69,0.0,,regex
2536,Candelaria Morales,nbarrios@example.org,054-874-8705x66230,38.0,Otro,Venezuela,Barcelona,Activo,2025-11-09,0.0,0.0,,0.0,,regex
2537,Abraham Jurado,muroadalberto@example.org,+34876506656,,M,Venezuela,Caracas,Activo,2025-11-12,3.0,2059.9300000000003,686.6433333333334,0.0,,regex
2538,Alicia Alonso,maria-jose65@example.com,+34 977939194,72.0,Otro,Venezuela,Maracaibo,Activo,2024-02-27,2.0,3866.54,1933.27,0.0,,regex
2539,Cornelio Farré,armandovalverde@example.net.,+91(0)2764714243,,M,Venezuela,Maturín,Activo,2023-08-07,1.0,254.74,254.74,0.0,,regex
2540,Odalis Castrillo,pcepeda@example.com,1-813-309-8314,21.0,,Colombia,Bucaramanga,Inactivo,2026-04-17,4.0,22761.78,5690.445,1.0,4.0,regex
2541,Amor Galan,zgamboa@example.org,+34983 74 25 65,39.0,M,México,Puebla,Activo,2026-04-01,4.0,2923.65,730.9125,1.0,,regex
2542,Liliana Múgica,ayalaligia@example.com,1-381-575-0154x38578,21.0,,Colombia,Barranquilla,Activo,2025-01-13,2.0,2149.15,1074.575,1.0,,regex
2543,Alicia Lara,silvia88@example.org,(144)661-9954x17100,47.0,F,Argentina,Córdoba,Activo,2026-02-10,2.0,273.3,136.65,0.0,,regex
2544,Claudia Ornelas,gregorio55@example.org,776.659.9599,73.0,,Chile,La Serena,Inactivo,2023-11-11,2.0,858.21,429.105,0.0,,regex
2545,Leoncio Centeno,romangerardo@example.org,(484)918-6146x288,,F,Argentina,La Plata,Activo,2024-07-26,0.0,0.0,,0.0,,regex
2546,Pablo Perelló,chemapalomo@example.org,+34 822356117,28.0,M,Argentina,Buenos Aires,Inactivo,2023-11-06,2.0,2431.98,1215.99,0.0,5.0,regex
2547,Martín Martinez,yvelez@example.org,(239)176-1968,,F,Perú,Arequipa,Activo,2025-12-31,0.0,0.0,,0.0,,regex
2548,Octavio Solorzano,carlagalvan@example.net,1-740-874-7407x39729,65.0,F,Venezuela,Valencia,Inactivo,2023-09-02,1.0,2788.06,2788.06,0.0,,regex
2549,Javier Mondragón,kvillalpando@example.org,08344251180,,Otro,España,Málaga,Suspendido,2024-02-20,2.0,4095.87,2047.935,1.0,,regex
2550,Araceli Mancebo,agata28@example.com,+34 918 401 617,34.0,M,Perú,Iquitos,Activo,2026-01-11,3.0,5103.8099999999995,1701.2699999999998,1.0,,regex
2551,Fidel Mayo,eric37@example.net.,(015)691-4616,,M,Argentina,Mendoza,Activo,2026-05-04,2.0,1595.26,797.63,1.0,1.0,regex
2552,Mario Expósito,rsisneros@example.org,+34 873 41 78 10,31.0,M,Colombia,Bucaramanga,Activo,2024-10-25,1.0,2064.56,2064.56,0.0,,regex
2553,Mauricio Martínez,marrerorodolfo@example.com,+34886955838,66.0,F,España,Málaga,Activo,2025-12-05,3.0,3515.58,1171.86,1.0,4.0,regex
2554,Paulina Solera,uroldan@example.org,+34 987438816,,F,Perú,Iquitos,Inactivo,2024-12-11,2.0,1388.03,694.015,0.0,5.0,regex
2555,Darío Alvarado,yalemany@example.com,450-300-6045,75.0,Otro,Colombia,Cali,Suspendido,2025-05-18,0.0,0.0,,0.0,,regex
2556,Ariadna Vilanova,ericaviles@example.org,+34 980 632 722,,Otro,Perú,Trujillo,Activo,2025-09-14,3.0,10327.94,3442.646666666667,1.0,,regex
2557,Pepita Mejía,paz32@example.net,+59(0)4735352265,45.0,F,Venezuela,Valencia,Activo,2025-02-15,1.0,69.61,69.61,0.0,,regex
2558,Nadia Fuentes,hildanegron@example.org,+34 925996426,31.0,Otro,México,Tijuana,Activo,2025-04-04,2.0,2949.02,1474.51,0.0,,regex
2559,Ligia Sedano,ajara@example.net,04316411991,52.0,M,Colombia,Cartagena,Activo,2024-08-28,1.0,103.64,103.64,0.0,5.0,regex
2560,Horacio Crespi,debora60@example.org,892-238-4357,60.0,Otro,Perú,Lima,Activo,2024-12-20,2.0,1334.1599999999999,667.0799999999999,0.0,1.0,regex
2561,Renato Nazario,maximobartolome@example.net,752-949-7756,71.0,M,España,Bilbao,Activo,2024-04-19,4.0,2269.72,567.43,0.0,5.0,regex
2562,Aránzazu Pulido,tiburciotrujillo@example.com,703.101.2213,52.0,M,Venezuela,Caracas,Activo,2025-04-15,0.0,0.0,,0.0,,regex
2563,Jonás Juárez,matalucio@example.net,+34 923457498,52.0,F,México,Mérida,Inactivo,2025-03-18,2.0,18344.22,9172.11,0.0,,regex
2564,Chita Paredes,rufina43@example.org,+34 924352151,46.0,M,Perú,Arequipa,Inactivo,2023-12-11,3.0,8411.97,2803.99,1.0,5.0,regex
2565,Juan Alonso,florenciarodrigez@example.org,561.080.1030,33.0,M,México,Guadalajara,Suspendido,2023-12-26,2.0,11267.32,5633.66,0.0,5.0,regex
2566,José Escamilla,ovigil@example.org,+34 846 854 142,32.0,Otro,España,Bilbao,Inactivo,2024-08-01,3.0,2561.28,853.7600000000001,1.0,2.0,regex
2567,Eulalia Revilla,marquezjuan-luis@example.com,+34 977 150 451,68.0,,España,Valencia,Suspendido,2024-10-27,2.0,1705.83,852.915,0.0,,regex
2568,Miguel Bermudez,maria91@example.org.,+34 949 842 326,,Otro,España,Sevilla,Activo,2024-05-15,3.0,11855.3,3951.7666666666664,0.0,5.0,regex
2569,Linda Galiano,ffabra@example.org.,1-197-323-8154x552,41.0,M,Venezuela,Barcelona,Inactivo,2026-04-04,5.0,12742.25,2548.45,0.0,5.0,regex
2570,Marco Antonio Piquer,selenagarrido@example.com,(093)099-9868,32.0,Otro,México,Puebla,Activo,2025-02-26,2.0,6554.51,3277.255,1.0,3.0,regex
2571,Adán Valentín,zvarela@example.net,+34985 191 948,41.0,,Perú,Lima,Activo,2024-03-05,0.0,0.0,,0.0,,regex
2572,Fulgencio Blanco,cifuentesluis-miguel@example.org,1-175-863-7353,,M,Argentina,Buenos Aires,Activo,2023-11-08,0.0,0.0,,0.0,,regex
2573,Aldo Vargas,gpuente@example.com,(431)162-1065x1494,54.0,F,México,Guadalajara,Inactivo,2023-12-23,2.0,10813.34,5406.67,0.0,,regex
2574,José Fernández,nietopaulino@example.com,00302759608,,Otro,España,Valencia,Activo,2024-12-31,1.0,851.31,851.31,0.0,5.0,regex
2575,Sandra Mármol,florenciacruz@example.org.,+34883945212,73.0,M,Venezuela,Barquisimeto,Activo,2025-06-24,3.0,8934.32,2978.1066666666666,0.0,4.0,regex
2576,Amalia Chávez,arribasisabel@example.com,+34828514140,45.0,Otro,Perú,Trujillo,Suspendido,2025-09-20,2.0,8071.969999999999,4035.9849999999997,0.0,,regex
2577,Adela Herranz,tlaboy@example.org,641.226.4725,37.0,Otro,Perú,Lima,Activo,2025-06-04,3.0,4074.46,1358.1533333333334,0.0,,regex
2578,Lucho Galarza,longoriacarmen@example.com,+34987 174 425,53.0,Otro,Chile,Valparaíso,Activo,2026-02-22,5.0,2735.51,547.1020000000001,0.0,4.0,regex
2579,Óliver Escamilla,lsantacruz@example.org,+34 826 22 46 61,50.0,F,Perú,Cusco,Activo,2026-01-03,1.0,2871.23,2871.23,0.0,,regex
2580,Elodia Abreu,solediana@example.net,+34 963515911,43.0,,México,Puebla,Inactivo,2024-05-19,5.0,26882.93,5376.586,0.0,3.0,regex
2581,Jonatan Sabater,herminiaordonez@example.org,+34 981 970 860,46.0,F,España,Madrid,Inactivo,2026-01-19,5.0,9487.12,1897.4240000000002,0.0,5.0,regex
2582,Adelia Montaño,jose-carlosfarias@example.com,+34 980 201 533,,Otro,Chile,Valparaíso,Inactivo,2023-06-07,2.0,1658.51,829.255,1.0,,regex
2583,Ángela Navarro,cjurado@example.com.,+34871 311 519,54.0,F,México,Tijuana,Suspendido,2024-11-12,4.0,2636.58,659.145,1.0,3.5,regex
2584,Paola Cotto,mrosell@example.org,(309)903-4913,30.0,F,Chile,Valparaíso,Activo,2024-06-03,0.0,0.0,,0.0,,regex
2585,Timoteo Estévez,fsalgado@example.org,(635)145-2282,61.0,,Chile,Antofagasta,Activo,2023-10-10,3.0,577.63,192.54333333333332,0.0,,regex
2586,Esmeralda Segura,rosarioramon@example.net,+34882 965 775,41.0,M,Venezuela,Maracaibo,Activo,2026-05-09,0.0,0.0,,0.0,,regex
2587,Osvaldo Carreras,ontiverosguadalupe@example.org,(123)154-0244,66.0,F,Perú,Lima,Inactivo,2024-11-12,2.0,9104.62,4552.31,0.0,,regex
2588,Sol Mesa,pulidoharoldo@example.org,034-914-1052,19.0,,Chile,La Serena,Activo,2023-11-10,5.0,3394.98,678.996,1.0,4.0,regex
2589,Luna Exposito,humberto43@example.com,(879)674-6726x986,35.0,F,Venezuela,Barcelona,Activo,2023-05-16,0.0,0.0,,0.0,,regex
2590,Jessica Fábregas,amariliscepeda@example.org,+26(7)1996149491,,F,Colombia,Cali,Activo,2023-09-19,1.0,3367.59,3367.59,0.0,4.0,regex
2591,Joaquín Castañeda,friaspamela@example.com.,1-260-682-2879x56141,58.0,M,Perú,Arequipa,Suspendido,2025-01-19,3.0,5412.38,1804.1266666666668,1.0,,regex
2592,Juana Pedrosa,faustonavas@example.com,+34 982 506 903,52.0,Otro,Venezuela,Valencia,Activo,2025-10-19,3.0,2485.23,828.41,1.0,,regex
2593,Lucho Batista,augustocervantes@example.com,+34 732385951,38.0,M,Perú,Trujillo,Suspendido,2025-02-18,3.0,7393.68,2464.56,1.0,,regex
2594,Andrés Felipe Corral,artemiofuentes@example.org,823.398.9511x13997,,F,Perú,Cusco,Inactivo,2026-02-11,1.0,73.52,73.52,0.0,,regex
2595,Camila Zarate,ysole@example.com,+34880 60 84 22,32.0,F,México,Puebla,Suspendido,2025-10-14,4.0,18868.8,4717.2,0.0,3.0,regex
2596,Isaac Mayo,nancy65@example.com,1-062-068-1484,24.0,,Venezuela,Maturín,Inactivo,2025-02-13,1.0,1114.0,1114.0,0.0,5.0,regex
2597,Claudia Duran,galindoagustin@example.org.,391.419.8117,34.0,F,Colombia,Barranquilla,Suspendido,2024-02-08,4.0,3672.43,918.1075,0.0,5.0,regex
2598,Alfonso Abreu,reina50@example.com,271.929.8028,,F,Venezuela,Barcelona,Activo,2026-04-15,2.0,549.5,274.75,0.0,,regex
2599,Bruno Briseño,lucasduarte@example.com.,+34984851632,,Otro,España,Sevilla,Suspendido,2024-11-15,2.0,1125.02,562.51,0.0,4.0,regex
2600,Amelia Montero,araceli03@example.com,(265)941-5258,30.0,Otro,México,Tijuana,Activo,2024-12-07,2.0,3217.13,1608.565,0.0,,regex
2601,Nidia González,esierra@example.org,(466)847-1329,31.0,F,España,Valencia,Activo,2025-09-25,5.0,19107.19,3821.4379999999996,1.0,3.0,regex
2602,Maura Enríquez,azahar51@example.org,110-146-0235x3596,30.0,M,Argentina,Rosario,Activo,2024-11-20,1.0,674.04,674.04,0.0,4.0,regex
2603,Cleto Arriaga,jimenaherrera@example.com,167.660.2716,48.0,Otro,Venezuela,Maturín,Suspendido,2024-09-29,1.0,78.01,78.01,0.0,,regex
2604,Mayte Burgos,rafaelagras@example.com.,705)104-7308,35.0,M,España,Málaga,Activo,2023-09-12,3.0,3022.65,1007.5500000000001,0.0,3.0,regex
2605,Josefina Segura,eva14@example.net,+34724 446 978,42.0,Otro,México,Mérida,Suspendido,2023-10-18,4.0,15103.16,3775.79,2.0,1.5,regex
2606,Ramón García,alonsoaurora@example.net.,(893)345-0041x951,55.0,Otro,España,Sevilla,Inactivo,2023-12-14,2.0,8950.89,4475.445,0.0,,regex
2607,Iker Salazar,ebatista@example.org.,1-166-846-4820,,F,Venezuela,Barquisimeto,Activo,2025-08-30,2.0,9946.91,4973.455,0.0,4.0,regex
2608,Ariel Porras,espartacoleon@example.com.,+55(7)2477213963,74.0,,Colombia,Bogotá,Activo,2023-10-25,0.0,0.0,,0.0,,regex
2609,Saturnino Llamas,romerocristina@example.org.,+34731 70 66 86,50.0,F,Argentina,Tucumán,Inactivo,2025-10-23,3.0,4545.44,1515.1466666666665,0.0,3.0,regex
2610,Cornelio Vaca,armida40@example.com.,+57(1)2656564165,,,México,Mérida,Activo,2024-07-11,1.0,147.97,147.97,0.0,4.0,regex
2611,Barbara Reynoso,carreraenrique@example.org,+18(0)5893596792,45.0,F,Perú,Chiclayo,Activo,2023-11-26,2.0,551.3,275.65,1.0,,regex
2612,Citlali Rincón,montesalicia@example.net.,+34 871 598 480,36.0,M,Venezuela,Valencia,Suspendido,2023-07-21,3.0,1384.46,461.4866666666667,0.0,,regex
2613,Zacarías Agustín,gilbertocolunga@example.org,532)101-3398,72.0,,España,Málaga,Activo,2024-03-13,2.0,1737.15,868.575,0.0,,regex
2614,Jose Miguel Peres,victor90@example.org,+56(5)0257870909,74.0,M,Chile,Concepción,Activo,2025-03-10,1.0,2105.8,2105.8,0.0,,regex
2615,Isabel Zarate,rosendo36@example.net,+34 828 838 648,74.0,M,México,Puebla,Activo,2024-06-30,1.0,681.49,681.49,0.0,3.0,regex
2616,Rodrigo Bétancourt,juliorael@example.net.,07752969426,18.0,,España,Valencia,Activo,2024-06-05,2.0,3340.3199999999997,1670.1599999999999,0.0,,regex
2617,Paola Tirado,clemente24@example.com,+34971 70 50 87,,M,Colombia,Barranquilla,Activo,2026-02-25,3.0,9692.85,3230.9500000000003,0.0,,regex
2618,Modesto Curiel,oswaldo18@example.net,1-895-013-9193x870,42.0,F,Chile,La Serena,Suspendido,2026-02-13,3.0,676.64,225.54666666666665,1.0,3.0,regex
2619,Marc Almeida,leonelmenendez@example.org,+34821404624,32.0,F,Venezuela,Valencia,Inactivo,2024-12-15,1.0,2310.71,2310.71,0.0,,regex
2620,Natalia Quiñónez,segismundocamara@example.com,+34878089034,64.0,F,Venezuela,Barquisimeto,Inactivo,2025-09-08,1.0,225.76,225.76,0.0,,regex
2621,Leonel Guzmán,arnalrosenda@example.net,(968)617-7307,65.0,Otro,Venezuela,Maracaibo,Activo,2025-01-27,5.0,4659.98,931.9959999999999,0.0,4.0,regex
2622,Jordana Osorio,dbarreto@example.org,01035625762,22.0,Otro,Argentina,Rosario,Activo,2023-07-12,0.0,0.0,,0.0,,regex
2623,Erasmo Olivares,jose-luis00@example.org,(415)663-0572,52.0,M,México,Monterrey,Activo,2024-06-22,0.0,0.0,,0.0,,regex
2624,Nidia Almeida,sanmartinmelchor@example.net,+34 875905370,74.0,Otro,Chile,Temuco,Activo,2025-08-03,3.0,11300.83,3766.943333333333,0.0,5.0,regex
2625,Julio César Sastre,gasconezequiel@example.net,932-377-5677x9466,74.0,M,Perú,Iquitos,Suspendido,2023-12-21,1.0,263.53,263.53,0.0,,regex
2626,Leonel Marin,lourdesvalenzuela@example.net,+34 979 757 465,53.0,F,México,Puebla,Activo,2025-05-21,3.0,10269.78,3423.26,0.0,,regex
2627,Paulina Orta,asuncion92@example.com,+34972 934 682,63.0,M,Colombia,Cali,Inactivo,2023-08-18,2.0,8519.300000000001,4259.650000000001,0.0,5.0,regex
2628,Claudio Vázquez,itzelcardenas@example.org,863.414.4877x747,38.0,F,Colombia,Bucaramanga,Activo,2025-09-09,2.0,3060.8199999999997,1530.4099999999999,0.0,,regex
2629,Victoria Alfaro,zabaletabrunilda@example.com,+34980 79 60 68,,,Colombia,Medellín,Activo,2024-09-02,3.0,4913.87,1637.9566666666667,1.0,,regex
2630,Delia Murillo,adoracion84@example.com,+34844 163 465,42.0,Otro,Perú,Trujillo,Suspendido,2024-12-13,2.0,1035.94,517.97,0.0,4.0,regex
2631,Ilse Oliva,cazorlabernardo@example.com,+34878 82 98 79,63.0,F,Chile,La Serena,Activo,2024-12-13,3.0,9097.75,3032.5833333333335,0.0,4.0,regex
2632,Virginia Mascareñas,ulises60@example.org,+59(3)9670155226,30.0,F,Perú,Chiclayo,Activo,2023-08-04,2.0,769.49,384.745,0.0,,regex
2633,Juan José Noriega,victorzaragoza@example.com,(735)168-3202x2711,,M,Perú,Chiclayo,Activo,2025-04-25,1.0,369.69,369.69,0.0,4.0,regex
2634,Benito Blanca,apariciooswaldo@example.com,(555)773-4328x23913,65.0,F,Chile,Antofagasta,Activo,2026-05-04,1.0,161.46,161.46,0.0,,regex
2635,Carmela Ricart,sofia83@example.com,+34 985 46 98 73,,F,Perú,Trujillo,Suspendido,2025-02-02,0.0,0.0,,0.0,,regex
2636,Ignacio Mesa,mariocarbajal@example.net,+34975 024 469,,M,Chile,Valparaíso,Activo,2024-05-26,1.0,203.08,203.08,0.0,,regex
2637,Eligia Pino,velahector@example.com,+34 807626465,31.0,F,Venezuela,Barcelona,Suspendido,2023-11-21,0.0,0.0,,0.0,,regex
2638,Gabriel Ordóñez,cisnerosluisa@example.net.,092-749-3909,25.0,F,Argentina,Rosario,Inactivo,2025-05-31,1.0,371.54,371.54,0.0,,regex
2639,Emiliano Espada,gabriela12@example.net.,03684054165,19.0,Otro,Argentina,Buenos Aires,Activo,2026-05-06,0.0,0.0,,0.0,,regex
2640,Abril Sans,enieto@example.net.,+34803 32 26 07,,Otro,Venezuela,Barquisimeto,Activo,2024-03-20,3.0,1974.75,658.25,0.0,,regex
2641,Nancy Grijalva,qsolsona@example.net,431)032-3385,29.0,Otro,Colombia,Cali,Activo,2026-03-26,1.0,106.11,106.11,0.0,,regex
2642,Eugenio Pagès,aracelipichardo@example.net,1-996-822-4312,75.0,Otro,México,Mérida,Inactivo,2023-10-21,3.0,5311.719999999999,1770.573333333333,0.0,2.0,regex
2643,Mónica Diéguez,tejadacandelaria@example.org,02570670779,,,Colombia,Cartagena,Inactivo,2025-11-18,2.0,1228.12,614.06,0.0,,regex
2644,Flavio Macías,ursula97@example.org,+34 878 15 68 73,26.0,M,Chile,Temuco,Activo,2025-05-18,0.0,0.0,,0.0,,regex
2645,Marc Pombo,ruby63@example.net,(845)831-0903x585,,F,Venezuela,Valencia,Inactivo,2023-10-06,1.0,2147.35,2147.35,0.0,,regex
2646,Isa Sáenz,escobarmitzy@example.net,+34 846 64 21 02,20.0,M,México,Ciudad de México,Activo,2025-01-02,0.0,0.0,,0.0,,regex
2647,Dalia Torres,vribas@example.net,1-706-959-9019x6433,,Otro,Colombia,Bogotá,Inactivo,2024-08-06,1.0,1232.24,1232.24,1.0,,regex
2648,Cándida Amador,berenguerrosalva@example.org,+00(0)8222053220,31.0,Otro,Argentina,Rosario,Activo,2025-01-31,2.0,1125.38,562.69,0.0,,regex
2649,Juan Carlos Ángel,teobaldo61@example.com,+34711 478 247,43.0,M,Perú,Iquitos,Activo,2026-01-18,1.0,1034.89,1034.89,0.0,4.0,regex
2650,María José Torrens,pozasilvio@example.com,+34945888576,59.0,M,México,Puebla,Suspendido,2023-11-27,4.0,5725.42,1431.355,0.0,,regex
2651,Domingo Almonte,balduino24@example.com,+34 944327052,,,Chile,Concepción,Activo,2026-02-06,1.0,85.46,85.46,0.0,,regex
2652,Sandra Martínez,juana86@example.com,469-142-8400,,,Venezuela,Maturín,Suspendido,2025-08-21,2.0,2397.89,1198.945,1.0,,regex
2653,Frida Salv,bcalderon@example.com,+34982 232 258,30.0,F,España,Barcelona,Activo,2024-01-10,0.0,0.0,,0.0,,regex
2654,Daniel Gallart,narciso01@example.com,07765786610,18.0,Otro,Chile,Concepción,Inactivo,2023-06-19,2.0,1277.1799999999998,638.5899999999999,0.0,,regex
2655,Rufino Casado,trinidadjasso@example.com.,+34875348914,61.0,Otro,España,Valencia,Inactivo,2023-09-28,1.0,2750.86,2750.86,0.0,,regex
2656,Espartaco Montero,zoe80@example.net,+34981 75 75 75,25.0,,Perú,Iquitos,Activo,2026-03-13,0.0,0.0,,0.0,,regex
2657,Damián Cerdán,qballester@example.net.,468-501-3813,66.0,,Colombia,Barranquilla,Activo,2025-07-02,2.0,188.78,94.39,0.0,,regex
2658,Bianca Díaz,samuellosada@example.com.,+17(7)3370106536,,,España,Barcelona,Inactivo,2024-05-24,1.0,1014.08,1014.08,0.0,,regex
2659,Armando Suárez,arellanobibiana@example.org,(775)699-9060,64.0,F,Colombia,Barranquilla,Suspendido,2023-09-14,3.0,4040.7200000000003,1346.9066666666668,1.0,4.0,regex
2660,Sergio Alarcón,gpadron@example.org.,+34 842 107 586,57.0,Otro,México,Monterrey,Activo,2024-01-06,0.0,0.0,,0.0,,regex
2661,Alfredo Medina,jessicapi@example.org.,+34883928969,,M,Argentina,Tucumán,Activo,2024-11-26,3.0,1225.32,408.44,0.0,2.0,regex
2662,Carla Maya,qgamez@example.com.,1-642-206-9925x5830,66.0,F,España,Madrid,Activo,2023-12-14,2.0,1807.65,903.825,1.0,2.0,regex
2663,Oswaldo Seguí,qguillen@example.net,108.853.4883x1927,43.0,Otro,Chile,Temuco,Suspendido,2026-03-01,5.0,11410.28,2282.056,0.0,5.0,regex
2664,Natividad Maldonado,iexposito@example.net,+34 824671771,38.0,M,Chile,Santiago,Activo,2023-05-18,1.0,914.34,914.34,0.0,4.0,regex
2665,Alvaro Baeza,marco-antoniobarraza@example.com,1-741-791-8480,30.0,Otro,Venezuela,Valencia,Activo,2025-09-25,2.0,665.9200000000001,332.96000000000004,0.0,,regex
2666,Maricruz Bosch,benignodomingo@example.net,+34 886 890 401,42.0,M,Argentina,Buenos Aires,Activo,2025-07-15,1.0,3717.27,3717.27,0.0,,regex
2667,Perlita Canales,veraconchita@example.com,443-764-5618,,Otro,México,Guadalajara,Suspendido,2024-08-20,1.0,155.24,155.24,0.0,,regex
2668,Raúl Fábregas,silvano74@example.com,+34826487192,32.0,F,Venezuela,Maracaibo,Activo,2025-12-14,2.0,5381.93,2690.965,0.0,,regex
2669,Jacinto Peña,kcasas@example.com,126)669-9169,52.0,,Chile,Valparaíso,Inactivo,2025-05-19,6.0,29560.579999999998,4926.763333333333,1.0,4.666666666666667,regex
2670,José Manuél Reséndez,mnieto@example.com,(597)767-3800x75068,19.0,M,Perú,Iquitos,Inactivo,2023-12-07,2.0,8962.130000000001,4481.0650000000005,0.0,,regex
2671,Mercedes Gollum,leonsolsona@example.com,+34849 67 88 65,41.0,Otro,Colombia,Bogotá,Activo,2023-07-07,2.0,3600.3199999999997,1800.1599999999999,0.0,1.0,regex
2672,Filomena Ibarra,murillocristal@example.org.,1-213-305-8789,,M,México,Tijuana,Inactivo,2025-10-02,2.0,66.37,33.185,0.0,,regex
2673,Fidel Olivares,notero@example.org,+34 983 88 37 07,,,Colombia,Barranquilla,Activo,2025-11-08,1.0,110.95,110.95,0.0,,regex
2674,Silvestre Fabra,manu43@example.com,197.470.8486,70.0,Otro,Venezuela,Valencia,Activo,2024-03-27,2.0,2154.14,1077.07,0.0,,regex
2675,Rocío Grijalva,luisanino@example.net.,+34881162672,,M,México,Guadalajara,Suspendido,2023-05-22,3.0,2644.4900000000002,881.4966666666668,0.0,2.0,regex
2676,Dalia Báez,ericcabrero@example.com.,701)918-7171,57.0,M,Colombia,Medellín,Activo,2025-07-04,1.0,706.31,706.31,0.0,,regex
2677,Alba Villalobos,francisco-josebermudez@example.org,+34944 05 03 46,71.0,M,Argentina,Mendoza,Activo,2025-12-17,3.0,4392.63,1464.21,0.0,5.0,regex
2678,Ainoa Marquez,fjerez@example.com.,545.123.3559,25.0,M,Colombia,Bogotá,Suspendido,2024-08-07,3.0,10331.54,3443.846666666667,1.0,1.0,regex
2679,Silvano Oller,besquibel@example.net,+34 942338648,20.0,M,Chile,Santiago,Activo,2024-05-09,2.0,2814.15,1407.075,0.0,,regex
2680,Victoriano Iglesias,gaston50@example.org,+34947 536 470,53.0,M,Perú,Iquitos,Activo,2025-04-23,1.0,451.8,451.8,1.0,,regex
2681,Socorro Ruelas,juan-manuelbaron@example.com.,448-649-1535,45.0,,Colombia,Medellín,Activo,2025-01-25,2.0,231.22,115.61,0.0,,regex
2682,Elsa Benítez,ochoaemilio@example.net.,+34882 65 13 27,46.0,M,Perú,Iquitos,Activo,2023-07-03,1.0,1757.91,1757.91,0.0,4.0,regex
2683,Serafín Duran,eugenio84@example.com,+34825920509,30.0,Otro,Colombia,Barranquilla,Activo,2026-05-04,1.0,1319.24,1319.24,0.0,,regex
2684,Jorge Hervás,ilseverduzco@example.org,+34 955 711 924,32.0,F,Colombia,Cartagena,Activo,2023-10-11,5.0,6712.610000000001,1342.5220000000002,1.0,4.0,regex
2685,Abilio Roma,martacapdevila@example.net,+34 849 451 679,41.0,Otro,Venezuela,Maturín,Activo,2024-11-01,0.0,0.0,,0.0,,regex
2686,Carlos Aguilera,cadenamariana@example.org,+34 879 35 91 33,,M,México,Monterrey,Activo,2023-12-23,2.0,798.71,399.355,0.0,,regex
2687,Fernando Preciado,tcervantes@example.com,1-040-941-4771,61.0,F,Venezuela,Barquisimeto,Inactivo,2023-08-03,0.0,0.0,,0.0,,regex
2688,Luis Ángel Olvera,paezguiomar@example.com.,+34 979038647,,Otro,España,Málaga,Activo,2023-10-13,1.0,122.15,122.15,0.0,5.0,regex
2689,Isaac Cervera,magdalenafeliciano@example.com,+34 944 812 541,34.0,F,México,Mérida,Inactivo,2024-05-20,3.0,9768.68,3256.226666666667,0.0,,regex
2690,Azahar Toro,nmontenegro@example.org.,741-764-3441,51.0,M,Chile,Concepción,Activo,2024-05-22,3.0,8309.83,2769.943333333333,0.0,,regex
2691,Yeni Pomares,jeronimogamboa@example.org,+34841 44 48 34,,F,Argentina,La Plata,Activo,2023-09-18,2.0,1989.8500000000001,994.9250000000001,0.0,,regex
2692,Indira Sancho,gabino72@example.net,+34920 70 66 25,68.0,M,España,Valencia,Activo,2023-09-01,4.0,3026.7799999999997,756.6949999999999,1.0,3.0,regex
2693,Débora Amo,victoriarangel@example.com,+34 883948724,,Otro,Argentina,Córdoba,Activo,2025-02-09,2.0,3672.29,1836.145,0.0,,regex
2694,Timoteo Olivé,adelardomora@example.com,+34806808207,54.0,,Venezuela,Barcelona,Activo,2025-02-19,1.0,331.36,331.36,0.0,5.0,regex
2695,Francisco Javier Castelló,socorrocarrero@example.org,354-791-3027,,M,Perú,Arequipa,Activo,2025-02-12,1.0,503.64,503.64,0.0,3.0,regex
2696,Florencio Briseño,diezfortunato@example.com,+34927 799 883,71.0,Otro,Argentina,Tucumán,Inactivo,2025-09-21,3.0,869.75,289.9166666666667,1.0,3.0,regex
2697,Eric Rosado,gaspardonaire@example.com,+34677003781,,F,Colombia,Cartagena,Activo,2023-09-03,3.0,9515.560000000001,3171.853333333334,0.0,5.0,regex
2698,Amador Torres,guadalupeolivarez@example.org,1-208-515-1228x6600,25.0,F,Colombia,Barranquilla,Inactivo,2026-04-04,3.0,5800.009999999999,1933.3366666666664,0.0,,regex
2699,Reynaldo Carmona,xcanet@example.net,+34 879 648 737,27.0,M,Colombia,Cartagena,Inactivo,2025-06-12,2.0,889.1,444.55,0.0,,regex
2700,Marisela Coello,rsantillan@example.net,+34884 32 97 86,33.0,M,Chile,Antofagasta,Activo,2023-07-31,2.0,4918.71,2459.355,0.0,,regex
2701,Víctor Nicolás,ybonilla@example.net.,1-700-719-1035x336,,Otro,Colombia,Medellín,Suspendido,2026-01-24,1.0,575.94,575.94,0.0,,regex
2702,Darío Duarte,aitor51@example.com.,(866)314-3870x6115,46.0,M,España,Valencia,Activo,2023-10-17,2.0,1108.52,554.26,0.0,,regex
2703,Daniel Hidalgo,lucianapomares@example.com,07336664814,21.0,Otro,México,Guadalajara,Inactivo,2023-08-15,5.0,8555.61,1711.122,0.0,,regex
2704,Gabino Abascal,caropaola@example.org,+34946 38 22 44,24.0,,Chile,Santiago,Inactivo,2023-11-01,2.0,1336.74,668.37,0.0,,regex
2705,Gabino Blanco,pvalle@example.net,1-179-154-3698,,Otro,Perú,Arequipa,Activo,2026-01-13,5.0,12899.68,2579.936,0.0,4.0,regex
2706,Julián Zarate,alicialimon@example.net.,+80(9)1006956981,,Otro,Perú,Lima,Suspendido,2023-12-03,3.0,9880.7,3293.566666666667,1.0,,regex
2707,Che Rodrígez,splaza@example.org,+34 806750599,75.0,M,Colombia,Barranquilla,Activo,2025-04-28,2.0,2365.56,1182.78,0.0,,regex
2708,Germán Villalobos,penavictorino@example.org.,+34826 79 65 10,,,España,Valencia,Suspendido,2025-03-04,1.0,1949.78,1949.78,0.0,4.0,regex
2709,Calixta Méndez,lmancebo@example.com,1-583-931-8566x54934,75.0,F,Chile,Santiago,Activo,2026-03-23,2.0,2354.31,1177.155,0.0,,regex
2710,Nadia Reguera,somozaeulalia@example.net,1-320-197-0307,,Otro,Colombia,Bucaramanga,Activo,2026-04-02,2.0,2172.72,1086.36,1.0,,regex
2711,Nacho Tamez,carnerofito@example.net,1-615-180-7844x246,52.0,M,Colombia,Barranquilla,Activo,2024-08-29,2.0,472.09,236.045,0.0,1.0,regex
2712,Benjamín Chávez,upatino@example.com.,+34 865 44 58 47,20.0,F,Argentina,Rosario,Inactivo,2023-08-15,1.0,611.11,611.11,0.0,,regex
2713,Andrea Vela,lamasamaro@example.net.,+34 923 444 962,42.0,,Venezuela,Barcelona,Activo,2023-10-16,3.0,2561.25,853.75,0.0,,regex
2714,Tadeo Gurule,rodolfoarriaga@example.com.,675-244-2031x579,28.0,Otro,Perú,Iquitos,Inactivo,2023-05-20,3.0,2611.28,870.4266666666667,0.0,,regex
2715,Porfirio Calatayud,rafa07@example.com,+34 963 50 96 80,,Otro,Chile,Antofagasta,Suspendido,2025-01-23,5.0,8483.279999999999,1696.6559999999997,2.0,1.0,regex
2716,Ángel Ripoll,emilianozepeda@example.net,+34 927 260 177,60.0,,Perú,Cusco,Activo,2025-12-07,3.0,19771.93,6590.643333333333,1.0,4.0,regex
2717,Israel Frías,mcabello@example.com,701-823-3200,75.0,M,España,Sevilla,Suspendido,2024-04-30,1.0,317.6,317.6,0.0,,regex
2718,Armando Ozuna,adriana71@example.net.,311.564.8356,59.0,,Colombia,Cali,Activo,2026-03-18,2.0,4063.68,2031.84,0.0,4.0,regex
2719,Ivonne Campillo,evaochoa@example.com.,+34827 52 96 45,,F,Chile,Temuco,Inactivo,2025-08-11,5.0,7706.929999999999,1541.386,1.0,4.0,regex
2720,Juan Carlos Gallart,eligiocuevas@example.org,(807)018-2155x7412,58.0,M,México,Mérida,Suspendido,2023-08-29,0.0,0.0,,0.0,,regex
2721,Candelas Ferrero,bernalmariano@example.net,+34901 45 57 66,36.0,Otro,Perú,Iquitos,Inactivo,2023-10-22,1.0,74.66,74.66,0.0,,regex
2722,Segismundo Candelaria,vcasado@example.org,+34877 45 74 17,19.0,F,Chile,Concepción,Inactivo,2024-07-01,4.0,8679.45,2169.8625,2.0,4.0,regex
2723,Horacio Arévalo,luisescalona@example.org,+34972166433,53.0,F,España,Valencia,Activo,2025-07-25,3.0,10032.19,3344.0633333333335,0.0,,regex
2724,Arturo Crespo,bayonamaximiliano@example.org,+34 971 09 93 06,,Otro,Chile,Santiago,Inactivo,2024-08-23,4.0,13662.06,3415.515,0.0,5.0,regex
2725,Carmen Carnero,ehigueras@example.org,+34800 91 04 60,,Otro,Chile,Temuco,Inactivo,2025-10-26,3.0,2766.61,922.2033333333334,0.0,4.0,regex
2726,Flora Merino,iperales@example.com.,00389537227,,F,Colombia,Bogotá,Inactivo,2025-11-01,2.0,386.66999999999996,193.33499999999998,0.0,4.0,regex
2727,Malena Diaz,doloresmaldonado@example.com.,+34979 69 65 77,57.0,M,Colombia,Bucaramanga,Activo,2024-04-19,1.0,574.58,574.58,0.0,,regex
2728,Concha Ybarra,jaenteo@example.org,+34 848 45 34 74,,,España,Málaga,Activo,2026-03-16,1.0,1486.7,1486.7,0.0,,regex
2729,Aldo Rivero,espiridioncardenas@example.org,(494)474-8485x69445,63.0,F,Venezuela,Maturín,Activo,2025-06-15,5.0,14687.070000000002,2937.414,2.0,3.6666666666666665,regex
2730,Desiderio Rivas,jerezeligio@example.com,+34977 13 39 14,33.0,M,Argentina,Rosario,Activo,2026-01-25,1.0,232.81,232.81,0.0,,regex
2731,Valero Lerma,centenoeric@example.net,1-452-591-3720,19.0,M,Venezuela,Maracaibo,Activo,2025-09-27,0.0,0.0,,0.0,,regex
2732,Teodoro Barrena,guajardosara@example.net,+34882 686 207,49.0,M,Argentina,Córdoba,Activo,2026-04-06,5.0,9119.92,1823.984,0.0,,regex
2733,Chus Bonet,asuncionblanes@example.net.,+34920073984,73.0,M,Perú,Lima,Activo,2024-05-17,2.0,1159.68,579.84,0.0,,regex
2734,Alejandro Saucedo,ciriaco14@example.com,+34974 856 621,48.0,Otro,Colombia,Bogotá,Activo,2026-02-28,1.0,3249.5,3249.5,0.0,,regex
2735,Cynthia Díaz,nataliacastaneda@example.com,651.499.7530,,Otro,México,Ciudad de México,Suspendido,2024-03-30,4.0,10106.37,2526.5925,0.0,5.0,regex
2736,Eric Jurado,gloria50@example.org,+34 844219884,18.0,F,Chile,Valparaíso,Inactivo,2023-12-21,0.0,0.0,,0.0,,regex
2737,Balduino Zepeda,vinaesmeralda@example.net,+34 739 222 024,35.0,M,México,Puebla,Inactivo,2025-10-14,2.0,439.92,219.96,1.0,4.0,regex
2738,Lorenzo Armenta,pascualcovarrubias@example.net.,+34941 674 000,,M,Venezuela,Maturín,Inactivo,2024-10-26,0.0,0.0,,0.0,,regex
2739,Guadalupe Escalante,rosa01@example.org,+34 876 553 012,,Otro,Perú,Trujillo,Suspendido,2024-01-09,2.0,2001.3400000000001,1000.6700000000001,0.0,4.0,regex
2740,Toni Ordóñez,marthabanuelos@example.com,564-403-1482,37.0,,Colombia,Medellín,Activo,2026-03-19,1.0,959.91,959.91,1.0,3.0,regex
2741,Dolores Oliver,esperanza21@example.com,502.694.5058,25.0,,España,Bilbao,Activo,2025-07-16,0.0,0.0,,0.0,,regex
2742,Óscar Comas,ricardocornejo@example.net,898-010-6528x544,41.0,M,Venezuela,Valencia,Inactivo,2023-06-15,2.0,3519.2599999999998,1759.6299999999999,0.0,,regex
2743,Gertrudis Rodríguez,rufina16@example.org,+72(7)4200502940,25.0,M,España,Málaga,Inactivo,2025-01-24,1.0,7927.76,7927.76,0.0,,regex
2744,Eligia Rojo,jaureguiapolonia@example.com,+34 925 90 54 24,52.0,Otro,Venezuela,Valencia,Inactivo,2024-12-03,2.0,3477.4399999999996,1738.7199999999998,0.0,,regex
2745,Mario Meléndez,hurtadoabraham@example.net,951.569.9229x137,,M,Perú,Lima,Suspendido,2025-03-29,2.0,583.76,291.88,1.0,1.0,regex
2746,Perla Alcaraz,spaez@example.org,+34709 94 79 14,,M,España,Valencia,Activo,2026-01-25,2.0,912.68,456.34,0.0,,regex
2747,María Fernanda Chavarría,dsalas@example.com,+34955 37 46 67,37.0,Otro,Venezuela,Barcelona,Suspendido,2025-11-02,3.0,1298.11,432.7033333333333,1.0,2.0,regex
2748,Isaura Campos,eva61@example.net,+34 825 685 952,73.0,F,Colombia,Bogotá,Suspendido,2023-07-27,4.0,13221.09,3305.2725,1.0,3.5,regex
2749,Caridad Solorio,mitzy82@example.com,343-251-0110x28831,34.0,M,Argentina,Buenos Aires,Activo,2025-01-26,2.0,531.49,265.745,0.0,,regex
2750,Julián Baeza,castelloartemio@example.org,(748)157-9619,45.0,F,Argentina,Córdoba,Inactivo,2026-01-06,3.0,7319.03,2439.6766666666667,1.0,3.0,regex
2751,Melania Estrada,jose-angelmontserrat@example.net.,+34883708070,,M,Argentina,Rosario,Suspendido,2024-09-27,2.0,2305.23,1152.615,0.0,4.0,regex
2752,Marisol Espinoza,dalia54@example.org.,(702)691-5466x69207,69.0,Otro,Venezuela,Maturín,Activo,2025-01-26,0.0,0.0,,0.0,,regex
2753,Eleuterio Carmona,saucedalilia@example.net,+34874 445 397,69.0,F,Argentina,La Plata,Inactivo,2025-12-24,3.0,8461.38,2820.4599999999996,0.0,,regex
2754,Carmela Almagro,roque98@example.org,+34901402783,29.0,F,Venezuela,Barquisimeto,Activo,2025-06-07,3.0,8197.73,2732.5766666666664,1.0,3.0,regex
2755,Pedro Lucio,nuria79@example.org,(751)537-9260,56.0,,Perú,Lima,Activo,2023-06-03,2.0,3388.52,1694.26,0.0,3.0,regex
2756,Josep Alberdi,duenasdorotea@example.com.,+34948 78 24 65,28.0,M,Perú,Lima,Activo,2023-12-18,2.0,820.04,410.02,0.0,,regex
2757,Eustaquio Domínguez,aroacalderon@example.com,+34873 58 32 23,45.0,F,Venezuela,Barquisimeto,Inactivo,2024-11-03,2.0,2424.51,1212.255,0.0,,regex
2758,Marcos Chavarría,oroscoana-luisa@example.net,+34985 148 994,42.0,M,Chile,Concepción,Activo,2026-04-30,1.0,1039.18,1039.18,0.0,,regex
2759,Iker Castañeda,teodoro61@example.net,00818632133,72.0,Otro,España,Madrid,Activo,2026-03-02,3.0,2785.03,928.3433333333334,0.0,,regex
2760,Diego Juan,hermelinda47@example.org.,+34977 004 899,18.0,,España,Bilbao,Inactivo,2025-10-06,4.0,3761.59,940.3975,1.0,5.0,regex
2761,Daniel Novoa,alonsogamez@example.com,508-374-3200x6083,29.0,Otro,México,Guadalajara,Suspendido,2025-04-10,4.0,6646.53,1661.6325,0.0,,regex
2762,Micaela Royo,gnarvaez@example.com.,157.333.5383,68.0,M,Argentina,Rosario,Activo,2024-02-05,2.0,577.3399999999999,288.66999999999996,1.0,,regex
2763,Zeferino Morera,maria-jose61@example.net,+34 975 812 079,64.0,,España,Sevilla,Activo,2023-10-27,2.0,5397.46,2698.73,1.0,,regex
2764,Serafina Covarrubias,gala27@example.com,07372017011,,M,Venezuela,Barquisimeto,Inactivo,2024-04-27,3.0,1735.9,578.6333333333333,0.0,2.0,regex
2765,Isabela Rentería,mauro35@example.org,+34 948 74 44 99,,F,España,Madrid,Activo,2025-09-17,2.0,4055.0499999999997,2027.5249999999999,1.0,3.0,regex
2766,Carlota Saavedra,gollumaida@example.org,1-230-083-3418,26.0,M,México,Monterrey,Suspendido,2026-05-02,3.0,828.1700000000001,276.0566666666667,0.0,,regex
2767,Encarnita Ballesteros,falconmaricruz@example.com.,1-137-312-9504,,,Argentina,Tucumán,Activo,2025-09-02,5.0,7583.240000000001,1516.6480000000001,0.0,4.0,regex
2768,José Gil,felisacanas@example.com,+34 844 83 98 63,39.0,Otro,Perú,Chiclayo,Activo,2025-03-30,4.0,1640.27,410.0675,1.0,4.0,regex
2769,Diego Lloret,avalenzuela@example.org,+34876 81 69 19,25.0,M,Venezuela,Barquisimeto,Activo,2024-12-28,1.0,638.25,638.25,0.0,5.0,regex
2770,Alfredo Ojeda,georgina49@example.org.,+34925 10 15 42,57.0,Otro,Venezuela,Valencia,Inactivo,2025-09-09,4.0,2782.64,695.66,0.0,3.5,regex
2771,Mohamed Rico,calatayudanna@example.net,+34985725842,75.0,,Colombia,Bucaramanga,Activo,2023-05-29,3.0,7152.61,2384.2033333333334,0.0,,regex
2772,Felipa Dueñas,cristobal15@example.org.,231.143.4166x38267,,F,Perú,Chiclayo,Activo,2025-08-17,1.0,161.17,161.17,1.0,,regex
2773,César Quintana,vazqueznancy@example.net,(053)465-7409x683,,M,Perú,Trujillo,Inactivo,2025-06-05,1.0,414.76,414.76,0.0,,regex
2774,Socorro Cabrera,karla29@example.org,+34980 73 60 53,56.0,F,España,Bilbao,Activo,2026-02-05,3.0,1385.3,461.76666666666665,1.0,4.0,regex
2775,Che Alvarado,isotelo@example.org.,+34 984 26 37 41,63.0,Otro,Argentina,Rosario,Activo,2025-05-24,5.0,15209.88,3041.9759999999997,0.0,,regex
2776,Hipólito Estevez,serratoaugusto@example.net.,+34 878 92 27 44,52.0,Otro,Argentina,Buenos Aires,Activo,2024-02-25,2.0,2731.95,1365.975,0.0,4.0,regex
2777,Gloria Rosario,fvillena@example.net.,+34888 477 174,72.0,Otro,España,Madrid,Activo,2024-07-31,3.0,1090.69,363.56333333333333,1.0,,regex
2778,Porfirio Rascón,abigailnunez@example.org,+34976 698 237,36.0,Otro,Colombia,Cartagena,Activo,2023-08-12,0.0,0.0,,0.0,,regex
2779,Maximiliano Andreu,bvalle@example.net,+34 858121263,35.0,F,Argentina,La Plata,Activo,2025-10-01,2.0,3871.0299999999997,1935.5149999999999,0.0,,regex
2780,Pío Romo,duranvera@example.com,+34 849 519 335,34.0,F,Argentina,Buenos Aires,Activo,2023-10-01,3.0,2758.81,919.6033333333334,0.0,4.0,regex
2781,Gregorio Torrens,solvall@example.com,+34825 25 20 04,74.0,,México,Puebla,Activo,2023-12-01,3.0,3009.82,1003.2733333333334,1.0,4.5,regex
2782,Calixta Vall,lupetirado@example.net,(667)830-3172x94099,,M,Venezuela,Valencia,Activo,2025-12-25,3.0,6888.2,2296.0666666666666,0.0,5.0,regex
2783,Jerónimo Garcés,ztellez@example.com,+34901196799,50.0,Otro,Colombia,Cali,Activo,2025-01-10,6.0,4522.75,753.7916666666666,2.0,3.0,regex
2784,Ángel Acedo,pmontez@example.net.,09405684593,,Otro,Perú,Arequipa,Suspendido,2023-07-09,1.0,563.78,563.78,0.0,,regex
2785,Asdrubal Narváez,ksaez@example.org,502.259.3122x725,48.0,Otro,Argentina,Córdoba,Activo,2025-12-30,2.0,3191.6099999999997,1595.8049999999998,0.0,,regex
2786,Ignacio Huertas,imolins@example.org.,677-239-6778,71.0,F,España,Bilbao,Activo,2025-01-17,3.0,2006.45,668.8166666666667,0.0,4.0,regex
2787,Indira Ramírez,perezteodosio@example.org,940.990.7372x291,56.0,Otro,España,Valencia,Inactivo,2024-07-11,3.0,3159.96,1053.32,0.0,5.0,regex
2788,Isaac Barrientos,hernan40@example.net,+34822 956 505,,M,México,Ciudad de México,Suspendido,2025-01-14,1.0,382.88,382.88,0.0,5.0,regex
2789,Feliciana Vásquez,brigidagoicoechea@example.com.,+22(9)3511748636,27.0,M,Venezuela,Caracas,Suspendido,2026-02-18,1.0,165.39,165.39,0.0,,regex
2790,Pancho Orosco,qaguado@example.com,+34923 175 931,31.0,M,México,Puebla,Suspendido,2023-11-02,1.0,42.36,42.36,0.0,,regex
2791,Silvia Jódar,pfernandez@example.org.,1-961-265-0889x975,54.0,Otro,España,Málaga,Activo,2024-11-15,1.0,605.16,605.16,0.0,,regex
2792,Eloisa Villanueva,polancolourdes@example.net,+34 946 511 988,29.0,M,España,Sevilla,Activo,2024-03-19,1.0,134.98,134.98,0.0,,regex
2793,Martín Escrivá,gsantamaria@example.com,1-747-706-0855,62.0,Otro,España,Bilbao,Inactivo,2024-04-17,3.0,3402.3,1134.1000000000001,0.0,3.5,regex
2794,Linda Gómez,tpatino@example.org.,+34920 65 27 70,71.0,,España,Madrid,Suspendido,2026-02-23,4.0,9585.78,2396.445,1.0,3.0,regex
2795,Juan Carlos Porta,tiradoana-luisa@example.com,+34972 92 00 85,42.0,M,Colombia,Cartagena,Activo,2024-07-20,3.0,2051.92,683.9733333333334,0.0,,regex
2796,Telmo Paredes,oquerol@example.com,+34 847 37 55 83,36.0,M,Venezuela,Barquisimeto,Activo,2025-07-14,0.0,0.0,,0.0,,regex
2797,Javi Lago,pepitomachado@example.net.,1-282-066-6534,59.0,M,Argentina,Mendoza,Activo,2025-01-21,0.0,0.0,,0.0,,regex
2798,Evaristo Abad,fuertesteresita@example.org,617-808-8644,,M,Colombia,Medellín,Activo,2026-04-11,3.0,8803.81,2934.603333333333,0.0,4.0,regex
2799,Ana Belén Pedraza,corderosandra@example.com,+34 926 01 22 91,68.0,M,Venezuela,Maracaibo,Activo,2026-03-24,0.0,0.0,,0.0,,regex
2800,Eloy Menchaca,lbeltran@example.com,616.242.9338x01070,29.0,M,Venezuela,Barquisimeto,Activo,2024-09-02,1.0,9007.18,9007.18,0.0,5.0,regex
2801,Homero Almonte,celia64@example.net,+34 979507831,65.0,Otro,Argentina,Mendoza,Inactivo,2026-03-28,0.0,0.0,,0.0,,regex
2802,David Gastélum,locasio@example.org,(103)751-4164,45.0,F,Perú,Lima,Inactivo,2025-06-10,4.0,10946.08,2736.52,0.0,,regex
2803,Zaida Santiago,victorangel@example.com,+34 847849635,41.0,F,Perú,Trujillo,Activo,2026-02-13,1.0,830.78,830.78,1.0,,regex
2804,Borja Batalla,ambar99@example.com.,+34920 35 95 30,,F,España,Málaga,Activo,2025-09-05,1.0,1356.59,1356.59,0.0,,regex
2805,José Varela,miramontessofia@example.com,991.452.1020,51.0,Otro,Colombia,Cartagena,Activo,2024-11-13,1.0,113.14,113.14,0.0,,regex
2806,Abel Beltrán,salonso@example.org.,+34 844 100 468,,F,Colombia,Medellín,Suspendido,2025-03-08,0.0,0.0,,0.0,,regex
2807,Claudio Arjona,carmen65@example.com,+34 925568622,28.0,F,Chile,Santiago,Suspendido,2025-03-17,0.0,0.0,,0.0,,regex
2808,Gabriela Cabrera,almanzajavier@example.com,1-929-369-0706,53.0,Otro,Chile,Temuco,Suspendido,2025-05-24,1.0,1056.71,1056.71,1.0,,regex
2809,Claudia Múñiz,celestino75@example.net,+34 807477004,48.0,Otro,Chile,Santiago,Inactivo,2025-06-13,0.0,0.0,,0.0,,regex
2810,Julio César Sevilla,porfirionovoa@example.org.,+34974 438 326,19.0,F,España,Madrid,Suspendido,2025-12-15,5.0,13170.279999999999,2634.0559999999996,0.0,3.0,regex
2811,Ana Luisa Frías,maria-eugeniagracia@example.net,+34878 014 646,47.0,F,España,Málaga,Activo,2024-06-12,3.0,1346.8,448.93333333333334,0.0,,regex
2812,Jose Ramón Morillo,toroignacio@example.net.,+34813 971 010,,,España,Barcelona,Activo,2025-08-16,0.0,0.0,,0.0,,regex
2813,Isaías Parra,hernandezoriana@example.com,+34946008768,37.0,M,Colombia,Cali,Suspendido,2025-05-10,1.0,2266.11,2266.11,0.0,4.0,regex
2814,José Luis Soliz,daliamontoya@example.org,1-685-755-6442x927,41.0,M,Venezuela,Valencia,Activo,2024-05-19,1.0,1792.17,1792.17,0.0,,regex
2815,Elisa Coll,lorenzoquintana@example.com,221-660-9523,50.0,,Argentina,Mendoza,Activo,2026-04-14,1.0,899.05,899.05,0.0,5.0,regex
2816,Antonio Durán,gracianamonreal@example.com,1-931-240-4938x636,26.0,F,Perú,Lima,Activo,2025-08-14,3.0,9159.76,3053.2533333333336,0.0,,regex
2817,Zaira Mireles,estebanrobles@example.org,763.065.8582x765,61.0,,España,Valencia,Suspendido,2026-02-16,0.0,0.0,,0.0,,regex
2818,Silvia Ojeda,teresaanaya@example.net,+34979 85 81 44,26.0,F,Chile,Concepción,Activo,2026-03-11,0.0,0.0,,0.0,,regex
2819,Sebastian Parra,seguimatias@example.org,115-551-0749,55.0,,Argentina,La Plata,Inactivo,2025-09-28,1.0,646.36,646.36,0.0,4.0,regex
2820,Bernardo Perales,torrentscalixto@example.net,970-126-8315,35.0,M,Perú,Lima,Activo,2023-11-11,1.0,5626.43,5626.43,0.0,,regex
2821,Eduardo Portero,feliciana11@example.com,(905)435-2682x194,36.0,F,Argentina,Córdoba,Inactivo,2023-08-10,2.0,4174.41,2087.205,0.0,5.0,regex
2822,Jimena Huertas,ccalzada@example.net,257.592.1230,45.0,Otro,España,Valencia,Activo,2025-12-09,0.0,0.0,,0.0,,regex
2823,Moreno Heredia,salasemigdio@example.org,+34886631186,63.0,Otro,Colombia,Barranquilla,Activo,2025-12-21,2.0,4392.21,2196.105,0.0,5.0,regex
2824,Clarisa Téllez,alex54@example.com,318.131.2547x0997,58.0,F,España,Barcelona,Activo,2024-02-15,2.0,2970.81,1485.405,0.0,,regex
2825,Jonatan Alonso,abraham76@example.com,08629436813,35.0,M,Argentina,La Plata,Inactivo,2024-03-29,5.0,10935.94,2187.188,2.0,3.0,regex
2826,Eugenia Uribe,xcanellas@example.org,(458)458-4022x2776,53.0,Otro,Chile,Temuco,Activo,2023-09-30,2.0,2593.28,1296.64,0.0,5.0,regex
2827,Teo Rubio,galo79@example.org.,451-906-7742,,M,Venezuela,Maracaibo,Activo,2025-07-21,4.0,4350.93,1087.7325,0.0,4.5,regex
2828,Renata Alcolea,geronimolucero@example.org,00842575423,62.0,F,México,Tijuana,Inactivo,2026-04-22,1.0,2814.82,2814.82,0.0,4.0,regex
2829,Enrique Valles,hugosolorio@example.com,+34 848253502,52.0,F,España,Madrid,Activo,2024-09-12,2.0,1382.46,691.23,0.0,,regex
2830,Francisca Venegas,jeremiasvillaverde@example.com,03705877522,62.0,M,Chile,Temuco,Activo,2025-09-21,3.0,1740.52,580.1733333333333,0.0,,regex
2831,Loreto Aragonés,cornejoernesto@example.net,033-873-8453,72.0,F,Chile,Temuco,Activo,2025-11-11,1.0,2270.43,2270.43,0.0,,regex
2832,Edgardo Mir,pamelafarias@example.com,943)658-6949,38.0,,Perú,Cusco,Inactivo,2024-12-25,2.0,2631.59,1315.795,0.0,,regex
2833,Camila Menendez,ines32@example.net,737.594.2831x888,21.0,Otro,Venezuela,Barquisimeto,Activo,2023-09-07,4.0,4094.43,1023.6075,1.0,4.0,regex
2834,Leonor Hervás,nellyaragon@example.net.,+34825 541 682,55.0,,Venezuela,Maturín,Activo,2025-03-04,3.0,2313.66,771.2199999999999,0.0,4.5,regex
2835,María Eugenia Palacio,batistazeferino@example.net,+65(4)7651267490,54.0,,España,Sevilla,Suspendido,2024-06-04,0.0,0.0,,0.0,,regex
2836,Pablo Fonseca,pio62@example.net.,+34876495651,51.0,F,México,Puebla,Inactivo,2025-06-07,6.0,6131.58,1021.93,0.0,3.5,regex
2837,Fabián Badía,cpacheco@example.com,1-656-124-9833x441,56.0,F,Argentina,Córdoba,Activo,2024-07-02,1.0,1462.15,1462.15,0.0,,regex
2838,Roberto Verdú,hortensia29@example.org,937-352-9083x11686,44.0,Otro,Venezuela,Caracas,Activo,2025-06-05,1.0,1696.54,1696.54,0.0,,regex
2839,Marisol Sotelo,cesaracosta@example.com,+34986116944,,M,Venezuela,Valencia,Inactivo,2025-05-06,5.0,9724.4,1944.8799999999999,0.0,4.0,regex
2840,Rufino Borrego,carrerajacobo@example.org,054-191-9994,75.0,Otro,España,Barcelona,Activo,2025-04-29,3.0,5933.2,1977.7333333333333,1.0,4.0,regex
2841,Raquel Teruel,juliobetancourt@example.com,+34 844740451,60.0,Otro,Argentina,Rosario,Inactivo,2025-11-10,0.0,0.0,,0.0,,regex
2842,Mónica Seguí,ayalamar@example.org.,1-431-891-0049x246,74.0,Otro,Argentina,Buenos Aires,Activo,2025-11-10,1.0,228.61,228.61,0.0,,regex
2843,Tamara Palmer,zdominguez@example.org,+34 923 081 086,,Otro,Argentina,Tucumán,Activo,2024-09-06,1.0,10275.42,10275.42,0.0,3.0,regex
2844,Julio Palomar,gallardoines@example.com,+34 943 428 235,65.0,,Colombia,Bucaramanga,Inactivo,2025-10-12,1.0,1784.75,1784.75,0.0,,regex
2845,Leonel Riquelme,antonio21@example.org.,+34 887 960 593,50.0,M,Argentina,Buenos Aires,Suspendido,2023-06-26,5.0,4884.9,976.9799999999999,1.0,3.0,regex
2846,Clemente Collazo,emilio64@example.net,+34 942 113 887,69.0,Otro,México,Puebla,Activo,2025-06-24,4.0,4133.3099999999995,1033.3274999999999,2.0,3.0,regex
2847,Benjamín Cuellar,tnino@example.net,+09(6)4614699483,21.0,F,Argentina,Tucumán,Inactivo,2024-07-27,3.0,4642.11,1547.37,1.0,5.0,regex
2848,Donato Pichardo,yrenteria@example.com,249.753.9303,43.0,F,Perú,Chiclayo,Inactivo,2026-02-25,4.0,4135.27,1033.8175,0.0,2.0,regex
2849,Edgardo Alonzo,ocanton@example.com,423-683-7803x71718,31.0,Otro,Colombia,Bucaramanga,Activo,2024-04-27,1.0,7202.47,7202.47,0.0,,regex
2850,Yago Padrón,anibaliglesias@example.com,565)663-6363,75.0,,Chile,Valparaíso,Activo,2023-12-25,0.0,0.0,,0.0,,regex
2851,Natividad Echeverría,luzmarisol@example.org,+34807379982,56.0,M,España,Valencia,Activo,2024-04-06,3.0,4118.88,1372.96,0.0,4.5,regex
2852,Ramón Valentín,diazjesus@example.org,1-937-759-0129x299,42.0,M,Colombia,Bucaramanga,Suspendido,2025-03-19,0.0,0.0,,0.0,,regex
2853,Borja Gallart,liraines@example.com,1-085-074-9113x92823,39.0,,España,Valencia,Inactivo,2025-02-04,1.0,551.46,551.46,0.0,3.0,regex
2854,Sofía Coloma,asunciongriego@example.net,+34 723383367,58.0,M,México,Guadalajara,Inactivo,2026-03-10,1.0,304.58,304.58,1.0,,regex
2855,Ángela Bañuelos,epedraza@example.net,615.818.1106,62.0,M,Argentina,Mendoza,Activo,2025-05-04,2.0,3625.21,1812.605,1.0,5.0,regex
2856,Nazaret Córdoba,trujillomar@example.net,1-893-201-0898x10723,26.0,M,España,Málaga,Inactivo,2025-07-16,2.0,447.49,223.745,0.0,,regex
2857,Francisca Macías,aldobustamante@example.net.,108-834-4425,40.0,,Venezuela,Caracas,Activo,2024-10-24,2.0,20404.05,10202.025,0.0,,regex
2858,Juanito Caballero,paulina47@example.net,+23(9)2831091571,38.0,M,España,Barcelona,Activo,2023-05-22,1.0,1939.26,1939.26,0.0,,regex
2859,Mamen Vélez,martinbotella@example.org,+34 901 25 05 96,,Otro,Venezuela,Barquisimeto,Suspendido,2023-09-04,3.0,1698.47,566.1566666666666,1.0,,regex
2860,Cristina Valencia,andres87@example.com.,(896)176-8729x62042,36.0,M,España,Málaga,Inactivo,2024-06-16,3.0,809.66,269.88666666666666,0.0,4.0,regex
2861,Bautista Mendizábal,andresbelen@example.net,+34924923065,53.0,,Colombia,Bucaramanga,Activo,2023-09-14,2.0,1557.4,778.7,0.0,5.0,regex
2862,Porfirio Morcillo,susana28@example.net,+34 803496054,60.0,,España,Sevilla,Activo,2025-01-18,1.0,1860.14,1860.14,0.0,,regex
2863,Alvaro Villa,roldanadela@example.com.,+34 806 47 30 87,37.0,Otro,Chile,Santiago,Activo,2024-05-08,4.0,4569.76,1142.44,1.0,3.5,regex
2864,Rolando Cuevas,manolo13@example.org.,+34920 80 21 03,20.0,M,Argentina,Mendoza,Inactivo,2025-08-08,1.0,1367.37,1367.37,0.0,5.0,regex
2865,Amaro Gómez,candela23@example.com,+34962 741 570,52.0,F,España,Málaga,Suspendido,2023-11-10,1.0,71.1,71.1,0.0,,regex
2866,Alejandro Caldera,marreroespartaco@example.com,491.892.4557,39.0,Otro,México,Guadalajara,Suspendido,2025-04-23,1.0,411.58,411.58,1.0,4.0,regex
2867,Eugenia Gual,olga03@example.org,(181)585-3506x2925,40.0,M,Chile,Valparaíso,Activo,2025-07-23,2.0,1799.68,899.84,0.0,,regex
2868,Sara Infante,pferrandez@example.org,+34 859 386 556,,M,Argentina,Rosario,Activo,2025-12-16,0.0,0.0,,0.0,,regex
2869,Roberta Cerro,perellogoyo@example.net,927.951.3246x518,43.0,Otro,Perú,Iquitos,Inactivo,2025-05-28,3.0,4258.36,1419.4533333333331,0.0,4.0,regex
2870,José Mari Carrera,carboluna@example.com,+34 973 98 34 00,21.0,M,Venezuela,Barquisimeto,Suspendido,2025-10-27,4.0,2857.31,714.3275,1.0,3.3333333333333335,regex
2871,Nicolasa Balderas,gimenezmaura@example.org,499.632.1553,75.0,,Venezuela,Maturín,Inactivo,2025-11-27,1.0,279.14,279.14,0.0,,regex
2872,Inés Cal,cesar86@example.org,+34 847 400 025,30.0,Otro,México,Monterrey,Activo,2024-11-02,1.0,184.22,184.22,1.0,2.0,regex
2873,Paola Goñi,armentadulce-maria@example.org,408.975.7842,43.0,,España,Valencia,Inactivo,2025-10-08,0.0,0.0,,0.0,,regex
2874,Dolores Mata,camilo63@example.net,(779)279-6939,28.0,Otro,España,Valencia,Activo,2023-05-17,0.0,0.0,,0.0,,regex
2875,Ariadna Rivero,odalis53@example.net,+34704 34 94 81,31.0,F,España,Madrid,Activo,2026-01-25,2.0,4311.88,2155.94,2.0,2.0,regex
2876,Jessica Sevilla,guillermo33@example.net,1-140-290-3008,,M,Colombia,Cartagena,Suspendido,2025-09-23,1.0,1048.98,1048.98,0.0,,regex
2877,Iván Becerra,albano75@example.com,(621)634-8443x0534,32.0,M,Perú,Chiclayo,Activo,2026-02-24,1.0,311.43,311.43,0.0,,regex
2878,Iván Alonso,casandracodina@example.net,+34 944137195,54.0,M,Perú,Trujillo,Inactivo,2024-10-29,1.0,1479.46,1479.46,0.0,,regex
2879,Virginia Casas,wgarica@example.com,846-863-8720,33.0,M,España,Valencia,Suspendido,2026-03-25,2.0,2989.7,1494.85,1.0,3.0,regex
2880,Heraclio Cortina,tbarrera@example.net.,274.026.5585,74.0,M,España,Barcelona,Activo,2024-02-22,1.0,7991.78,7991.78,0.0,,regex
2881,Fito Huguet,veraconrado@example.net,480-514-3882x73749,36.0,Otro,Chile,Antofagasta,Activo,2025-02-11,2.0,3229.37,1614.685,0.0,,regex
2882,Víctor Salinas,franchpascuala@example.org,+62(1)4613354733,66.0,Otro,Colombia,Bogotá,Suspendido,2023-07-14,0.0,0.0,,0.0,,regex
2883,Inés Ornelas,eva-maria81@example.com,+34 926771807,,Otro,Chile,Valparaíso,Activo,2025-01-18,0.0,0.0,,0.0,,regex
2884,Maricruz Romeu,celia85@example.net,+34 883190827,43.0,M,Argentina,Rosario,Activo,2024-04-22,4.0,1591.87,397.9675,1.0,,regex
2885,Gerardo Patiño,jose-emilioalmanza@example.com,1-373-643-5371,60.0,M,México,Mérida,Activo,2023-08-26,3.0,9334.77,3111.59,1.0,5.0,regex
2886,Federico Valera,muletbernarda@example.org,+34882 28 63 23,41.0,F,México,Puebla,Suspendido,2023-07-04,2.0,2505.03,1252.515,0.0,2.0,regex
2887,Jorge Salinas,rjaime@example.com,+34944 673 521,56.0,M,España,Valencia,Activo,2023-05-28,0.0,0.0,,0.0,,regex
2888,Marc Diaz,abelardo93@example.net,+34 884 96 47 93,69.0,,España,Valencia,Activo,2024-01-06,3.0,10597.64,3532.5466666666666,0.0,5.0,regex
2889,Julio Calzada,conchita62@example.com,08892670136,28.0,M,Colombia,Cartagena,Suspendido,2025-02-08,0.0,0.0,,0.0,,regex
2890,Julia Gaona,dionisioseco@example.net,941.447.7204,,Otro,Chile,Concepción,Inactivo,2024-01-13,2.0,712.0699999999999,356.03499999999997,0.0,,regex
2891,Venceslás Villalobos,pugacitlali@example.com,439-606-3007,,M,Colombia,Bucaramanga,Suspendido,2023-12-24,1.0,214.81,214.81,0.0,,regex
2892,Feliciana Sáez,wendolinnava@example.com,+34861 187 816,64.0,Otro,Chile,Temuco,Activo,2024-07-03,1.0,963.23,963.23,1.0,4.0,regex
2893,Marcela Moya,osunaramona@example.net.,1-446-850-0947,24.0,F,Perú,Cusco,Suspendido,2024-09-22,2.0,764.35,382.175,0.0,,regex
2894,Delfina Pujadas,jreina@example.net,+34988 79 29 68,52.0,Otro,México,Guadalajara,Suspendido,2024-01-20,1.0,2615.8,2615.8,0.0,,regex
2895,Minerva Ponce,opol@example.com,+34 977 360 075,,Otro,España,Valencia,Activo,2023-05-23,2.0,10261.12,5130.56,0.0,5.0,regex
2896,Florina Carrera,mercedesvalle@example.net.,+34825175282,74.0,,Argentina,Tucumán,Activo,2025-10-15,0.0,0.0,,0.0,,regex
2897,Rubén Valencia,hcastaneda@example.org,(166)402-8028x022,29.0,,España,Madrid,Activo,2025-05-24,1.0,43.36,43.36,0.0,,regex
2898,Julia Botello,aurelio75@example.net,626-570-4388,27.0,M,México,Mérida,Activo,2023-12-13,2.0,14296.630000000001,7148.3150000000005,1.0,,regex
2899,Alberto Exposito,resendezleticia@example.com,1-742-735-9840,64.0,M,Perú,Arequipa,Suspendido,2024-10-05,4.0,2750.14,687.535,0.0,,regex
2900,Marina Rosselló,zmenchaca@example.org,1-947-189-1668x073,63.0,,Chile,Antofagasta,Activo,2025-07-14,2.0,4445.92,2222.96,0.0,5.0,regex
2901,Ambrosio Samper,ypadilla@example.net.,+34806 22 00 36,58.0,M,México,Guadalajara,Activo,2025-09-04,1.0,1281.1,1281.1,0.0,5.0,regex
2902,Ariadna Cerezo,miguel22@example.org,02456212025,26.0,,Venezuela,Maturín,Inactivo,2026-05-10,2.0,4340.73,2170.365,0.0,,regex
2903,Corona Caraballo,cloequevedo@example.com,255.176.5698,63.0,M,México,Guadalajara,Activo,2024-08-15,0.0,0.0,,0.0,,regex
2904,Aldonza Ramón,rpelaez@example.com,+34 813 143 061,50.0,M,Venezuela,Maracaibo,Inactivo,2024-01-25,1.0,267.96,267.96,0.0,,regex
2905,Arcelia Tafoya,marenas@example.net,+34947998189,18.0,,Colombia,Bucaramanga,Activo,2024-01-10,0.0,0.0,,0.0,,regex
2906,Angélica Jordá,saldanabeatriz@example.net.,+34 877 646 890,43.0,Otro,Colombia,Bogotá,Activo,2025-06-27,2.0,1466.37,733.185,0.0,5.0,regex
2907,Noelia Tijerina,elenacabrera@example.org,905.387.5189x534,19.0,Otro,España,Málaga,Activo,2026-04-29,1.0,790.66,790.66,0.0,,regex
2908,Tomás Gras,ofierro@example.net,+34 744143269,,Otro,España,Barcelona,Activo,2025-04-06,0.0,0.0,,0.0,,regex
2909,Milagros Laguna,odalyschico@example.org,+34 943 586 233,55.0,,España,Valencia,Suspendido,2025-01-15,6.0,9430.63,1571.7716666666665,1.0,2.0,regex
2910,Encarnación Martín,bartolometrini@example.com.,467-573-2514x15617,42.0,F,España,Sevilla,Activo,2025-12-13,1.0,151.62,151.62,0.0,,regex
2911,Lino Conde,qcorrea@example.com,07403530056,,F,México,Ciudad de México,Activo,2023-09-23,3.0,2213.86,737.9533333333334,0.0,3.0,regex
2912,Cristal Gaitán,ornelasraul@example.com,132-630-1508,71.0,F,Argentina,Rosario,Inactivo,2023-10-02,2.0,5181.7,2590.85,0.0,,regex
2913,Arsenio Coca,hilariosobrino@example.org,(503)860-7294x30628,32.0,Otro,España,Valencia,Inactivo,2023-12-02,0.0,0.0,,0.0,,regex
2914,Israel Chacón,quintanillazeferino@example.net,+34987 558 679,50.0,F,España,Sevilla,Activo,2023-09-18,3.0,1337.49,445.83,0.0,,regex
2915,Filomena Suárez,gustavotellez@example.com,612.806.9552,37.0,,Venezuela,Barcelona,Activo,2023-09-03,7.0,25201.34,3600.191428571429,1.0,4.0,regex
2916,Eric Puga,roberto67@example.net,713.411.2928,67.0,M,Argentina,Mendoza,Activo,2025-11-28,2.0,2346.82,1173.41,0.0,,regex
2917,Socorro Izaguirre,smaya@example.com.,085.548.8598,42.0,M,Perú,Chiclayo,Inactivo,2024-07-08,1.0,577.39,577.39,0.0,,regex
2918,Mariano Taboada,gilberto06@example.org,+34 943909594,23.0,,Venezuela,Maracaibo,Activo,2024-05-23,1.0,1284.74,1284.74,1.0,2.0,regex
2919,Cruz Exposito,fsola@example.org,+34986 81 53 02,,F,Perú,Iquitos,Activo,2023-12-23,0.0,0.0,,0.0,,regex
2920,Martha Ballesteros,ramonsalcido@example.net.,+34 926384127,,,Venezuela,Maracaibo,Suspendido,2025-09-20,4.0,11669.36,2917.34,0.0,3.3333333333333335,regex
2921,Raúl Ibarra,aurora88@example.com,+34901 16 27 42,,,Perú,Lima,Activo,2023-08-25,3.0,1964.31,654.77,0.0,5.0,regex
2922,Chus Madera,vicente85@example.org,+34900 61 01 68,30.0,Otro,Argentina,La Plata,Activo,2025-12-30,0.0,0.0,,0.0,,regex
2923,Benjamín Toledo,agomez@example.net,04607372040,36.0,F,México,Mérida,Activo,2025-04-05,2.0,653.16,326.58,1.0,3.0,regex
2924,Abril Madrigal,cuadradocarlos@example.com,(343)614-5501x290,41.0,Otro,Perú,Chiclayo,Activo,2024-01-27,2.0,4463.1,2231.55,0.0,,regex
2925,Benigna Terán,creyna@example.com,698)363-3209,69.0,,Venezuela,Valencia,Activo,2024-12-04,3.0,3146.01,1048.67,0.0,,regex
2926,Santos Espino,zapataagustina@example.org,+34901 61 87 02,43.0,M,Chile,Temuco,Activo,2025-06-13,3.0,10758.7,3586.2333333333336,0.0,,regex
2927,Tania Larrea,xtijerina@example.org,+34 902 642 508,73.0,F,Argentina,Tucumán,Inactivo,2024-01-26,4.0,3609.14,902.285,0.0,,regex
2928,Susana Reig,yuridia77@example.org,+34881 724 929,35.0,F,Chile,La Serena,Activo,2025-04-21,5.0,10757.619999999999,2151.524,0.0,,regex
2929,Jerónimo Maza,hbello@example.com.,056-927-4505,63.0,,Colombia,Cali,Activo,2024-07-03,1.0,5421.98,5421.98,0.0,,regex
2930,Rodolfo Flores,soledadsolorio@example.net,+34846 580 256,41.0,Otro,México,Tijuana,Inactivo,2023-08-10,0.0,0.0,,0.0,,regex
2931,Genaro Pulido,luz40@example.com,+34 884 14 26 56,42.0,Otro,Argentina,Tucumán,Suspendido,2024-08-15,3.0,2653.9500000000003,884.6500000000001,1.0,4.0,regex
2932,Anabel Páez,aldonzaamador@example.com,+34 902 766 053,45.0,M,Colombia,Barranquilla,Activo,2025-11-17,4.0,12875.86,3218.965,0.0,3.0,regex
2933,Óliver Sevilla,yocampo@example.net.,+34 980 772 424,,Otro,Argentina,La Plata,Activo,2024-10-21,5.0,10597.460000000001,2119.492,3.0,2.3333333333333335,regex
2934,Angélica Tur,cepedanatalia@example.org,02499877999,,F,Venezuela,Maturín,Suspendido,2025-05-01,3.0,2479.5,826.5,0.0,,regex
2935,Dafne Archuleta,diazmaria-jose@example.com,00408673258,72.0,F,Colombia,Bucaramanga,Activo,2024-11-12,1.0,4377.09,4377.09,0.0,3.0,regex
2936,Nicolás Andrés,geronimorincon@example.org,693.865.1205,67.0,Otro,México,Guadalajara,Suspendido,2023-09-09,2.0,1059.49,529.745,1.0,5.0,regex
2937,Ani Tomás,marisol70@example.org,1-620-233-6270,42.0,,Argentina,La Plata,Activo,2023-12-25,2.0,1072.38,536.19,0.0,1.0,regex
2938,Paola Ontiveros,naciomarino@example.org,129-045-8963x85952,30.0,M,Chile,Antofagasta,Activo,2025-10-22,3.0,5654.0,1884.6666666666667,0.0,4.0,regex
2939,Norberto Barceló,asuncion06@example.net.,(058)809-5924x398,,F,Venezuela,Caracas,Activo,2024-05-14,3.0,2413.69,804.5633333333334,0.0,4.0,regex
2940,Fermín Perera,de-la-garzablanca@example.org.,(660)289-2814x9896,,,México,Guadalajara,Activo,2026-01-08,2.0,14672.62,7336.31,0.0,3.0,regex
2941,Pascuala Urías,juan83@example.com,+34820538336,70.0,F,Colombia,Bucaramanga,Activo,2025-08-22,2.0,1156.69,578.345,1.0,2.0,regex
2942,Gloria Luna,estela03@example.com,+34 957 84 56 61,46.0,M,Perú,Arequipa,Suspendido,2025-08-29,0.0,0.0,,0.0,,regex
2943,Leonor Rebollo,qmelendez@example.org.,1-876-601-7829,,Otro,Venezuela,Valencia,Activo,2024-01-15,1.0,1856.25,1856.25,0.0,4.0,regex
2944,Guillermo Conde,fcervantes@example.org,+34 828 996 994,59.0,,Venezuela,Caracas,Inactivo,2025-11-16,1.0,6894.44,6894.44,0.0,,regex
2945,Curro Loya,jmartinez@example.net,1-868-443-8068,70.0,,Venezuela,Barcelona,Activo,2023-09-04,1.0,16446.03,16446.03,0.0,,regex
2946,José Luis Velásquez,maria-elena38@example.org,679-972-8156x13023,32.0,,Venezuela,Caracas,Inactivo,2025-09-15,4.0,7301.23,1825.3075,0.0,5.0,regex
2947,Esmeralda Prado,xfonseca@example.net,876-596-4718x175,30.0,M,Argentina,Buenos Aires,Inactivo,2024-02-26,1.0,541.17,541.17,0.0,,regex
2948,Bianca Montañez,torralbamaximiano@example.com,+34 887406021,66.0,Otro,Perú,Arequipa,Activo,2025-02-13,4.0,12199.83,3049.9575,1.0,3.0,regex
2949,Dulce Pelayo,xcuriel@example.com,+34875 226 373,52.0,M,Venezuela,Caracas,Activo,2025-01-18,5.0,5595.84,1119.1680000000001,0.0,3.0,regex
2950,Marco Rivero,susanaarteaga@example.org,897.267.1569x147,,,Argentina,Rosario,Activo,2023-07-29,1.0,5983.68,5983.68,0.0,,regex
2951,Imelda Munguía,olivasgeronimo@example.com.,+34 979150066,29.0,F,España,Bilbao,Inactivo,2026-02-05,2.0,2925.69,1462.845,0.0,,regex
2952,Elvira Angulo,jose-luis78@example.com,222.200.6597x7414,62.0,M,México,Monterrey,Activo,2023-10-06,4.0,10958.779999999999,2739.6949999999997,1.0,5.0,regex
2953,Celestino Galvez,abelochoa@example.net,(170)466-8708,62.0,M,Chile,Antofagasta,Inactivo,2025-10-03,1.0,1396.27,1396.27,0.0,,regex
2954,Claudia Berrocal,jcardona@example.org,+34 884658365,25.0,M,España,Barcelona,Inactivo,2025-08-07,3.0,7553.22,2517.7400000000002,0.0,5.0,regex
2955,Santos Muñiz,telmoramon@example.net,+34848 208 610,29.0,,Chile,Santiago,Activo,2023-08-29,3.0,2666.4,888.8000000000001,0.0,4.0,regex
2956,Leire Alvarado,salvadorvela@example.com,(348)814-6082x4740,,M,Perú,Cusco,Activo,2025-01-20,6.0,11626.89,1937.8149999999998,0.0,3.5,regex
2957,Emilio Marrero,roblesjose-carlos@example.com,196-213-2392x950,61.0,,Argentina,Mendoza,Activo,2026-02-09,3.0,6366.65,2122.2166666666667,1.0,3.0,regex
2958,Juan Carlos Ariño,nievescalatayud@example.com,087-267-0511x9388,,Otro,Venezuela,Barcelona,Suspendido,2026-02-23,0.0,0.0,,0.0,,regex
2959,Elisa Lillo,ortegawendolin@example.com,+34 823 930 420,41.0,F,España,Madrid,Activo,2026-03-26,1.0,420.49,420.49,1.0,,regex
2960,Rocío Olmo,hgordillo@example.org,567-224-1286x503,32.0,F,México,Tijuana,Inactivo,2023-09-24,2.0,3748.5299999999997,1874.2649999999999,0.0,5.0,regex
2961,Inmaculada Vera,gerardolamas@example.net,+34 885440661,23.0,M,Colombia,Bogotá,Suspendido,2025-01-28,3.0,1015.25,338.4166666666667,0.0,,regex
2962,Joaquina Cañete,splaza@example.net.,(618)382-5591x4321,,,España,Valencia,Suspendido,2025-06-25,1.0,464.68,464.68,0.0,,regex
2963,Lino Ocasio,carmelo82@example.org,+34947 178 087,24.0,M,Colombia,Barranquilla,Inactivo,2023-12-15,3.0,2690.3,896.7666666666668,1.0,4.0,regex
2964,Aura Quintanilla,juan-manuelcortina@example.org,1-036-595-9257x072,32.0,Otro,Perú,Arequipa,Suspendido,2025-11-18,3.0,5617.57,1872.5233333333333,1.0,,regex
2965,Eliana Juárez,barriosmarcela@example.org,+34877 70 26 16,60.0,Otro,Venezuela,Barcelona,Inactivo,2023-08-20,2.0,5145.67,2572.835,0.0,,regex
2966,Dolores Avilés,lupemanzano@example.org.,+34 848621083,52.0,F,Venezuela,Caracas,Inactivo,2025-01-02,2.0,745.3599999999999,372.67999999999995,0.0,1.0,regex
2967,Alejo Mateu,gamezblanca@example.com,+34 922311892,27.0,M,Argentina,Buenos Aires,Activo,2023-07-08,2.0,9910.6,4955.3,1.0,1.0,regex
2968,Cebrián Sevillano,hescobar@example.com,03042387680,,Otro,México,Monterrey,Suspendido,2023-05-26,1.0,924.0,924.0,0.0,,regex
2969,Zeferino Ponce,maria-luisareyes@example.net,+34974 85 25 39,27.0,F,Argentina,Buenos Aires,Suspendido,2023-12-03,4.0,16205.54,4051.385,1.0,4.0,regex
2970,Homero Gonzalez,qjulian@example.net.,1-195-442-3344x02588,54.0,M,Venezuela,Barquisimeto,Activo,2025-09-25,2.0,252.95,126.475,0.0,3.0,regex
2971,Agapito Calderón,abreuoctavio@example.net.,853-159-9646,39.0,,Venezuela,Maracaibo,Activo,2025-01-12,1.0,748.51,748.51,0.0,5.0,regex
2972,Cecilia Henríquez,vsamaniego@example.org,+34972683532,25.0,Otro,España,Bilbao,Activo,2024-10-08,2.0,134.1,67.05,0.0,5.0,regex
2973,Nuria Alberdi,hcorbacho@example.net,469-316-8151,18.0,F,España,Valencia,Activo,2024-03-21,1.0,1601.17,1601.17,0.0,,regex
2974,Leyre Uriarte,vera45@example.org,(923)066-1901,38.0,M,Perú,Chiclayo,Activo,2025-04-25,3.0,3318.73,1106.2433333333333,0.0,5.0,regex
2975,Dalia Cuellar,hrivera@example.net.,+34816 473 908,67.0,F,España,Barcelona,Activo,2024-05-31,3.0,13487.14,4495.713333333333,0.0,4.0,regex
2976,Oswaldo Cáceres,isaaczarate@example.net,03331695432,43.0,M,Argentina,Buenos Aires,Suspendido,2023-11-28,4.0,6996.549999999999,1749.1374999999998,0.0,4.5,regex
2977,Raquel Orozco,peraltasergio@example.com,+34980772043,41.0,F,Colombia,Bogotá,Activo,2025-12-04,3.0,9791.83,3263.943333333333,0.0,,regex
2978,Claudia Carranza,amata@example.com,392.840.3476,38.0,,España,Sevilla,Suspendido,2024-04-03,1.0,910.21,910.21,0.0,,regex
2979,Gabriela Abrego,msisneros@example.net,532-836-9308,41.0,M,Perú,Iquitos,Inactivo,2023-07-30,3.0,1447.3999999999999,482.46666666666664,0.0,,regex
2980,Delia Falcó,cordobaandres-felipe@example.net,+34 926 65 72 38,,Otro,Argentina,La Plata,Activo,2025-05-11,2.0,3327.68,1663.84,0.0,,regex
2981,Amanda Román,hervaspastora@example.net,406)958-0518,54.0,Otro,Perú,Cusco,Inactivo,2024-06-02,4.0,3333.46,833.365,1.0,1.0,regex
2982,Noemí Vila,elozada@example.com.,+34 862 855 633,49.0,F,Colombia,Cali,Activo,2024-07-30,4.0,13526.68,3381.67,0.0,5.0,regex
2983,Odalis Gisbert,aureliosalinas@example.net,+34 827 182 891,45.0,M,Argentina,Tucumán,Activo,2023-06-09,4.0,5836.360000000001,1459.0900000000001,0.0,,regex
2984,Antonia Cortina,almanzajesus@example.net,+34 884796056,23.0,M,Perú,Cusco,Activo,2024-02-01,3.0,3137.1,1045.7,1.0,,regex
2985,Andrés Felipe Reynoso,hserrato@example.com.,1-464-582-9546,45.0,Otro,Venezuela,Valencia,Inactivo,2026-04-03,2.0,1208.65,604.325,1.0,4.0,regex
2986,Emilio Gimenez,gisbertluisina@example.org,1-166-234-2530x128,51.0,F,España,Sevilla,Activo,2025-02-18,1.0,3199.92,3199.92,1.0,,regex
2987,Marina Camps,diananunez@example.org.,+34 979818741,67.0,M,España,Madrid,Activo,2024-07-07,1.0,530.38,530.38,0.0,,regex
2988,Lorena Sanjuan,oarcos@example.com,+34 977 375 143,39.0,Otro,España,Bilbao,Suspendido,2026-03-28,1.0,287.56,287.56,0.0,,regex
2989,Jerónimo Porras,ezequielmas@example.com,009-749-0912x619,48.0,,Chile,Antofagasta,Suspendido,2024-06-23,2.0,2966.02,1483.01,1.0,3.0,regex
2990,Rafa Martorell,esther40@example.org,965-608-4695x4495,61.0,,México,Puebla,Activo,2025-08-03,1.0,1281.04,1281.04,0.0,,regex
2991,María Teresa Negrete,cruzfelipe@example.com,+34803152290,30.0,,Argentina,Tucumán,Suspendido,2023-06-07,4.0,2898.8100000000004,724.7025000000001,1.0,3.6666666666666665,regex
2992,Pepe Tolosa,rosaliajiminez@example.org.,+34825217220,27.0,M,México,Guadalajara,Activo,2024-01-09,2.0,13516.78,6758.39,0.0,5.0,regex
2993,Glauco Villaverde,rosaura19@example.net,1-787-341-3723x073,49.0,F,España,Bilbao,Activo,2024-11-01,3.0,2081.7,693.9,1.0,3.0,regex
2994,Rosario Vallejo,khernandez@example.com,1-525-853-5599,47.0,F,Chile,La Serena,Inactivo,2023-09-19,0.0,0.0,,0.0,,regex
2995,Bernardo Guzmán,lomelievelio@example.net.,430-884-8606,47.0,F,Colombia,Medellín,Activo,2025-04-22,4.0,10197.33,2549.3325,0.0,,regex
2996,Helena Pareja,pfernandez@example.com,1-790-155-0880x63958,54.0,F,Colombia,Cartagena,Suspendido,2024-05-09,2.0,1137.9,568.95,0.0,,regex
2997,Abraham Durán,evelio70@example.com.,(809)856-8350x518,42.0,F,Colombia,Bogotá,Inactivo,2024-03-08,1.0,144.17,144.17,0.0,,regex
2998,Germán Naranjo,tania70@example.org,(950)336-9368,19.0,F,Argentina,Mendoza,Activo,2024-04-02,3.0,2079.8,693.2666666666668,0.0,4.5,regex
2999,Sarita Casal,osvaldo49@example.net.,+34 888 606 534,65.0,F,España,Valencia,Activo,2023-06-02,0.0,0.0,,0.0,,regex
3000,Lilia Fajardo,pelayojose-manuel@example.org,577.390.4554x36233,74.0,,España,Sevilla,Suspendido,2025-02-27,2.0,471.59000000000003,235.79500000000002,0.0,,regex
